/*
 * powmod contest test harness.
 *
 * Goal: implement base^exp mod n for moduli up to 4096 bits.
 *
 * Implement the single function declared in powmod.h.
 * This file must not be modified.
 */

#include <stdbool.h>
#include <stdint.h>
#include <string.h>
#include <stdio.h>
#include <stdlib.h>
#include <time.h>

#include <ti/screen.h>
#include <ti/getkey.h>

#include "powmod.h"

#define MAXN 512  /* max modulus bytes (4096 bits) */

typedef struct {
    uint16_t        n_len;
    bool            full_exp; /* true = exp is n_len bytes wide (Form 2 only) */
    uint8_t         base[MAXN];
    uint8_t         exp[MAXN];
    uint8_t         mod[MAXN];
    uint8_t         expected[MAXN];
} powmod_vec_t;

static const powmod_vec_t vectors[] = {

    /* edge: base=0, result must be 0 */
    { .n_len = 32,
      .full_exp = false,
      .base     = {
        0x00, 0x00, 0x00, 0x00, 0x00, 0x00, 0x00, 0x00, 0x00, 0x00, 0x00, 0x00, 0x00, 0x00, 0x00, 0x00,
        0x00, 0x00, 0x00, 0x00, 0x00, 0x00, 0x00, 0x00, 0x00, 0x00, 0x00, 0x00, 0x00, 0x00, 0x00, 0x00,
        0x00, 0x00, 0x00, 0x00, 0x00, 0x00, 0x00, 0x00, 0x00, 0x00, 0x00, 0x00, 0x00, 0x00, 0x00, 0x00,
        0x00, 0x00, 0x00, 0x00, 0x00, 0x00, 0x00, 0x00, 0x00, 0x00, 0x00, 0x00, 0x00, 0x00, 0x00, 0x00,
        0x00, 0x00, 0x00, 0x00, 0x00, 0x00, 0x00, 0x00, 0x00, 0x00, 0x00, 0x00, 0x00, 0x00, 0x00, 0x00,
        0x00, 0x00, 0x00, 0x00, 0x00, 0x00, 0x00, 0x00, 0x00, 0x00, 0x00, 0x00, 0x00, 0x00, 0x00, 0x00,
        0x00, 0x00, 0x00, 0x00, 0x00, 0x00, 0x00, 0x00, 0x00, 0x00, 0x00, 0x00, 0x00, 0x00, 0x00, 0x00,
        0x00, 0x00, 0x00, 0x00, 0x00, 0x00, 0x00, 0x00, 0x00, 0x00, 0x00, 0x00, 0x00, 0x00, 0x00, 0x00,
        0x00, 0x00, 0x00, 0x00, 0x00, 0x00, 0x00, 0x00, 0x00, 0x00, 0x00, 0x00, 0x00, 0x00, 0x00, 0x00,
        0x00, 0x00, 0x00, 0x00, 0x00, 0x00, 0x00, 0x00, 0x00, 0x00, 0x00, 0x00, 0x00, 0x00, 0x00, 0x00,
        0x00, 0x00, 0x00, 0x00, 0x00, 0x00, 0x00, 0x00, 0x00, 0x00, 0x00, 0x00, 0x00, 0x00, 0x00, 0x00,
        0x00, 0x00, 0x00, 0x00, 0x00, 0x00, 0x00, 0x00, 0x00, 0x00, 0x00, 0x00, 0x00, 0x00, 0x00, 0x00,
        0x00, 0x00, 0x00, 0x00, 0x00, 0x00, 0x00, 0x00, 0x00, 0x00, 0x00, 0x00, 0x00, 0x00, 0x00, 0x00,
        0x00, 0x00, 0x00, 0x00, 0x00, 0x00, 0x00, 0x00, 0x00, 0x00, 0x00, 0x00, 0x00, 0x00, 0x00, 0x00,
        0x00, 0x00, 0x00, 0x00, 0x00, 0x00, 0x00, 0x00, 0x00, 0x00, 0x00, 0x00, 0x00, 0x00, 0x00, 0x00,
        0x00, 0x00, 0x00, 0x00, 0x00, 0x00, 0x00, 0x00, 0x00, 0x00, 0x00, 0x00, 0x00, 0x00, 0x00, 0x00,
        0x00, 0x00, 0x00, 0x00, 0x00, 0x00, 0x00, 0x00, 0x00, 0x00, 0x00, 0x00, 0x00, 0x00, 0x00, 0x00,
        0x00, 0x00, 0x00, 0x00, 0x00, 0x00, 0x00, 0x00, 0x00, 0x00, 0x00, 0x00, 0x00, 0x00, 0x00, 0x00,
        0x00, 0x00, 0x00, 0x00, 0x00, 0x00, 0x00, 0x00, 0x00, 0x00, 0x00, 0x00, 0x00, 0x00, 0x00, 0x00,
        0x00, 0x00, 0x00, 0x00, 0x00, 0x00, 0x00, 0x00, 0x00, 0x00, 0x00, 0x00, 0x00, 0x00, 0x00, 0x00,
        0x00, 0x00, 0x00, 0x00, 0x00, 0x00, 0x00, 0x00, 0x00, 0x00, 0x00, 0x00, 0x00, 0x00, 0x00, 0x00,
        0x00, 0x00, 0x00, 0x00, 0x00, 0x00, 0x00, 0x00, 0x00, 0x00, 0x00, 0x00, 0x00, 0x00, 0x00, 0x00,
        0x00, 0x00, 0x00, 0x00, 0x00, 0x00, 0x00, 0x00, 0x00, 0x00, 0x00, 0x00, 0x00, 0x00, 0x00, 0x00,
        0x00, 0x00, 0x00, 0x00, 0x00, 0x00, 0x00, 0x00, 0x00, 0x00, 0x00, 0x00, 0x00, 0x00, 0x00, 0x00,
        0x00, 0x00, 0x00, 0x00, 0x00, 0x00, 0x00, 0x00, 0x00, 0x00, 0x00, 0x00, 0x00, 0x00, 0x00, 0x00,
        0x00, 0x00, 0x00, 0x00, 0x00, 0x00, 0x00, 0x00, 0x00, 0x00, 0x00, 0x00, 0x00, 0x00, 0x00, 0x00,
        0x00, 0x00, 0x00, 0x00, 0x00, 0x00, 0x00, 0x00, 0x00, 0x00, 0x00, 0x00, 0x00, 0x00, 0x00, 0x00,
        0x00, 0x00, 0x00, 0x00, 0x00, 0x00, 0x00, 0x00, 0x00, 0x00, 0x00, 0x00, 0x00, 0x00, 0x00, 0x00,
        0x00, 0x00, 0x00, 0x00, 0x00, 0x00, 0x00, 0x00, 0x00, 0x00, 0x00, 0x00, 0x00, 0x00, 0x00, 0x00,
        0x00, 0x00, 0x00, 0x00, 0x00, 0x00, 0x00, 0x00, 0x00, 0x00, 0x00, 0x00, 0x00, 0x00, 0x00, 0x00,
        0x00, 0x00, 0x00, 0x00, 0x00, 0x00, 0x00, 0x00, 0x00, 0x00, 0x00, 0x00, 0x00, 0x00, 0x00, 0x00,
        0x00, 0x00, 0x00, 0x00, 0x00, 0x00, 0x00, 0x00, 0x00, 0x00, 0x00, 0x00, 0x00, 0x00, 0x00, 0x00 },
      .exp      = {
        0x00, 0x00, 0x00, 0x00, 0x00, 0x00, 0x00, 0x00, 0x00, 0x00, 0x00, 0x00, 0x00, 0x00, 0x00, 0x00,
        0x00, 0x00, 0x00, 0x00, 0x00, 0x00, 0x00, 0x00, 0x00, 0x00, 0x00, 0x00, 0x00, 0x00, 0x00, 0x00,
        0x00, 0x00, 0x00, 0x00, 0x00, 0x00, 0x00, 0x00, 0x00, 0x00, 0x00, 0x00, 0x00, 0x00, 0x00, 0x00,
        0x00, 0x00, 0x00, 0x00, 0x00, 0x00, 0x00, 0x00, 0x00, 0x00, 0x00, 0x00, 0x00, 0x00, 0x00, 0x00,
        0x00, 0x00, 0x00, 0x00, 0x00, 0x00, 0x00, 0x00, 0x00, 0x00, 0x00, 0x00, 0x00, 0x00, 0x00, 0x00,
        0x00, 0x00, 0x00, 0x00, 0x00, 0x00, 0x00, 0x00, 0x00, 0x00, 0x00, 0x00, 0x00, 0x00, 0x00, 0x00,
        0x00, 0x00, 0x00, 0x00, 0x00, 0x00, 0x00, 0x00, 0x00, 0x00, 0x00, 0x00, 0x00, 0x00, 0x00, 0x00,
        0x00, 0x00, 0x00, 0x00, 0x00, 0x00, 0x00, 0x00, 0x00, 0x00, 0x00, 0x00, 0x00, 0x00, 0x00, 0x00,
        0x00, 0x00, 0x00, 0x00, 0x00, 0x00, 0x00, 0x00, 0x00, 0x00, 0x00, 0x00, 0x00, 0x00, 0x00, 0x00,
        0x00, 0x00, 0x00, 0x00, 0x00, 0x00, 0x00, 0x00, 0x00, 0x00, 0x00, 0x00, 0x00, 0x00, 0x00, 0x00,
        0x00, 0x00, 0x00, 0x00, 0x00, 0x00, 0x00, 0x00, 0x00, 0x00, 0x00, 0x00, 0x00, 0x00, 0x00, 0x00,
        0x00, 0x00, 0x00, 0x00, 0x00, 0x00, 0x00, 0x00, 0x00, 0x00, 0x00, 0x00, 0x00, 0x00, 0x00, 0x00,
        0x00, 0x00, 0x00, 0x00, 0x00, 0x00, 0x00, 0x00, 0x00, 0x00, 0x00, 0x00, 0x00, 0x00, 0x00, 0x00,
        0x00, 0x00, 0x00, 0x00, 0x00, 0x00, 0x00, 0x00, 0x00, 0x00, 0x00, 0x00, 0x00, 0x00, 0x00, 0x00,
        0x00, 0x00, 0x00, 0x00, 0x00, 0x00, 0x00, 0x00, 0x00, 0x00, 0x00, 0x00, 0x00, 0x00, 0x00, 0x00,
        0x00, 0x00, 0x00, 0x00, 0x00, 0x00, 0x00, 0x00, 0x00, 0x00, 0x00, 0x00, 0x00, 0x00, 0x00, 0x00,
        0x00, 0x00, 0x00, 0x00, 0x00, 0x00, 0x00, 0x00, 0x00, 0x00, 0x00, 0x00, 0x00, 0x00, 0x00, 0x00,
        0x00, 0x00, 0x00, 0x00, 0x00, 0x00, 0x00, 0x00, 0x00, 0x00, 0x00, 0x00, 0x00, 0x00, 0x00, 0x00,
        0x00, 0x00, 0x00, 0x00, 0x00, 0x00, 0x00, 0x00, 0x00, 0x00, 0x00, 0x00, 0x00, 0x00, 0x00, 0x00,
        0x00, 0x00, 0x00, 0x00, 0x00, 0x00, 0x00, 0x00, 0x00, 0x00, 0x00, 0x00, 0x00, 0x00, 0x00, 0x00,
        0x00, 0x00, 0x00, 0x00, 0x00, 0x00, 0x00, 0x00, 0x00, 0x00, 0x00, 0x00, 0x00, 0x00, 0x00, 0x00,
        0x00, 0x00, 0x00, 0x00, 0x00, 0x00, 0x00, 0x00, 0x00, 0x00, 0x00, 0x00, 0x00, 0x00, 0x00, 0x00,
        0x00, 0x00, 0x00, 0x00, 0x00, 0x00, 0x00, 0x00, 0x00, 0x00, 0x00, 0x00, 0x00, 0x00, 0x00, 0x00,
        0x00, 0x00, 0x00, 0x00, 0x00, 0x00, 0x00, 0x00, 0x00, 0x00, 0x00, 0x00, 0x00, 0x00, 0x00, 0x00,
        0x00, 0x00, 0x00, 0x00, 0x00, 0x00, 0x00, 0x00, 0x00, 0x00, 0x00, 0x00, 0x00, 0x00, 0x00, 0x00,
        0x00, 0x00, 0x00, 0x00, 0x00, 0x00, 0x00, 0x00, 0x00, 0x00, 0x00, 0x00, 0x00, 0x00, 0x00, 0x00,
        0x00, 0x00, 0x00, 0x00, 0x00, 0x00, 0x00, 0x00, 0x00, 0x00, 0x00, 0x00, 0x00, 0x00, 0x00, 0x00,
        0x00, 0x00, 0x00, 0x00, 0x00, 0x00, 0x00, 0x00, 0x00, 0x00, 0x00, 0x00, 0x00, 0x00, 0x00, 0x00,
        0x00, 0x00, 0x00, 0x00, 0x00, 0x00, 0x00, 0x00, 0x00, 0x00, 0x00, 0x00, 0x00, 0x00, 0x00, 0x00,
        0x00, 0x00, 0x00, 0x00, 0x00, 0x00, 0x00, 0x00, 0x00, 0x00, 0x00, 0x00, 0x00, 0x00, 0x00, 0x00,
        0x00, 0x00, 0x00, 0x00, 0x00, 0x00, 0x00, 0x00, 0x00, 0x00, 0x00, 0x00, 0x00, 0x00, 0x00, 0x00,
        0x00, 0x00, 0x00, 0x00, 0x00, 0x00, 0x00, 0x00, 0x00, 0x00, 0x00, 0x00, 0x00, 0x01, 0x00, 0x01 },
      .mod      = {
        0x00, 0x00, 0x00, 0x00, 0x00, 0x00, 0x00, 0x00, 0x00, 0x00, 0x00, 0x00, 0x00, 0x00, 0x00, 0x00,
        0x00, 0x00, 0x00, 0x00, 0x00, 0x00, 0x00, 0x00, 0x00, 0x00, 0x00, 0x00, 0x00, 0x00, 0x00, 0x00,
        0x00, 0x00, 0x00, 0x00, 0x00, 0x00, 0x00, 0x00, 0x00, 0x00, 0x00, 0x00, 0x00, 0x00, 0x00, 0x00,
        0x00, 0x00, 0x00, 0x00, 0x00, 0x00, 0x00, 0x00, 0x00, 0x00, 0x00, 0x00, 0x00, 0x00, 0x00, 0x00,
        0x00, 0x00, 0x00, 0x00, 0x00, 0x00, 0x00, 0x00, 0x00, 0x00, 0x00, 0x00, 0x00, 0x00, 0x00, 0x00,
        0x00, 0x00, 0x00, 0x00, 0x00, 0x00, 0x00, 0x00, 0x00, 0x00, 0x00, 0x00, 0x00, 0x00, 0x00, 0x00,
        0x00, 0x00, 0x00, 0x00, 0x00, 0x00, 0x00, 0x00, 0x00, 0x00, 0x00, 0x00, 0x00, 0x00, 0x00, 0x00,
        0x00, 0x00, 0x00, 0x00, 0x00, 0x00, 0x00, 0x00, 0x00, 0x00, 0x00, 0x00, 0x00, 0x00, 0x00, 0x00,
        0x00, 0x00, 0x00, 0x00, 0x00, 0x00, 0x00, 0x00, 0x00, 0x00, 0x00, 0x00, 0x00, 0x00, 0x00, 0x00,
        0x00, 0x00, 0x00, 0x00, 0x00, 0x00, 0x00, 0x00, 0x00, 0x00, 0x00, 0x00, 0x00, 0x00, 0x00, 0x00,
        0x00, 0x00, 0x00, 0x00, 0x00, 0x00, 0x00, 0x00, 0x00, 0x00, 0x00, 0x00, 0x00, 0x00, 0x00, 0x00,
        0x00, 0x00, 0x00, 0x00, 0x00, 0x00, 0x00, 0x00, 0x00, 0x00, 0x00, 0x00, 0x00, 0x00, 0x00, 0x00,
        0x00, 0x00, 0x00, 0x00, 0x00, 0x00, 0x00, 0x00, 0x00, 0x00, 0x00, 0x00, 0x00, 0x00, 0x00, 0x00,
        0x00, 0x00, 0x00, 0x00, 0x00, 0x00, 0x00, 0x00, 0x00, 0x00, 0x00, 0x00, 0x00, 0x00, 0x00, 0x00,
        0x00, 0x00, 0x00, 0x00, 0x00, 0x00, 0x00, 0x00, 0x00, 0x00, 0x00, 0x00, 0x00, 0x00, 0x00, 0x00,
        0x00, 0x00, 0x00, 0x00, 0x00, 0x00, 0x00, 0x00, 0x00, 0x00, 0x00, 0x00, 0x00, 0x00, 0x00, 0x00,
        0x00, 0x00, 0x00, 0x00, 0x00, 0x00, 0x00, 0x00, 0x00, 0x00, 0x00, 0x00, 0x00, 0x00, 0x00, 0x00,
        0x00, 0x00, 0x00, 0x00, 0x00, 0x00, 0x00, 0x00, 0x00, 0x00, 0x00, 0x00, 0x00, 0x00, 0x00, 0x00,
        0x00, 0x00, 0x00, 0x00, 0x00, 0x00, 0x00, 0x00, 0x00, 0x00, 0x00, 0x00, 0x00, 0x00, 0x00, 0x00,
        0x00, 0x00, 0x00, 0x00, 0x00, 0x00, 0x00, 0x00, 0x00, 0x00, 0x00, 0x00, 0x00, 0x00, 0x00, 0x00,
        0x00, 0x00, 0x00, 0x00, 0x00, 0x00, 0x00, 0x00, 0x00, 0x00, 0x00, 0x00, 0x00, 0x00, 0x00, 0x00,
        0x00, 0x00, 0x00, 0x00, 0x00, 0x00, 0x00, 0x00, 0x00, 0x00, 0x00, 0x00, 0x00, 0x00, 0x00, 0x00,
        0x00, 0x00, 0x00, 0x00, 0x00, 0x00, 0x00, 0x00, 0x00, 0x00, 0x00, 0x00, 0x00, 0x00, 0x00, 0x00,
        0x00, 0x00, 0x00, 0x00, 0x00, 0x00, 0x00, 0x00, 0x00, 0x00, 0x00, 0x00, 0x00, 0x00, 0x00, 0x00,
        0x00, 0x00, 0x00, 0x00, 0x00, 0x00, 0x00, 0x00, 0x00, 0x00, 0x00, 0x00, 0x00, 0x00, 0x00, 0x00,
        0x00, 0x00, 0x00, 0x00, 0x00, 0x00, 0x00, 0x00, 0x00, 0x00, 0x00, 0x00, 0x00, 0x00, 0x00, 0x00,
        0x00, 0x00, 0x00, 0x00, 0x00, 0x00, 0x00, 0x00, 0x00, 0x00, 0x00, 0x00, 0x00, 0x00, 0x00, 0x00,
        0x00, 0x00, 0x00, 0x00, 0x00, 0x00, 0x00, 0x00, 0x00, 0x00, 0x00, 0x00, 0x00, 0x00, 0x00, 0x00,
        0x00, 0x00, 0x00, 0x00, 0x00, 0x00, 0x00, 0x00, 0x00, 0x00, 0x00, 0x00, 0x00, 0x00, 0x00, 0x00,
        0x00, 0x00, 0x00, 0x00, 0x00, 0x00, 0x00, 0x00, 0x00, 0x00, 0x00, 0x00, 0x00, 0x00, 0x00, 0x00,
        0x83, 0x2d, 0x7c, 0x43, 0xc6, 0x40, 0x90, 0x15, 0x38, 0xca, 0xee, 0x02, 0x1f, 0x08, 0x10, 0x51,
        0xe6, 0xee, 0xa6, 0xbf, 0xc9, 0xff, 0x3a, 0x24, 0x18, 0xec, 0x20, 0x00, 0x38, 0xbc, 0x9d, 0x8f },
      .expected = {
        0x00, 0x00, 0x00, 0x00, 0x00, 0x00, 0x00, 0x00, 0x00, 0x00, 0x00, 0x00, 0x00, 0x00, 0x00, 0x00,
        0x00, 0x00, 0x00, 0x00, 0x00, 0x00, 0x00, 0x00, 0x00, 0x00, 0x00, 0x00, 0x00, 0x00, 0x00, 0x00,
        0x00, 0x00, 0x00, 0x00, 0x00, 0x00, 0x00, 0x00, 0x00, 0x00, 0x00, 0x00, 0x00, 0x00, 0x00, 0x00,
        0x00, 0x00, 0x00, 0x00, 0x00, 0x00, 0x00, 0x00, 0x00, 0x00, 0x00, 0x00, 0x00, 0x00, 0x00, 0x00,
        0x00, 0x00, 0x00, 0x00, 0x00, 0x00, 0x00, 0x00, 0x00, 0x00, 0x00, 0x00, 0x00, 0x00, 0x00, 0x00,
        0x00, 0x00, 0x00, 0x00, 0x00, 0x00, 0x00, 0x00, 0x00, 0x00, 0x00, 0x00, 0x00, 0x00, 0x00, 0x00,
        0x00, 0x00, 0x00, 0x00, 0x00, 0x00, 0x00, 0x00, 0x00, 0x00, 0x00, 0x00, 0x00, 0x00, 0x00, 0x00,
        0x00, 0x00, 0x00, 0x00, 0x00, 0x00, 0x00, 0x00, 0x00, 0x00, 0x00, 0x00, 0x00, 0x00, 0x00, 0x00,
        0x00, 0x00, 0x00, 0x00, 0x00, 0x00, 0x00, 0x00, 0x00, 0x00, 0x00, 0x00, 0x00, 0x00, 0x00, 0x00,
        0x00, 0x00, 0x00, 0x00, 0x00, 0x00, 0x00, 0x00, 0x00, 0x00, 0x00, 0x00, 0x00, 0x00, 0x00, 0x00,
        0x00, 0x00, 0x00, 0x00, 0x00, 0x00, 0x00, 0x00, 0x00, 0x00, 0x00, 0x00, 0x00, 0x00, 0x00, 0x00,
        0x00, 0x00, 0x00, 0x00, 0x00, 0x00, 0x00, 0x00, 0x00, 0x00, 0x00, 0x00, 0x00, 0x00, 0x00, 0x00,
        0x00, 0x00, 0x00, 0x00, 0x00, 0x00, 0x00, 0x00, 0x00, 0x00, 0x00, 0x00, 0x00, 0x00, 0x00, 0x00,
        0x00, 0x00, 0x00, 0x00, 0x00, 0x00, 0x00, 0x00, 0x00, 0x00, 0x00, 0x00, 0x00, 0x00, 0x00, 0x00,
        0x00, 0x00, 0x00, 0x00, 0x00, 0x00, 0x00, 0x00, 0x00, 0x00, 0x00, 0x00, 0x00, 0x00, 0x00, 0x00,
        0x00, 0x00, 0x00, 0x00, 0x00, 0x00, 0x00, 0x00, 0x00, 0x00, 0x00, 0x00, 0x00, 0x00, 0x00, 0x00,
        0x00, 0x00, 0x00, 0x00, 0x00, 0x00, 0x00, 0x00, 0x00, 0x00, 0x00, 0x00, 0x00, 0x00, 0x00, 0x00,
        0x00, 0x00, 0x00, 0x00, 0x00, 0x00, 0x00, 0x00, 0x00, 0x00, 0x00, 0x00, 0x00, 0x00, 0x00, 0x00,
        0x00, 0x00, 0x00, 0x00, 0x00, 0x00, 0x00, 0x00, 0x00, 0x00, 0x00, 0x00, 0x00, 0x00, 0x00, 0x00,
        0x00, 0x00, 0x00, 0x00, 0x00, 0x00, 0x00, 0x00, 0x00, 0x00, 0x00, 0x00, 0x00, 0x00, 0x00, 0x00,
        0x00, 0x00, 0x00, 0x00, 0x00, 0x00, 0x00, 0x00, 0x00, 0x00, 0x00, 0x00, 0x00, 0x00, 0x00, 0x00,
        0x00, 0x00, 0x00, 0x00, 0x00, 0x00, 0x00, 0x00, 0x00, 0x00, 0x00, 0x00, 0x00, 0x00, 0x00, 0x00,
        0x00, 0x00, 0x00, 0x00, 0x00, 0x00, 0x00, 0x00, 0x00, 0x00, 0x00, 0x00, 0x00, 0x00, 0x00, 0x00,
        0x00, 0x00, 0x00, 0x00, 0x00, 0x00, 0x00, 0x00, 0x00, 0x00, 0x00, 0x00, 0x00, 0x00, 0x00, 0x00,
        0x00, 0x00, 0x00, 0x00, 0x00, 0x00, 0x00, 0x00, 0x00, 0x00, 0x00, 0x00, 0x00, 0x00, 0x00, 0x00,
        0x00, 0x00, 0x00, 0x00, 0x00, 0x00, 0x00, 0x00, 0x00, 0x00, 0x00, 0x00, 0x00, 0x00, 0x00, 0x00,
        0x00, 0x00, 0x00, 0x00, 0x00, 0x00, 0x00, 0x00, 0x00, 0x00, 0x00, 0x00, 0x00, 0x00, 0x00, 0x00,
        0x00, 0x00, 0x00, 0x00, 0x00, 0x00, 0x00, 0x00, 0x00, 0x00, 0x00, 0x00, 0x00, 0x00, 0x00, 0x00,
        0x00, 0x00, 0x00, 0x00, 0x00, 0x00, 0x00, 0x00, 0x00, 0x00, 0x00, 0x00, 0x00, 0x00, 0x00, 0x00,
        0x00, 0x00, 0x00, 0x00, 0x00, 0x00, 0x00, 0x00, 0x00, 0x00, 0x00, 0x00, 0x00, 0x00, 0x00, 0x00,
        0x00, 0x00, 0x00, 0x00, 0x00, 0x00, 0x00, 0x00, 0x00, 0x00, 0x00, 0x00, 0x00, 0x00, 0x00, 0x00,
        0x00, 0x00, 0x00, 0x00, 0x00, 0x00, 0x00, 0x00, 0x00, 0x00, 0x00, 0x00, 0x00, 0x00, 0x00, 0x00 } },
    /* edge: base=1, result must be 1 */
    { .n_len = 32,
      .full_exp = false,
      .base     = {
        0x00, 0x00, 0x00, 0x00, 0x00, 0x00, 0x00, 0x00, 0x00, 0x00, 0x00, 0x00, 0x00, 0x00, 0x00, 0x00,
        0x00, 0x00, 0x00, 0x00, 0x00, 0x00, 0x00, 0x00, 0x00, 0x00, 0x00, 0x00, 0x00, 0x00, 0x00, 0x00,
        0x00, 0x00, 0x00, 0x00, 0x00, 0x00, 0x00, 0x00, 0x00, 0x00, 0x00, 0x00, 0x00, 0x00, 0x00, 0x00,
        0x00, 0x00, 0x00, 0x00, 0x00, 0x00, 0x00, 0x00, 0x00, 0x00, 0x00, 0x00, 0x00, 0x00, 0x00, 0x00,
        0x00, 0x00, 0x00, 0x00, 0x00, 0x00, 0x00, 0x00, 0x00, 0x00, 0x00, 0x00, 0x00, 0x00, 0x00, 0x00,
        0x00, 0x00, 0x00, 0x00, 0x00, 0x00, 0x00, 0x00, 0x00, 0x00, 0x00, 0x00, 0x00, 0x00, 0x00, 0x00,
        0x00, 0x00, 0x00, 0x00, 0x00, 0x00, 0x00, 0x00, 0x00, 0x00, 0x00, 0x00, 0x00, 0x00, 0x00, 0x00,
        0x00, 0x00, 0x00, 0x00, 0x00, 0x00, 0x00, 0x00, 0x00, 0x00, 0x00, 0x00, 0x00, 0x00, 0x00, 0x00,
        0x00, 0x00, 0x00, 0x00, 0x00, 0x00, 0x00, 0x00, 0x00, 0x00, 0x00, 0x00, 0x00, 0x00, 0x00, 0x00,
        0x00, 0x00, 0x00, 0x00, 0x00, 0x00, 0x00, 0x00, 0x00, 0x00, 0x00, 0x00, 0x00, 0x00, 0x00, 0x00,
        0x00, 0x00, 0x00, 0x00, 0x00, 0x00, 0x00, 0x00, 0x00, 0x00, 0x00, 0x00, 0x00, 0x00, 0x00, 0x00,
        0x00, 0x00, 0x00, 0x00, 0x00, 0x00, 0x00, 0x00, 0x00, 0x00, 0x00, 0x00, 0x00, 0x00, 0x00, 0x00,
        0x00, 0x00, 0x00, 0x00, 0x00, 0x00, 0x00, 0x00, 0x00, 0x00, 0x00, 0x00, 0x00, 0x00, 0x00, 0x00,
        0x00, 0x00, 0x00, 0x00, 0x00, 0x00, 0x00, 0x00, 0x00, 0x00, 0x00, 0x00, 0x00, 0x00, 0x00, 0x00,
        0x00, 0x00, 0x00, 0x00, 0x00, 0x00, 0x00, 0x00, 0x00, 0x00, 0x00, 0x00, 0x00, 0x00, 0x00, 0x00,
        0x00, 0x00, 0x00, 0x00, 0x00, 0x00, 0x00, 0x00, 0x00, 0x00, 0x00, 0x00, 0x00, 0x00, 0x00, 0x00,
        0x00, 0x00, 0x00, 0x00, 0x00, 0x00, 0x00, 0x00, 0x00, 0x00, 0x00, 0x00, 0x00, 0x00, 0x00, 0x00,
        0x00, 0x00, 0x00, 0x00, 0x00, 0x00, 0x00, 0x00, 0x00, 0x00, 0x00, 0x00, 0x00, 0x00, 0x00, 0x00,
        0x00, 0x00, 0x00, 0x00, 0x00, 0x00, 0x00, 0x00, 0x00, 0x00, 0x00, 0x00, 0x00, 0x00, 0x00, 0x00,
        0x00, 0x00, 0x00, 0x00, 0x00, 0x00, 0x00, 0x00, 0x00, 0x00, 0x00, 0x00, 0x00, 0x00, 0x00, 0x00,
        0x00, 0x00, 0x00, 0x00, 0x00, 0x00, 0x00, 0x00, 0x00, 0x00, 0x00, 0x00, 0x00, 0x00, 0x00, 0x00,
        0x00, 0x00, 0x00, 0x00, 0x00, 0x00, 0x00, 0x00, 0x00, 0x00, 0x00, 0x00, 0x00, 0x00, 0x00, 0x00,
        0x00, 0x00, 0x00, 0x00, 0x00, 0x00, 0x00, 0x00, 0x00, 0x00, 0x00, 0x00, 0x00, 0x00, 0x00, 0x00,
        0x00, 0x00, 0x00, 0x00, 0x00, 0x00, 0x00, 0x00, 0x00, 0x00, 0x00, 0x00, 0x00, 0x00, 0x00, 0x00,
        0x00, 0x00, 0x00, 0x00, 0x00, 0x00, 0x00, 0x00, 0x00, 0x00, 0x00, 0x00, 0x00, 0x00, 0x00, 0x00,
        0x00, 0x00, 0x00, 0x00, 0x00, 0x00, 0x00, 0x00, 0x00, 0x00, 0x00, 0x00, 0x00, 0x00, 0x00, 0x00,
        0x00, 0x00, 0x00, 0x00, 0x00, 0x00, 0x00, 0x00, 0x00, 0x00, 0x00, 0x00, 0x00, 0x00, 0x00, 0x00,
        0x00, 0x00, 0x00, 0x00, 0x00, 0x00, 0x00, 0x00, 0x00, 0x00, 0x00, 0x00, 0x00, 0x00, 0x00, 0x00,
        0x00, 0x00, 0x00, 0x00, 0x00, 0x00, 0x00, 0x00, 0x00, 0x00, 0x00, 0x00, 0x00, 0x00, 0x00, 0x00,
        0x00, 0x00, 0x00, 0x00, 0x00, 0x00, 0x00, 0x00, 0x00, 0x00, 0x00, 0x00, 0x00, 0x00, 0x00, 0x00,
        0x00, 0x00, 0x00, 0x00, 0x00, 0x00, 0x00, 0x00, 0x00, 0x00, 0x00, 0x00, 0x00, 0x00, 0x00, 0x00,
        0x00, 0x00, 0x00, 0x00, 0x00, 0x00, 0x00, 0x00, 0x00, 0x00, 0x00, 0x00, 0x00, 0x00, 0x00, 0x01 },
      .exp      = {
        0x00, 0x00, 0x00, 0x00, 0x00, 0x00, 0x00, 0x00, 0x00, 0x00, 0x00, 0x00, 0x00, 0x00, 0x00, 0x00,
        0x00, 0x00, 0x00, 0x00, 0x00, 0x00, 0x00, 0x00, 0x00, 0x00, 0x00, 0x00, 0x00, 0x00, 0x00, 0x00,
        0x00, 0x00, 0x00, 0x00, 0x00, 0x00, 0x00, 0x00, 0x00, 0x00, 0x00, 0x00, 0x00, 0x00, 0x00, 0x00,
        0x00, 0x00, 0x00, 0x00, 0x00, 0x00, 0x00, 0x00, 0x00, 0x00, 0x00, 0x00, 0x00, 0x00, 0x00, 0x00,
        0x00, 0x00, 0x00, 0x00, 0x00, 0x00, 0x00, 0x00, 0x00, 0x00, 0x00, 0x00, 0x00, 0x00, 0x00, 0x00,
        0x00, 0x00, 0x00, 0x00, 0x00, 0x00, 0x00, 0x00, 0x00, 0x00, 0x00, 0x00, 0x00, 0x00, 0x00, 0x00,
        0x00, 0x00, 0x00, 0x00, 0x00, 0x00, 0x00, 0x00, 0x00, 0x00, 0x00, 0x00, 0x00, 0x00, 0x00, 0x00,
        0x00, 0x00, 0x00, 0x00, 0x00, 0x00, 0x00, 0x00, 0x00, 0x00, 0x00, 0x00, 0x00, 0x00, 0x00, 0x00,
        0x00, 0x00, 0x00, 0x00, 0x00, 0x00, 0x00, 0x00, 0x00, 0x00, 0x00, 0x00, 0x00, 0x00, 0x00, 0x00,
        0x00, 0x00, 0x00, 0x00, 0x00, 0x00, 0x00, 0x00, 0x00, 0x00, 0x00, 0x00, 0x00, 0x00, 0x00, 0x00,
        0x00, 0x00, 0x00, 0x00, 0x00, 0x00, 0x00, 0x00, 0x00, 0x00, 0x00, 0x00, 0x00, 0x00, 0x00, 0x00,
        0x00, 0x00, 0x00, 0x00, 0x00, 0x00, 0x00, 0x00, 0x00, 0x00, 0x00, 0x00, 0x00, 0x00, 0x00, 0x00,
        0x00, 0x00, 0x00, 0x00, 0x00, 0x00, 0x00, 0x00, 0x00, 0x00, 0x00, 0x00, 0x00, 0x00, 0x00, 0x00,
        0x00, 0x00, 0x00, 0x00, 0x00, 0x00, 0x00, 0x00, 0x00, 0x00, 0x00, 0x00, 0x00, 0x00, 0x00, 0x00,
        0x00, 0x00, 0x00, 0x00, 0x00, 0x00, 0x00, 0x00, 0x00, 0x00, 0x00, 0x00, 0x00, 0x00, 0x00, 0x00,
        0x00, 0x00, 0x00, 0x00, 0x00, 0x00, 0x00, 0x00, 0x00, 0x00, 0x00, 0x00, 0x00, 0x00, 0x00, 0x00,
        0x00, 0x00, 0x00, 0x00, 0x00, 0x00, 0x00, 0x00, 0x00, 0x00, 0x00, 0x00, 0x00, 0x00, 0x00, 0x00,
        0x00, 0x00, 0x00, 0x00, 0x00, 0x00, 0x00, 0x00, 0x00, 0x00, 0x00, 0x00, 0x00, 0x00, 0x00, 0x00,
        0x00, 0x00, 0x00, 0x00, 0x00, 0x00, 0x00, 0x00, 0x00, 0x00, 0x00, 0x00, 0x00, 0x00, 0x00, 0x00,
        0x00, 0x00, 0x00, 0x00, 0x00, 0x00, 0x00, 0x00, 0x00, 0x00, 0x00, 0x00, 0x00, 0x00, 0x00, 0x00,
        0x00, 0x00, 0x00, 0x00, 0x00, 0x00, 0x00, 0x00, 0x00, 0x00, 0x00, 0x00, 0x00, 0x00, 0x00, 0x00,
        0x00, 0x00, 0x00, 0x00, 0x00, 0x00, 0x00, 0x00, 0x00, 0x00, 0x00, 0x00, 0x00, 0x00, 0x00, 0x00,
        0x00, 0x00, 0x00, 0x00, 0x00, 0x00, 0x00, 0x00, 0x00, 0x00, 0x00, 0x00, 0x00, 0x00, 0x00, 0x00,
        0x00, 0x00, 0x00, 0x00, 0x00, 0x00, 0x00, 0x00, 0x00, 0x00, 0x00, 0x00, 0x00, 0x00, 0x00, 0x00,
        0x00, 0x00, 0x00, 0x00, 0x00, 0x00, 0x00, 0x00, 0x00, 0x00, 0x00, 0x00, 0x00, 0x00, 0x00, 0x00,
        0x00, 0x00, 0x00, 0x00, 0x00, 0x00, 0x00, 0x00, 0x00, 0x00, 0x00, 0x00, 0x00, 0x00, 0x00, 0x00,
        0x00, 0x00, 0x00, 0x00, 0x00, 0x00, 0x00, 0x00, 0x00, 0x00, 0x00, 0x00, 0x00, 0x00, 0x00, 0x00,
        0x00, 0x00, 0x00, 0x00, 0x00, 0x00, 0x00, 0x00, 0x00, 0x00, 0x00, 0x00, 0x00, 0x00, 0x00, 0x00,
        0x00, 0x00, 0x00, 0x00, 0x00, 0x00, 0x00, 0x00, 0x00, 0x00, 0x00, 0x00, 0x00, 0x00, 0x00, 0x00,
        0x00, 0x00, 0x00, 0x00, 0x00, 0x00, 0x00, 0x00, 0x00, 0x00, 0x00, 0x00, 0x00, 0x00, 0x00, 0x00,
        0x00, 0x00, 0x00, 0x00, 0x00, 0x00, 0x00, 0x00, 0x00, 0x00, 0x00, 0x00, 0x00, 0x00, 0x00, 0x00,
        0x00, 0x00, 0x00, 0x00, 0x00, 0x00, 0x00, 0x00, 0x00, 0x00, 0x00, 0x00, 0x00, 0x01, 0x00, 0x01 },
      .mod      = {
        0x00, 0x00, 0x00, 0x00, 0x00, 0x00, 0x00, 0x00, 0x00, 0x00, 0x00, 0x00, 0x00, 0x00, 0x00, 0x00,
        0x00, 0x00, 0x00, 0x00, 0x00, 0x00, 0x00, 0x00, 0x00, 0x00, 0x00, 0x00, 0x00, 0x00, 0x00, 0x00,
        0x00, 0x00, 0x00, 0x00, 0x00, 0x00, 0x00, 0x00, 0x00, 0x00, 0x00, 0x00, 0x00, 0x00, 0x00, 0x00,
        0x00, 0x00, 0x00, 0x00, 0x00, 0x00, 0x00, 0x00, 0x00, 0x00, 0x00, 0x00, 0x00, 0x00, 0x00, 0x00,
        0x00, 0x00, 0x00, 0x00, 0x00, 0x00, 0x00, 0x00, 0x00, 0x00, 0x00, 0x00, 0x00, 0x00, 0x00, 0x00,
        0x00, 0x00, 0x00, 0x00, 0x00, 0x00, 0x00, 0x00, 0x00, 0x00, 0x00, 0x00, 0x00, 0x00, 0x00, 0x00,
        0x00, 0x00, 0x00, 0x00, 0x00, 0x00, 0x00, 0x00, 0x00, 0x00, 0x00, 0x00, 0x00, 0x00, 0x00, 0x00,
        0x00, 0x00, 0x00, 0x00, 0x00, 0x00, 0x00, 0x00, 0x00, 0x00, 0x00, 0x00, 0x00, 0x00, 0x00, 0x00,
        0x00, 0x00, 0x00, 0x00, 0x00, 0x00, 0x00, 0x00, 0x00, 0x00, 0x00, 0x00, 0x00, 0x00, 0x00, 0x00,
        0x00, 0x00, 0x00, 0x00, 0x00, 0x00, 0x00, 0x00, 0x00, 0x00, 0x00, 0x00, 0x00, 0x00, 0x00, 0x00,
        0x00, 0x00, 0x00, 0x00, 0x00, 0x00, 0x00, 0x00, 0x00, 0x00, 0x00, 0x00, 0x00, 0x00, 0x00, 0x00,
        0x00, 0x00, 0x00, 0x00, 0x00, 0x00, 0x00, 0x00, 0x00, 0x00, 0x00, 0x00, 0x00, 0x00, 0x00, 0x00,
        0x00, 0x00, 0x00, 0x00, 0x00, 0x00, 0x00, 0x00, 0x00, 0x00, 0x00, 0x00, 0x00, 0x00, 0x00, 0x00,
        0x00, 0x00, 0x00, 0x00, 0x00, 0x00, 0x00, 0x00, 0x00, 0x00, 0x00, 0x00, 0x00, 0x00, 0x00, 0x00,
        0x00, 0x00, 0x00, 0x00, 0x00, 0x00, 0x00, 0x00, 0x00, 0x00, 0x00, 0x00, 0x00, 0x00, 0x00, 0x00,
        0x00, 0x00, 0x00, 0x00, 0x00, 0x00, 0x00, 0x00, 0x00, 0x00, 0x00, 0x00, 0x00, 0x00, 0x00, 0x00,
        0x00, 0x00, 0x00, 0x00, 0x00, 0x00, 0x00, 0x00, 0x00, 0x00, 0x00, 0x00, 0x00, 0x00, 0x00, 0x00,
        0x00, 0x00, 0x00, 0x00, 0x00, 0x00, 0x00, 0x00, 0x00, 0x00, 0x00, 0x00, 0x00, 0x00, 0x00, 0x00,
        0x00, 0x00, 0x00, 0x00, 0x00, 0x00, 0x00, 0x00, 0x00, 0x00, 0x00, 0x00, 0x00, 0x00, 0x00, 0x00,
        0x00, 0x00, 0x00, 0x00, 0x00, 0x00, 0x00, 0x00, 0x00, 0x00, 0x00, 0x00, 0x00, 0x00, 0x00, 0x00,
        0x00, 0x00, 0x00, 0x00, 0x00, 0x00, 0x00, 0x00, 0x00, 0x00, 0x00, 0x00, 0x00, 0x00, 0x00, 0x00,
        0x00, 0x00, 0x00, 0x00, 0x00, 0x00, 0x00, 0x00, 0x00, 0x00, 0x00, 0x00, 0x00, 0x00, 0x00, 0x00,
        0x00, 0x00, 0x00, 0x00, 0x00, 0x00, 0x00, 0x00, 0x00, 0x00, 0x00, 0x00, 0x00, 0x00, 0x00, 0x00,
        0x00, 0x00, 0x00, 0x00, 0x00, 0x00, 0x00, 0x00, 0x00, 0x00, 0x00, 0x00, 0x00, 0x00, 0x00, 0x00,
        0x00, 0x00, 0x00, 0x00, 0x00, 0x00, 0x00, 0x00, 0x00, 0x00, 0x00, 0x00, 0x00, 0x00, 0x00, 0x00,
        0x00, 0x00, 0x00, 0x00, 0x00, 0x00, 0x00, 0x00, 0x00, 0x00, 0x00, 0x00, 0x00, 0x00, 0x00, 0x00,
        0x00, 0x00, 0x00, 0x00, 0x00, 0x00, 0x00, 0x00, 0x00, 0x00, 0x00, 0x00, 0x00, 0x00, 0x00, 0x00,
        0x00, 0x00, 0x00, 0x00, 0x00, 0x00, 0x00, 0x00, 0x00, 0x00, 0x00, 0x00, 0x00, 0x00, 0x00, 0x00,
        0x00, 0x00, 0x00, 0x00, 0x00, 0x00, 0x00, 0x00, 0x00, 0x00, 0x00, 0x00, 0x00, 0x00, 0x00, 0x00,
        0x00, 0x00, 0x00, 0x00, 0x00, 0x00, 0x00, 0x00, 0x00, 0x00, 0x00, 0x00, 0x00, 0x00, 0x00, 0x00,
        0x83, 0x2d, 0x7c, 0x43, 0xc6, 0x40, 0x90, 0x15, 0x38, 0xca, 0xee, 0x02, 0x1f, 0x08, 0x10, 0x51,
        0xe6, 0xee, 0xa6, 0xbf, 0xc9, 0xff, 0x3a, 0x24, 0x18, 0xec, 0x20, 0x00, 0x38, 0xbc, 0x9d, 0x8f },
      .expected = {
        0x00, 0x00, 0x00, 0x00, 0x00, 0x00, 0x00, 0x00, 0x00, 0x00, 0x00, 0x00, 0x00, 0x00, 0x00, 0x00,
        0x00, 0x00, 0x00, 0x00, 0x00, 0x00, 0x00, 0x00, 0x00, 0x00, 0x00, 0x00, 0x00, 0x00, 0x00, 0x00,
        0x00, 0x00, 0x00, 0x00, 0x00, 0x00, 0x00, 0x00, 0x00, 0x00, 0x00, 0x00, 0x00, 0x00, 0x00, 0x00,
        0x00, 0x00, 0x00, 0x00, 0x00, 0x00, 0x00, 0x00, 0x00, 0x00, 0x00, 0x00, 0x00, 0x00, 0x00, 0x00,
        0x00, 0x00, 0x00, 0x00, 0x00, 0x00, 0x00, 0x00, 0x00, 0x00, 0x00, 0x00, 0x00, 0x00, 0x00, 0x00,
        0x00, 0x00, 0x00, 0x00, 0x00, 0x00, 0x00, 0x00, 0x00, 0x00, 0x00, 0x00, 0x00, 0x00, 0x00, 0x00,
        0x00, 0x00, 0x00, 0x00, 0x00, 0x00, 0x00, 0x00, 0x00, 0x00, 0x00, 0x00, 0x00, 0x00, 0x00, 0x00,
        0x00, 0x00, 0x00, 0x00, 0x00, 0x00, 0x00, 0x00, 0x00, 0x00, 0x00, 0x00, 0x00, 0x00, 0x00, 0x00,
        0x00, 0x00, 0x00, 0x00, 0x00, 0x00, 0x00, 0x00, 0x00, 0x00, 0x00, 0x00, 0x00, 0x00, 0x00, 0x00,
        0x00, 0x00, 0x00, 0x00, 0x00, 0x00, 0x00, 0x00, 0x00, 0x00, 0x00, 0x00, 0x00, 0x00, 0x00, 0x00,
        0x00, 0x00, 0x00, 0x00, 0x00, 0x00, 0x00, 0x00, 0x00, 0x00, 0x00, 0x00, 0x00, 0x00, 0x00, 0x00,
        0x00, 0x00, 0x00, 0x00, 0x00, 0x00, 0x00, 0x00, 0x00, 0x00, 0x00, 0x00, 0x00, 0x00, 0x00, 0x00,
        0x00, 0x00, 0x00, 0x00, 0x00, 0x00, 0x00, 0x00, 0x00, 0x00, 0x00, 0x00, 0x00, 0x00, 0x00, 0x00,
        0x00, 0x00, 0x00, 0x00, 0x00, 0x00, 0x00, 0x00, 0x00, 0x00, 0x00, 0x00, 0x00, 0x00, 0x00, 0x00,
        0x00, 0x00, 0x00, 0x00, 0x00, 0x00, 0x00, 0x00, 0x00, 0x00, 0x00, 0x00, 0x00, 0x00, 0x00, 0x00,
        0x00, 0x00, 0x00, 0x00, 0x00, 0x00, 0x00, 0x00, 0x00, 0x00, 0x00, 0x00, 0x00, 0x00, 0x00, 0x00,
        0x00, 0x00, 0x00, 0x00, 0x00, 0x00, 0x00, 0x00, 0x00, 0x00, 0x00, 0x00, 0x00, 0x00, 0x00, 0x00,
        0x00, 0x00, 0x00, 0x00, 0x00, 0x00, 0x00, 0x00, 0x00, 0x00, 0x00, 0x00, 0x00, 0x00, 0x00, 0x00,
        0x00, 0x00, 0x00, 0x00, 0x00, 0x00, 0x00, 0x00, 0x00, 0x00, 0x00, 0x00, 0x00, 0x00, 0x00, 0x00,
        0x00, 0x00, 0x00, 0x00, 0x00, 0x00, 0x00, 0x00, 0x00, 0x00, 0x00, 0x00, 0x00, 0x00, 0x00, 0x00,
        0x00, 0x00, 0x00, 0x00, 0x00, 0x00, 0x00, 0x00, 0x00, 0x00, 0x00, 0x00, 0x00, 0x00, 0x00, 0x00,
        0x00, 0x00, 0x00, 0x00, 0x00, 0x00, 0x00, 0x00, 0x00, 0x00, 0x00, 0x00, 0x00, 0x00, 0x00, 0x00,
        0x00, 0x00, 0x00, 0x00, 0x00, 0x00, 0x00, 0x00, 0x00, 0x00, 0x00, 0x00, 0x00, 0x00, 0x00, 0x00,
        0x00, 0x00, 0x00, 0x00, 0x00, 0x00, 0x00, 0x00, 0x00, 0x00, 0x00, 0x00, 0x00, 0x00, 0x00, 0x00,
        0x00, 0x00, 0x00, 0x00, 0x00, 0x00, 0x00, 0x00, 0x00, 0x00, 0x00, 0x00, 0x00, 0x00, 0x00, 0x00,
        0x00, 0x00, 0x00, 0x00, 0x00, 0x00, 0x00, 0x00, 0x00, 0x00, 0x00, 0x00, 0x00, 0x00, 0x00, 0x00,
        0x00, 0x00, 0x00, 0x00, 0x00, 0x00, 0x00, 0x00, 0x00, 0x00, 0x00, 0x00, 0x00, 0x00, 0x00, 0x00,
        0x00, 0x00, 0x00, 0x00, 0x00, 0x00, 0x00, 0x00, 0x00, 0x00, 0x00, 0x00, 0x00, 0x00, 0x00, 0x00,
        0x00, 0x00, 0x00, 0x00, 0x00, 0x00, 0x00, 0x00, 0x00, 0x00, 0x00, 0x00, 0x00, 0x00, 0x00, 0x00,
        0x00, 0x00, 0x00, 0x00, 0x00, 0x00, 0x00, 0x00, 0x00, 0x00, 0x00, 0x00, 0x00, 0x00, 0x00, 0x00,
        0x00, 0x00, 0x00, 0x00, 0x00, 0x00, 0x00, 0x00, 0x00, 0x00, 0x00, 0x00, 0x00, 0x00, 0x00, 0x00,
        0x00, 0x00, 0x00, 0x00, 0x00, 0x00, 0x00, 0x00, 0x00, 0x00, 0x00, 0x00, 0x00, 0x00, 0x00, 0x01 } },
    /* edge: exp=1, result == base */
    { .n_len = 32,
      .full_exp = false,
      .base     = {
        0x00, 0x00, 0x00, 0x00, 0x00, 0x00, 0x00, 0x00, 0x00, 0x00, 0x00, 0x00, 0x00, 0x00, 0x00, 0x00,
        0x00, 0x00, 0x00, 0x00, 0x00, 0x00, 0x00, 0x00, 0x00, 0x00, 0x00, 0x00, 0x00, 0x00, 0x00, 0x00,
        0x00, 0x00, 0x00, 0x00, 0x00, 0x00, 0x00, 0x00, 0x00, 0x00, 0x00, 0x00, 0x00, 0x00, 0x00, 0x00,
        0x00, 0x00, 0x00, 0x00, 0x00, 0x00, 0x00, 0x00, 0x00, 0x00, 0x00, 0x00, 0x00, 0x00, 0x00, 0x00,
        0x00, 0x00, 0x00, 0x00, 0x00, 0x00, 0x00, 0x00, 0x00, 0x00, 0x00, 0x00, 0x00, 0x00, 0x00, 0x00,
        0x00, 0x00, 0x00, 0x00, 0x00, 0x00, 0x00, 0x00, 0x00, 0x00, 0x00, 0x00, 0x00, 0x00, 0x00, 0x00,
        0x00, 0x00, 0x00, 0x00, 0x00, 0x00, 0x00, 0x00, 0x00, 0x00, 0x00, 0x00, 0x00, 0x00, 0x00, 0x00,
        0x00, 0x00, 0x00, 0x00, 0x00, 0x00, 0x00, 0x00, 0x00, 0x00, 0x00, 0x00, 0x00, 0x00, 0x00, 0x00,
        0x00, 0x00, 0x00, 0x00, 0x00, 0x00, 0x00, 0x00, 0x00, 0x00, 0x00, 0x00, 0x00, 0x00, 0x00, 0x00,
        0x00, 0x00, 0x00, 0x00, 0x00, 0x00, 0x00, 0x00, 0x00, 0x00, 0x00, 0x00, 0x00, 0x00, 0x00, 0x00,
        0x00, 0x00, 0x00, 0x00, 0x00, 0x00, 0x00, 0x00, 0x00, 0x00, 0x00, 0x00, 0x00, 0x00, 0x00, 0x00,
        0x00, 0x00, 0x00, 0x00, 0x00, 0x00, 0x00, 0x00, 0x00, 0x00, 0x00, 0x00, 0x00, 0x00, 0x00, 0x00,
        0x00, 0x00, 0x00, 0x00, 0x00, 0x00, 0x00, 0x00, 0x00, 0x00, 0x00, 0x00, 0x00, 0x00, 0x00, 0x00,
        0x00, 0x00, 0x00, 0x00, 0x00, 0x00, 0x00, 0x00, 0x00, 0x00, 0x00, 0x00, 0x00, 0x00, 0x00, 0x00,
        0x00, 0x00, 0x00, 0x00, 0x00, 0x00, 0x00, 0x00, 0x00, 0x00, 0x00, 0x00, 0x00, 0x00, 0x00, 0x00,
        0x00, 0x00, 0x00, 0x00, 0x00, 0x00, 0x00, 0x00, 0x00, 0x00, 0x00, 0x00, 0x00, 0x00, 0x00, 0x00,
        0x00, 0x00, 0x00, 0x00, 0x00, 0x00, 0x00, 0x00, 0x00, 0x00, 0x00, 0x00, 0x00, 0x00, 0x00, 0x00,
        0x00, 0x00, 0x00, 0x00, 0x00, 0x00, 0x00, 0x00, 0x00, 0x00, 0x00, 0x00, 0x00, 0x00, 0x00, 0x00,
        0x00, 0x00, 0x00, 0x00, 0x00, 0x00, 0x00, 0x00, 0x00, 0x00, 0x00, 0x00, 0x00, 0x00, 0x00, 0x00,
        0x00, 0x00, 0x00, 0x00, 0x00, 0x00, 0x00, 0x00, 0x00, 0x00, 0x00, 0x00, 0x00, 0x00, 0x00, 0x00,
        0x00, 0x00, 0x00, 0x00, 0x00, 0x00, 0x00, 0x00, 0x00, 0x00, 0x00, 0x00, 0x00, 0x00, 0x00, 0x00,
        0x00, 0x00, 0x00, 0x00, 0x00, 0x00, 0x00, 0x00, 0x00, 0x00, 0x00, 0x00, 0x00, 0x00, 0x00, 0x00,
        0x00, 0x00, 0x00, 0x00, 0x00, 0x00, 0x00, 0x00, 0x00, 0x00, 0x00, 0x00, 0x00, 0x00, 0x00, 0x00,
        0x00, 0x00, 0x00, 0x00, 0x00, 0x00, 0x00, 0x00, 0x00, 0x00, 0x00, 0x00, 0x00, 0x00, 0x00, 0x00,
        0x00, 0x00, 0x00, 0x00, 0x00, 0x00, 0x00, 0x00, 0x00, 0x00, 0x00, 0x00, 0x00, 0x00, 0x00, 0x00,
        0x00, 0x00, 0x00, 0x00, 0x00, 0x00, 0x00, 0x00, 0x00, 0x00, 0x00, 0x00, 0x00, 0x00, 0x00, 0x00,
        0x00, 0x00, 0x00, 0x00, 0x00, 0x00, 0x00, 0x00, 0x00, 0x00, 0x00, 0x00, 0x00, 0x00, 0x00, 0x00,
        0x00, 0x00, 0x00, 0x00, 0x00, 0x00, 0x00, 0x00, 0x00, 0x00, 0x00, 0x00, 0x00, 0x00, 0x00, 0x00,
        0x00, 0x00, 0x00, 0x00, 0x00, 0x00, 0x00, 0x00, 0x00, 0x00, 0x00, 0x00, 0x00, 0x00, 0x00, 0x00,
        0x00, 0x00, 0x00, 0x00, 0x00, 0x00, 0x00, 0x00, 0x00, 0x00, 0x00, 0x00, 0x00, 0x00, 0x00, 0x00,
        0x58, 0xe4, 0xa4, 0x4a, 0x80, 0x6e, 0x9a, 0x63, 0x34, 0x96, 0xae, 0x35, 0x2c, 0x2e, 0xa0, 0x74,
        0x59, 0x64, 0x2d, 0xb3, 0x73, 0x44, 0x87, 0x37, 0x2a, 0x01, 0x68, 0xb7, 0x97, 0xe2, 0x24, 0xc6 },
      .exp      = {
        0x00, 0x00, 0x00, 0x00, 0x00, 0x00, 0x00, 0x00, 0x00, 0x00, 0x00, 0x00, 0x00, 0x00, 0x00, 0x00,
        0x00, 0x00, 0x00, 0x00, 0x00, 0x00, 0x00, 0x00, 0x00, 0x00, 0x00, 0x00, 0x00, 0x00, 0x00, 0x00,
        0x00, 0x00, 0x00, 0x00, 0x00, 0x00, 0x00, 0x00, 0x00, 0x00, 0x00, 0x00, 0x00, 0x00, 0x00, 0x00,
        0x00, 0x00, 0x00, 0x00, 0x00, 0x00, 0x00, 0x00, 0x00, 0x00, 0x00, 0x00, 0x00, 0x00, 0x00, 0x00,
        0x00, 0x00, 0x00, 0x00, 0x00, 0x00, 0x00, 0x00, 0x00, 0x00, 0x00, 0x00, 0x00, 0x00, 0x00, 0x00,
        0x00, 0x00, 0x00, 0x00, 0x00, 0x00, 0x00, 0x00, 0x00, 0x00, 0x00, 0x00, 0x00, 0x00, 0x00, 0x00,
        0x00, 0x00, 0x00, 0x00, 0x00, 0x00, 0x00, 0x00, 0x00, 0x00, 0x00, 0x00, 0x00, 0x00, 0x00, 0x00,
        0x00, 0x00, 0x00, 0x00, 0x00, 0x00, 0x00, 0x00, 0x00, 0x00, 0x00, 0x00, 0x00, 0x00, 0x00, 0x00,
        0x00, 0x00, 0x00, 0x00, 0x00, 0x00, 0x00, 0x00, 0x00, 0x00, 0x00, 0x00, 0x00, 0x00, 0x00, 0x00,
        0x00, 0x00, 0x00, 0x00, 0x00, 0x00, 0x00, 0x00, 0x00, 0x00, 0x00, 0x00, 0x00, 0x00, 0x00, 0x00,
        0x00, 0x00, 0x00, 0x00, 0x00, 0x00, 0x00, 0x00, 0x00, 0x00, 0x00, 0x00, 0x00, 0x00, 0x00, 0x00,
        0x00, 0x00, 0x00, 0x00, 0x00, 0x00, 0x00, 0x00, 0x00, 0x00, 0x00, 0x00, 0x00, 0x00, 0x00, 0x00,
        0x00, 0x00, 0x00, 0x00, 0x00, 0x00, 0x00, 0x00, 0x00, 0x00, 0x00, 0x00, 0x00, 0x00, 0x00, 0x00,
        0x00, 0x00, 0x00, 0x00, 0x00, 0x00, 0x00, 0x00, 0x00, 0x00, 0x00, 0x00, 0x00, 0x00, 0x00, 0x00,
        0x00, 0x00, 0x00, 0x00, 0x00, 0x00, 0x00, 0x00, 0x00, 0x00, 0x00, 0x00, 0x00, 0x00, 0x00, 0x00,
        0x00, 0x00, 0x00, 0x00, 0x00, 0x00, 0x00, 0x00, 0x00, 0x00, 0x00, 0x00, 0x00, 0x00, 0x00, 0x00,
        0x00, 0x00, 0x00, 0x00, 0x00, 0x00, 0x00, 0x00, 0x00, 0x00, 0x00, 0x00, 0x00, 0x00, 0x00, 0x00,
        0x00, 0x00, 0x00, 0x00, 0x00, 0x00, 0x00, 0x00, 0x00, 0x00, 0x00, 0x00, 0x00, 0x00, 0x00, 0x00,
        0x00, 0x00, 0x00, 0x00, 0x00, 0x00, 0x00, 0x00, 0x00, 0x00, 0x00, 0x00, 0x00, 0x00, 0x00, 0x00,
        0x00, 0x00, 0x00, 0x00, 0x00, 0x00, 0x00, 0x00, 0x00, 0x00, 0x00, 0x00, 0x00, 0x00, 0x00, 0x00,
        0x00, 0x00, 0x00, 0x00, 0x00, 0x00, 0x00, 0x00, 0x00, 0x00, 0x00, 0x00, 0x00, 0x00, 0x00, 0x00,
        0x00, 0x00, 0x00, 0x00, 0x00, 0x00, 0x00, 0x00, 0x00, 0x00, 0x00, 0x00, 0x00, 0x00, 0x00, 0x00,
        0x00, 0x00, 0x00, 0x00, 0x00, 0x00, 0x00, 0x00, 0x00, 0x00, 0x00, 0x00, 0x00, 0x00, 0x00, 0x00,
        0x00, 0x00, 0x00, 0x00, 0x00, 0x00, 0x00, 0x00, 0x00, 0x00, 0x00, 0x00, 0x00, 0x00, 0x00, 0x00,
        0x00, 0x00, 0x00, 0x00, 0x00, 0x00, 0x00, 0x00, 0x00, 0x00, 0x00, 0x00, 0x00, 0x00, 0x00, 0x00,
        0x00, 0x00, 0x00, 0x00, 0x00, 0x00, 0x00, 0x00, 0x00, 0x00, 0x00, 0x00, 0x00, 0x00, 0x00, 0x00,
        0x00, 0x00, 0x00, 0x00, 0x00, 0x00, 0x00, 0x00, 0x00, 0x00, 0x00, 0x00, 0x00, 0x00, 0x00, 0x00,
        0x00, 0x00, 0x00, 0x00, 0x00, 0x00, 0x00, 0x00, 0x00, 0x00, 0x00, 0x00, 0x00, 0x00, 0x00, 0x00,
        0x00, 0x00, 0x00, 0x00, 0x00, 0x00, 0x00, 0x00, 0x00, 0x00, 0x00, 0x00, 0x00, 0x00, 0x00, 0x00,
        0x00, 0x00, 0x00, 0x00, 0x00, 0x00, 0x00, 0x00, 0x00, 0x00, 0x00, 0x00, 0x00, 0x00, 0x00, 0x00,
        0x00, 0x00, 0x00, 0x00, 0x00, 0x00, 0x00, 0x00, 0x00, 0x00, 0x00, 0x00, 0x00, 0x00, 0x00, 0x00,
        0x00, 0x00, 0x00, 0x00, 0x00, 0x00, 0x00, 0x00, 0x00, 0x00, 0x00, 0x00, 0x00, 0x00, 0x00, 0x01 },
      .mod      = {
        0x00, 0x00, 0x00, 0x00, 0x00, 0x00, 0x00, 0x00, 0x00, 0x00, 0x00, 0x00, 0x00, 0x00, 0x00, 0x00,
        0x00, 0x00, 0x00, 0x00, 0x00, 0x00, 0x00, 0x00, 0x00, 0x00, 0x00, 0x00, 0x00, 0x00, 0x00, 0x00,
        0x00, 0x00, 0x00, 0x00, 0x00, 0x00, 0x00, 0x00, 0x00, 0x00, 0x00, 0x00, 0x00, 0x00, 0x00, 0x00,
        0x00, 0x00, 0x00, 0x00, 0x00, 0x00, 0x00, 0x00, 0x00, 0x00, 0x00, 0x00, 0x00, 0x00, 0x00, 0x00,
        0x00, 0x00, 0x00, 0x00, 0x00, 0x00, 0x00, 0x00, 0x00, 0x00, 0x00, 0x00, 0x00, 0x00, 0x00, 0x00,
        0x00, 0x00, 0x00, 0x00, 0x00, 0x00, 0x00, 0x00, 0x00, 0x00, 0x00, 0x00, 0x00, 0x00, 0x00, 0x00,
        0x00, 0x00, 0x00, 0x00, 0x00, 0x00, 0x00, 0x00, 0x00, 0x00, 0x00, 0x00, 0x00, 0x00, 0x00, 0x00,
        0x00, 0x00, 0x00, 0x00, 0x00, 0x00, 0x00, 0x00, 0x00, 0x00, 0x00, 0x00, 0x00, 0x00, 0x00, 0x00,
        0x00, 0x00, 0x00, 0x00, 0x00, 0x00, 0x00, 0x00, 0x00, 0x00, 0x00, 0x00, 0x00, 0x00, 0x00, 0x00,
        0x00, 0x00, 0x00, 0x00, 0x00, 0x00, 0x00, 0x00, 0x00, 0x00, 0x00, 0x00, 0x00, 0x00, 0x00, 0x00,
        0x00, 0x00, 0x00, 0x00, 0x00, 0x00, 0x00, 0x00, 0x00, 0x00, 0x00, 0x00, 0x00, 0x00, 0x00, 0x00,
        0x00, 0x00, 0x00, 0x00, 0x00, 0x00, 0x00, 0x00, 0x00, 0x00, 0x00, 0x00, 0x00, 0x00, 0x00, 0x00,
        0x00, 0x00, 0x00, 0x00, 0x00, 0x00, 0x00, 0x00, 0x00, 0x00, 0x00, 0x00, 0x00, 0x00, 0x00, 0x00,
        0x00, 0x00, 0x00, 0x00, 0x00, 0x00, 0x00, 0x00, 0x00, 0x00, 0x00, 0x00, 0x00, 0x00, 0x00, 0x00,
        0x00, 0x00, 0x00, 0x00, 0x00, 0x00, 0x00, 0x00, 0x00, 0x00, 0x00, 0x00, 0x00, 0x00, 0x00, 0x00,
        0x00, 0x00, 0x00, 0x00, 0x00, 0x00, 0x00, 0x00, 0x00, 0x00, 0x00, 0x00, 0x00, 0x00, 0x00, 0x00,
        0x00, 0x00, 0x00, 0x00, 0x00, 0x00, 0x00, 0x00, 0x00, 0x00, 0x00, 0x00, 0x00, 0x00, 0x00, 0x00,
        0x00, 0x00, 0x00, 0x00, 0x00, 0x00, 0x00, 0x00, 0x00, 0x00, 0x00, 0x00, 0x00, 0x00, 0x00, 0x00,
        0x00, 0x00, 0x00, 0x00, 0x00, 0x00, 0x00, 0x00, 0x00, 0x00, 0x00, 0x00, 0x00, 0x00, 0x00, 0x00,
        0x00, 0x00, 0x00, 0x00, 0x00, 0x00, 0x00, 0x00, 0x00, 0x00, 0x00, 0x00, 0x00, 0x00, 0x00, 0x00,
        0x00, 0x00, 0x00, 0x00, 0x00, 0x00, 0x00, 0x00, 0x00, 0x00, 0x00, 0x00, 0x00, 0x00, 0x00, 0x00,
        0x00, 0x00, 0x00, 0x00, 0x00, 0x00, 0x00, 0x00, 0x00, 0x00, 0x00, 0x00, 0x00, 0x00, 0x00, 0x00,
        0x00, 0x00, 0x00, 0x00, 0x00, 0x00, 0x00, 0x00, 0x00, 0x00, 0x00, 0x00, 0x00, 0x00, 0x00, 0x00,
        0x00, 0x00, 0x00, 0x00, 0x00, 0x00, 0x00, 0x00, 0x00, 0x00, 0x00, 0x00, 0x00, 0x00, 0x00, 0x00,
        0x00, 0x00, 0x00, 0x00, 0x00, 0x00, 0x00, 0x00, 0x00, 0x00, 0x00, 0x00, 0x00, 0x00, 0x00, 0x00,
        0x00, 0x00, 0x00, 0x00, 0x00, 0x00, 0x00, 0x00, 0x00, 0x00, 0x00, 0x00, 0x00, 0x00, 0x00, 0x00,
        0x00, 0x00, 0x00, 0x00, 0x00, 0x00, 0x00, 0x00, 0x00, 0x00, 0x00, 0x00, 0x00, 0x00, 0x00, 0x00,
        0x00, 0x00, 0x00, 0x00, 0x00, 0x00, 0x00, 0x00, 0x00, 0x00, 0x00, 0x00, 0x00, 0x00, 0x00, 0x00,
        0x00, 0x00, 0x00, 0x00, 0x00, 0x00, 0x00, 0x00, 0x00, 0x00, 0x00, 0x00, 0x00, 0x00, 0x00, 0x00,
        0x00, 0x00, 0x00, 0x00, 0x00, 0x00, 0x00, 0x00, 0x00, 0x00, 0x00, 0x00, 0x00, 0x00, 0x00, 0x00,
        0x83, 0x2d, 0x7c, 0x43, 0xc6, 0x40, 0x90, 0x15, 0x38, 0xca, 0xee, 0x02, 0x1f, 0x08, 0x10, 0x51,
        0xe6, 0xee, 0xa6, 0xbf, 0xc9, 0xff, 0x3a, 0x24, 0x18, 0xec, 0x20, 0x00, 0x38, 0xbc, 0x9d, 0x8f },
      .expected = {
        0x00, 0x00, 0x00, 0x00, 0x00, 0x00, 0x00, 0x00, 0x00, 0x00, 0x00, 0x00, 0x00, 0x00, 0x00, 0x00,
        0x00, 0x00, 0x00, 0x00, 0x00, 0x00, 0x00, 0x00, 0x00, 0x00, 0x00, 0x00, 0x00, 0x00, 0x00, 0x00,
        0x00, 0x00, 0x00, 0x00, 0x00, 0x00, 0x00, 0x00, 0x00, 0x00, 0x00, 0x00, 0x00, 0x00, 0x00, 0x00,
        0x00, 0x00, 0x00, 0x00, 0x00, 0x00, 0x00, 0x00, 0x00, 0x00, 0x00, 0x00, 0x00, 0x00, 0x00, 0x00,
        0x00, 0x00, 0x00, 0x00, 0x00, 0x00, 0x00, 0x00, 0x00, 0x00, 0x00, 0x00, 0x00, 0x00, 0x00, 0x00,
        0x00, 0x00, 0x00, 0x00, 0x00, 0x00, 0x00, 0x00, 0x00, 0x00, 0x00, 0x00, 0x00, 0x00, 0x00, 0x00,
        0x00, 0x00, 0x00, 0x00, 0x00, 0x00, 0x00, 0x00, 0x00, 0x00, 0x00, 0x00, 0x00, 0x00, 0x00, 0x00,
        0x00, 0x00, 0x00, 0x00, 0x00, 0x00, 0x00, 0x00, 0x00, 0x00, 0x00, 0x00, 0x00, 0x00, 0x00, 0x00,
        0x00, 0x00, 0x00, 0x00, 0x00, 0x00, 0x00, 0x00, 0x00, 0x00, 0x00, 0x00, 0x00, 0x00, 0x00, 0x00,
        0x00, 0x00, 0x00, 0x00, 0x00, 0x00, 0x00, 0x00, 0x00, 0x00, 0x00, 0x00, 0x00, 0x00, 0x00, 0x00,
        0x00, 0x00, 0x00, 0x00, 0x00, 0x00, 0x00, 0x00, 0x00, 0x00, 0x00, 0x00, 0x00, 0x00, 0x00, 0x00,
        0x00, 0x00, 0x00, 0x00, 0x00, 0x00, 0x00, 0x00, 0x00, 0x00, 0x00, 0x00, 0x00, 0x00, 0x00, 0x00,
        0x00, 0x00, 0x00, 0x00, 0x00, 0x00, 0x00, 0x00, 0x00, 0x00, 0x00, 0x00, 0x00, 0x00, 0x00, 0x00,
        0x00, 0x00, 0x00, 0x00, 0x00, 0x00, 0x00, 0x00, 0x00, 0x00, 0x00, 0x00, 0x00, 0x00, 0x00, 0x00,
        0x00, 0x00, 0x00, 0x00, 0x00, 0x00, 0x00, 0x00, 0x00, 0x00, 0x00, 0x00, 0x00, 0x00, 0x00, 0x00,
        0x00, 0x00, 0x00, 0x00, 0x00, 0x00, 0x00, 0x00, 0x00, 0x00, 0x00, 0x00, 0x00, 0x00, 0x00, 0x00,
        0x00, 0x00, 0x00, 0x00, 0x00, 0x00, 0x00, 0x00, 0x00, 0x00, 0x00, 0x00, 0x00, 0x00, 0x00, 0x00,
        0x00, 0x00, 0x00, 0x00, 0x00, 0x00, 0x00, 0x00, 0x00, 0x00, 0x00, 0x00, 0x00, 0x00, 0x00, 0x00,
        0x00, 0x00, 0x00, 0x00, 0x00, 0x00, 0x00, 0x00, 0x00, 0x00, 0x00, 0x00, 0x00, 0x00, 0x00, 0x00,
        0x00, 0x00, 0x00, 0x00, 0x00, 0x00, 0x00, 0x00, 0x00, 0x00, 0x00, 0x00, 0x00, 0x00, 0x00, 0x00,
        0x00, 0x00, 0x00, 0x00, 0x00, 0x00, 0x00, 0x00, 0x00, 0x00, 0x00, 0x00, 0x00, 0x00, 0x00, 0x00,
        0x00, 0x00, 0x00, 0x00, 0x00, 0x00, 0x00, 0x00, 0x00, 0x00, 0x00, 0x00, 0x00, 0x00, 0x00, 0x00,
        0x00, 0x00, 0x00, 0x00, 0x00, 0x00, 0x00, 0x00, 0x00, 0x00, 0x00, 0x00, 0x00, 0x00, 0x00, 0x00,
        0x00, 0x00, 0x00, 0x00, 0x00, 0x00, 0x00, 0x00, 0x00, 0x00, 0x00, 0x00, 0x00, 0x00, 0x00, 0x00,
        0x00, 0x00, 0x00, 0x00, 0x00, 0x00, 0x00, 0x00, 0x00, 0x00, 0x00, 0x00, 0x00, 0x00, 0x00, 0x00,
        0x00, 0x00, 0x00, 0x00, 0x00, 0x00, 0x00, 0x00, 0x00, 0x00, 0x00, 0x00, 0x00, 0x00, 0x00, 0x00,
        0x00, 0x00, 0x00, 0x00, 0x00, 0x00, 0x00, 0x00, 0x00, 0x00, 0x00, 0x00, 0x00, 0x00, 0x00, 0x00,
        0x00, 0x00, 0x00, 0x00, 0x00, 0x00, 0x00, 0x00, 0x00, 0x00, 0x00, 0x00, 0x00, 0x00, 0x00, 0x00,
        0x00, 0x00, 0x00, 0x00, 0x00, 0x00, 0x00, 0x00, 0x00, 0x00, 0x00, 0x00, 0x00, 0x00, 0x00, 0x00,
        0x00, 0x00, 0x00, 0x00, 0x00, 0x00, 0x00, 0x00, 0x00, 0x00, 0x00, 0x00, 0x00, 0x00, 0x00, 0x00,
        0x58, 0xe4, 0xa4, 0x4a, 0x80, 0x6e, 0x9a, 0x63, 0x34, 0x96, 0xae, 0x35, 0x2c, 0x2e, 0xa0, 0x74,
        0x59, 0x64, 0x2d, 0xb3, 0x73, 0x44, 0x87, 0x37, 0x2a, 0x01, 0x68, 0xb7, 0x97, 0xe2, 0x24, 0xc6 } },
    /* edge: base=n-1 (max base) */
    { .n_len = 32,
      .full_exp = false,
      .base     = {
        0x00, 0x00, 0x00, 0x00, 0x00, 0x00, 0x00, 0x00, 0x00, 0x00, 0x00, 0x00, 0x00, 0x00, 0x00, 0x00,
        0x00, 0x00, 0x00, 0x00, 0x00, 0x00, 0x00, 0x00, 0x00, 0x00, 0x00, 0x00, 0x00, 0x00, 0x00, 0x00,
        0x00, 0x00, 0x00, 0x00, 0x00, 0x00, 0x00, 0x00, 0x00, 0x00, 0x00, 0x00, 0x00, 0x00, 0x00, 0x00,
        0x00, 0x00, 0x00, 0x00, 0x00, 0x00, 0x00, 0x00, 0x00, 0x00, 0x00, 0x00, 0x00, 0x00, 0x00, 0x00,
        0x00, 0x00, 0x00, 0x00, 0x00, 0x00, 0x00, 0x00, 0x00, 0x00, 0x00, 0x00, 0x00, 0x00, 0x00, 0x00,
        0x00, 0x00, 0x00, 0x00, 0x00, 0x00, 0x00, 0x00, 0x00, 0x00, 0x00, 0x00, 0x00, 0x00, 0x00, 0x00,
        0x00, 0x00, 0x00, 0x00, 0x00, 0x00, 0x00, 0x00, 0x00, 0x00, 0x00, 0x00, 0x00, 0x00, 0x00, 0x00,
        0x00, 0x00, 0x00, 0x00, 0x00, 0x00, 0x00, 0x00, 0x00, 0x00, 0x00, 0x00, 0x00, 0x00, 0x00, 0x00,
        0x00, 0x00, 0x00, 0x00, 0x00, 0x00, 0x00, 0x00, 0x00, 0x00, 0x00, 0x00, 0x00, 0x00, 0x00, 0x00,
        0x00, 0x00, 0x00, 0x00, 0x00, 0x00, 0x00, 0x00, 0x00, 0x00, 0x00, 0x00, 0x00, 0x00, 0x00, 0x00,
        0x00, 0x00, 0x00, 0x00, 0x00, 0x00, 0x00, 0x00, 0x00, 0x00, 0x00, 0x00, 0x00, 0x00, 0x00, 0x00,
        0x00, 0x00, 0x00, 0x00, 0x00, 0x00, 0x00, 0x00, 0x00, 0x00, 0x00, 0x00, 0x00, 0x00, 0x00, 0x00,
        0x00, 0x00, 0x00, 0x00, 0x00, 0x00, 0x00, 0x00, 0x00, 0x00, 0x00, 0x00, 0x00, 0x00, 0x00, 0x00,
        0x00, 0x00, 0x00, 0x00, 0x00, 0x00, 0x00, 0x00, 0x00, 0x00, 0x00, 0x00, 0x00, 0x00, 0x00, 0x00,
        0x00, 0x00, 0x00, 0x00, 0x00, 0x00, 0x00, 0x00, 0x00, 0x00, 0x00, 0x00, 0x00, 0x00, 0x00, 0x00,
        0x00, 0x00, 0x00, 0x00, 0x00, 0x00, 0x00, 0x00, 0x00, 0x00, 0x00, 0x00, 0x00, 0x00, 0x00, 0x00,
        0x00, 0x00, 0x00, 0x00, 0x00, 0x00, 0x00, 0x00, 0x00, 0x00, 0x00, 0x00, 0x00, 0x00, 0x00, 0x00,
        0x00, 0x00, 0x00, 0x00, 0x00, 0x00, 0x00, 0x00, 0x00, 0x00, 0x00, 0x00, 0x00, 0x00, 0x00, 0x00,
        0x00, 0x00, 0x00, 0x00, 0x00, 0x00, 0x00, 0x00, 0x00, 0x00, 0x00, 0x00, 0x00, 0x00, 0x00, 0x00,
        0x00, 0x00, 0x00, 0x00, 0x00, 0x00, 0x00, 0x00, 0x00, 0x00, 0x00, 0x00, 0x00, 0x00, 0x00, 0x00,
        0x00, 0x00, 0x00, 0x00, 0x00, 0x00, 0x00, 0x00, 0x00, 0x00, 0x00, 0x00, 0x00, 0x00, 0x00, 0x00,
        0x00, 0x00, 0x00, 0x00, 0x00, 0x00, 0x00, 0x00, 0x00, 0x00, 0x00, 0x00, 0x00, 0x00, 0x00, 0x00,
        0x00, 0x00, 0x00, 0x00, 0x00, 0x00, 0x00, 0x00, 0x00, 0x00, 0x00, 0x00, 0x00, 0x00, 0x00, 0x00,
        0x00, 0x00, 0x00, 0x00, 0x00, 0x00, 0x00, 0x00, 0x00, 0x00, 0x00, 0x00, 0x00, 0x00, 0x00, 0x00,
        0x00, 0x00, 0x00, 0x00, 0x00, 0x00, 0x00, 0x00, 0x00, 0x00, 0x00, 0x00, 0x00, 0x00, 0x00, 0x00,
        0x00, 0x00, 0x00, 0x00, 0x00, 0x00, 0x00, 0x00, 0x00, 0x00, 0x00, 0x00, 0x00, 0x00, 0x00, 0x00,
        0x00, 0x00, 0x00, 0x00, 0x00, 0x00, 0x00, 0x00, 0x00, 0x00, 0x00, 0x00, 0x00, 0x00, 0x00, 0x00,
        0x00, 0x00, 0x00, 0x00, 0x00, 0x00, 0x00, 0x00, 0x00, 0x00, 0x00, 0x00, 0x00, 0x00, 0x00, 0x00,
        0x00, 0x00, 0x00, 0x00, 0x00, 0x00, 0x00, 0x00, 0x00, 0x00, 0x00, 0x00, 0x00, 0x00, 0x00, 0x00,
        0x00, 0x00, 0x00, 0x00, 0x00, 0x00, 0x00, 0x00, 0x00, 0x00, 0x00, 0x00, 0x00, 0x00, 0x00, 0x00,
        0x83, 0x2d, 0x7c, 0x43, 0xc6, 0x40, 0x90, 0x15, 0x38, 0xca, 0xee, 0x02, 0x1f, 0x08, 0x10, 0x51,
        0xe6, 0xee, 0xa6, 0xbf, 0xc9, 0xff, 0x3a, 0x24, 0x18, 0xec, 0x20, 0x00, 0x38, 0xbc, 0x9d, 0x8e },
      .exp      = {
        0x00, 0x00, 0x00, 0x00, 0x00, 0x00, 0x00, 0x00, 0x00, 0x00, 0x00, 0x00, 0x00, 0x00, 0x00, 0x00,
        0x00, 0x00, 0x00, 0x00, 0x00, 0x00, 0x00, 0x00, 0x00, 0x00, 0x00, 0x00, 0x00, 0x00, 0x00, 0x00,
        0x00, 0x00, 0x00, 0x00, 0x00, 0x00, 0x00, 0x00, 0x00, 0x00, 0x00, 0x00, 0x00, 0x00, 0x00, 0x00,
        0x00, 0x00, 0x00, 0x00, 0x00, 0x00, 0x00, 0x00, 0x00, 0x00, 0x00, 0x00, 0x00, 0x00, 0x00, 0x00,
        0x00, 0x00, 0x00, 0x00, 0x00, 0x00, 0x00, 0x00, 0x00, 0x00, 0x00, 0x00, 0x00, 0x00, 0x00, 0x00,
        0x00, 0x00, 0x00, 0x00, 0x00, 0x00, 0x00, 0x00, 0x00, 0x00, 0x00, 0x00, 0x00, 0x00, 0x00, 0x00,
        0x00, 0x00, 0x00, 0x00, 0x00, 0x00, 0x00, 0x00, 0x00, 0x00, 0x00, 0x00, 0x00, 0x00, 0x00, 0x00,
        0x00, 0x00, 0x00, 0x00, 0x00, 0x00, 0x00, 0x00, 0x00, 0x00, 0x00, 0x00, 0x00, 0x00, 0x00, 0x00,
        0x00, 0x00, 0x00, 0x00, 0x00, 0x00, 0x00, 0x00, 0x00, 0x00, 0x00, 0x00, 0x00, 0x00, 0x00, 0x00,
        0x00, 0x00, 0x00, 0x00, 0x00, 0x00, 0x00, 0x00, 0x00, 0x00, 0x00, 0x00, 0x00, 0x00, 0x00, 0x00,
        0x00, 0x00, 0x00, 0x00, 0x00, 0x00, 0x00, 0x00, 0x00, 0x00, 0x00, 0x00, 0x00, 0x00, 0x00, 0x00,
        0x00, 0x00, 0x00, 0x00, 0x00, 0x00, 0x00, 0x00, 0x00, 0x00, 0x00, 0x00, 0x00, 0x00, 0x00, 0x00,
        0x00, 0x00, 0x00, 0x00, 0x00, 0x00, 0x00, 0x00, 0x00, 0x00, 0x00, 0x00, 0x00, 0x00, 0x00, 0x00,
        0x00, 0x00, 0x00, 0x00, 0x00, 0x00, 0x00, 0x00, 0x00, 0x00, 0x00, 0x00, 0x00, 0x00, 0x00, 0x00,
        0x00, 0x00, 0x00, 0x00, 0x00, 0x00, 0x00, 0x00, 0x00, 0x00, 0x00, 0x00, 0x00, 0x00, 0x00, 0x00,
        0x00, 0x00, 0x00, 0x00, 0x00, 0x00, 0x00, 0x00, 0x00, 0x00, 0x00, 0x00, 0x00, 0x00, 0x00, 0x00,
        0x00, 0x00, 0x00, 0x00, 0x00, 0x00, 0x00, 0x00, 0x00, 0x00, 0x00, 0x00, 0x00, 0x00, 0x00, 0x00,
        0x00, 0x00, 0x00, 0x00, 0x00, 0x00, 0x00, 0x00, 0x00, 0x00, 0x00, 0x00, 0x00, 0x00, 0x00, 0x00,
        0x00, 0x00, 0x00, 0x00, 0x00, 0x00, 0x00, 0x00, 0x00, 0x00, 0x00, 0x00, 0x00, 0x00, 0x00, 0x00,
        0x00, 0x00, 0x00, 0x00, 0x00, 0x00, 0x00, 0x00, 0x00, 0x00, 0x00, 0x00, 0x00, 0x00, 0x00, 0x00,
        0x00, 0x00, 0x00, 0x00, 0x00, 0x00, 0x00, 0x00, 0x00, 0x00, 0x00, 0x00, 0x00, 0x00, 0x00, 0x00,
        0x00, 0x00, 0x00, 0x00, 0x00, 0x00, 0x00, 0x00, 0x00, 0x00, 0x00, 0x00, 0x00, 0x00, 0x00, 0x00,
        0x00, 0x00, 0x00, 0x00, 0x00, 0x00, 0x00, 0x00, 0x00, 0x00, 0x00, 0x00, 0x00, 0x00, 0x00, 0x00,
        0x00, 0x00, 0x00, 0x00, 0x00, 0x00, 0x00, 0x00, 0x00, 0x00, 0x00, 0x00, 0x00, 0x00, 0x00, 0x00,
        0x00, 0x00, 0x00, 0x00, 0x00, 0x00, 0x00, 0x00, 0x00, 0x00, 0x00, 0x00, 0x00, 0x00, 0x00, 0x00,
        0x00, 0x00, 0x00, 0x00, 0x00, 0x00, 0x00, 0x00, 0x00, 0x00, 0x00, 0x00, 0x00, 0x00, 0x00, 0x00,
        0x00, 0x00, 0x00, 0x00, 0x00, 0x00, 0x00, 0x00, 0x00, 0x00, 0x00, 0x00, 0x00, 0x00, 0x00, 0x00,
        0x00, 0x00, 0x00, 0x00, 0x00, 0x00, 0x00, 0x00, 0x00, 0x00, 0x00, 0x00, 0x00, 0x00, 0x00, 0x00,
        0x00, 0x00, 0x00, 0x00, 0x00, 0x00, 0x00, 0x00, 0x00, 0x00, 0x00, 0x00, 0x00, 0x00, 0x00, 0x00,
        0x00, 0x00, 0x00, 0x00, 0x00, 0x00, 0x00, 0x00, 0x00, 0x00, 0x00, 0x00, 0x00, 0x00, 0x00, 0x00,
        0x00, 0x00, 0x00, 0x00, 0x00, 0x00, 0x00, 0x00, 0x00, 0x00, 0x00, 0x00, 0x00, 0x00, 0x00, 0x00,
        0x00, 0x00, 0x00, 0x00, 0x00, 0x00, 0x00, 0x00, 0x00, 0x00, 0x00, 0x00, 0x00, 0x01, 0x00, 0x01 },
      .mod      = {
        0x00, 0x00, 0x00, 0x00, 0x00, 0x00, 0x00, 0x00, 0x00, 0x00, 0x00, 0x00, 0x00, 0x00, 0x00, 0x00,
        0x00, 0x00, 0x00, 0x00, 0x00, 0x00, 0x00, 0x00, 0x00, 0x00, 0x00, 0x00, 0x00, 0x00, 0x00, 0x00,
        0x00, 0x00, 0x00, 0x00, 0x00, 0x00, 0x00, 0x00, 0x00, 0x00, 0x00, 0x00, 0x00, 0x00, 0x00, 0x00,
        0x00, 0x00, 0x00, 0x00, 0x00, 0x00, 0x00, 0x00, 0x00, 0x00, 0x00, 0x00, 0x00, 0x00, 0x00, 0x00,
        0x00, 0x00, 0x00, 0x00, 0x00, 0x00, 0x00, 0x00, 0x00, 0x00, 0x00, 0x00, 0x00, 0x00, 0x00, 0x00,
        0x00, 0x00, 0x00, 0x00, 0x00, 0x00, 0x00, 0x00, 0x00, 0x00, 0x00, 0x00, 0x00, 0x00, 0x00, 0x00,
        0x00, 0x00, 0x00, 0x00, 0x00, 0x00, 0x00, 0x00, 0x00, 0x00, 0x00, 0x00, 0x00, 0x00, 0x00, 0x00,
        0x00, 0x00, 0x00, 0x00, 0x00, 0x00, 0x00, 0x00, 0x00, 0x00, 0x00, 0x00, 0x00, 0x00, 0x00, 0x00,
        0x00, 0x00, 0x00, 0x00, 0x00, 0x00, 0x00, 0x00, 0x00, 0x00, 0x00, 0x00, 0x00, 0x00, 0x00, 0x00,
        0x00, 0x00, 0x00, 0x00, 0x00, 0x00, 0x00, 0x00, 0x00, 0x00, 0x00, 0x00, 0x00, 0x00, 0x00, 0x00,
        0x00, 0x00, 0x00, 0x00, 0x00, 0x00, 0x00, 0x00, 0x00, 0x00, 0x00, 0x00, 0x00, 0x00, 0x00, 0x00,
        0x00, 0x00, 0x00, 0x00, 0x00, 0x00, 0x00, 0x00, 0x00, 0x00, 0x00, 0x00, 0x00, 0x00, 0x00, 0x00,
        0x00, 0x00, 0x00, 0x00, 0x00, 0x00, 0x00, 0x00, 0x00, 0x00, 0x00, 0x00, 0x00, 0x00, 0x00, 0x00,
        0x00, 0x00, 0x00, 0x00, 0x00, 0x00, 0x00, 0x00, 0x00, 0x00, 0x00, 0x00, 0x00, 0x00, 0x00, 0x00,
        0x00, 0x00, 0x00, 0x00, 0x00, 0x00, 0x00, 0x00, 0x00, 0x00, 0x00, 0x00, 0x00, 0x00, 0x00, 0x00,
        0x00, 0x00, 0x00, 0x00, 0x00, 0x00, 0x00, 0x00, 0x00, 0x00, 0x00, 0x00, 0x00, 0x00, 0x00, 0x00,
        0x00, 0x00, 0x00, 0x00, 0x00, 0x00, 0x00, 0x00, 0x00, 0x00, 0x00, 0x00, 0x00, 0x00, 0x00, 0x00,
        0x00, 0x00, 0x00, 0x00, 0x00, 0x00, 0x00, 0x00, 0x00, 0x00, 0x00, 0x00, 0x00, 0x00, 0x00, 0x00,
        0x00, 0x00, 0x00, 0x00, 0x00, 0x00, 0x00, 0x00, 0x00, 0x00, 0x00, 0x00, 0x00, 0x00, 0x00, 0x00,
        0x00, 0x00, 0x00, 0x00, 0x00, 0x00, 0x00, 0x00, 0x00, 0x00, 0x00, 0x00, 0x00, 0x00, 0x00, 0x00,
        0x00, 0x00, 0x00, 0x00, 0x00, 0x00, 0x00, 0x00, 0x00, 0x00, 0x00, 0x00, 0x00, 0x00, 0x00, 0x00,
        0x00, 0x00, 0x00, 0x00, 0x00, 0x00, 0x00, 0x00, 0x00, 0x00, 0x00, 0x00, 0x00, 0x00, 0x00, 0x00,
        0x00, 0x00, 0x00, 0x00, 0x00, 0x00, 0x00, 0x00, 0x00, 0x00, 0x00, 0x00, 0x00, 0x00, 0x00, 0x00,
        0x00, 0x00, 0x00, 0x00, 0x00, 0x00, 0x00, 0x00, 0x00, 0x00, 0x00, 0x00, 0x00, 0x00, 0x00, 0x00,
        0x00, 0x00, 0x00, 0x00, 0x00, 0x00, 0x00, 0x00, 0x00, 0x00, 0x00, 0x00, 0x00, 0x00, 0x00, 0x00,
        0x00, 0x00, 0x00, 0x00, 0x00, 0x00, 0x00, 0x00, 0x00, 0x00, 0x00, 0x00, 0x00, 0x00, 0x00, 0x00,
        0x00, 0x00, 0x00, 0x00, 0x00, 0x00, 0x00, 0x00, 0x00, 0x00, 0x00, 0x00, 0x00, 0x00, 0x00, 0x00,
        0x00, 0x00, 0x00, 0x00, 0x00, 0x00, 0x00, 0x00, 0x00, 0x00, 0x00, 0x00, 0x00, 0x00, 0x00, 0x00,
        0x00, 0x00, 0x00, 0x00, 0x00, 0x00, 0x00, 0x00, 0x00, 0x00, 0x00, 0x00, 0x00, 0x00, 0x00, 0x00,
        0x00, 0x00, 0x00, 0x00, 0x00, 0x00, 0x00, 0x00, 0x00, 0x00, 0x00, 0x00, 0x00, 0x00, 0x00, 0x00,
        0x83, 0x2d, 0x7c, 0x43, 0xc6, 0x40, 0x90, 0x15, 0x38, 0xca, 0xee, 0x02, 0x1f, 0x08, 0x10, 0x51,
        0xe6, 0xee, 0xa6, 0xbf, 0xc9, 0xff, 0x3a, 0x24, 0x18, 0xec, 0x20, 0x00, 0x38, 0xbc, 0x9d, 0x8f },
      .expected = {
        0x00, 0x00, 0x00, 0x00, 0x00, 0x00, 0x00, 0x00, 0x00, 0x00, 0x00, 0x00, 0x00, 0x00, 0x00, 0x00,
        0x00, 0x00, 0x00, 0x00, 0x00, 0x00, 0x00, 0x00, 0x00, 0x00, 0x00, 0x00, 0x00, 0x00, 0x00, 0x00,
        0x00, 0x00, 0x00, 0x00, 0x00, 0x00, 0x00, 0x00, 0x00, 0x00, 0x00, 0x00, 0x00, 0x00, 0x00, 0x00,
        0x00, 0x00, 0x00, 0x00, 0x00, 0x00, 0x00, 0x00, 0x00, 0x00, 0x00, 0x00, 0x00, 0x00, 0x00, 0x00,
        0x00, 0x00, 0x00, 0x00, 0x00, 0x00, 0x00, 0x00, 0x00, 0x00, 0x00, 0x00, 0x00, 0x00, 0x00, 0x00,
        0x00, 0x00, 0x00, 0x00, 0x00, 0x00, 0x00, 0x00, 0x00, 0x00, 0x00, 0x00, 0x00, 0x00, 0x00, 0x00,
        0x00, 0x00, 0x00, 0x00, 0x00, 0x00, 0x00, 0x00, 0x00, 0x00, 0x00, 0x00, 0x00, 0x00, 0x00, 0x00,
        0x00, 0x00, 0x00, 0x00, 0x00, 0x00, 0x00, 0x00, 0x00, 0x00, 0x00, 0x00, 0x00, 0x00, 0x00, 0x00,
        0x00, 0x00, 0x00, 0x00, 0x00, 0x00, 0x00, 0x00, 0x00, 0x00, 0x00, 0x00, 0x00, 0x00, 0x00, 0x00,
        0x00, 0x00, 0x00, 0x00, 0x00, 0x00, 0x00, 0x00, 0x00, 0x00, 0x00, 0x00, 0x00, 0x00, 0x00, 0x00,
        0x00, 0x00, 0x00, 0x00, 0x00, 0x00, 0x00, 0x00, 0x00, 0x00, 0x00, 0x00, 0x00, 0x00, 0x00, 0x00,
        0x00, 0x00, 0x00, 0x00, 0x00, 0x00, 0x00, 0x00, 0x00, 0x00, 0x00, 0x00, 0x00, 0x00, 0x00, 0x00,
        0x00, 0x00, 0x00, 0x00, 0x00, 0x00, 0x00, 0x00, 0x00, 0x00, 0x00, 0x00, 0x00, 0x00, 0x00, 0x00,
        0x00, 0x00, 0x00, 0x00, 0x00, 0x00, 0x00, 0x00, 0x00, 0x00, 0x00, 0x00, 0x00, 0x00, 0x00, 0x00,
        0x00, 0x00, 0x00, 0x00, 0x00, 0x00, 0x00, 0x00, 0x00, 0x00, 0x00, 0x00, 0x00, 0x00, 0x00, 0x00,
        0x00, 0x00, 0x00, 0x00, 0x00, 0x00, 0x00, 0x00, 0x00, 0x00, 0x00, 0x00, 0x00, 0x00, 0x00, 0x00,
        0x00, 0x00, 0x00, 0x00, 0x00, 0x00, 0x00, 0x00, 0x00, 0x00, 0x00, 0x00, 0x00, 0x00, 0x00, 0x00,
        0x00, 0x00, 0x00, 0x00, 0x00, 0x00, 0x00, 0x00, 0x00, 0x00, 0x00, 0x00, 0x00, 0x00, 0x00, 0x00,
        0x00, 0x00, 0x00, 0x00, 0x00, 0x00, 0x00, 0x00, 0x00, 0x00, 0x00, 0x00, 0x00, 0x00, 0x00, 0x00,
        0x00, 0x00, 0x00, 0x00, 0x00, 0x00, 0x00, 0x00, 0x00, 0x00, 0x00, 0x00, 0x00, 0x00, 0x00, 0x00,
        0x00, 0x00, 0x00, 0x00, 0x00, 0x00, 0x00, 0x00, 0x00, 0x00, 0x00, 0x00, 0x00, 0x00, 0x00, 0x00,
        0x00, 0x00, 0x00, 0x00, 0x00, 0x00, 0x00, 0x00, 0x00, 0x00, 0x00, 0x00, 0x00, 0x00, 0x00, 0x00,
        0x00, 0x00, 0x00, 0x00, 0x00, 0x00, 0x00, 0x00, 0x00, 0x00, 0x00, 0x00, 0x00, 0x00, 0x00, 0x00,
        0x00, 0x00, 0x00, 0x00, 0x00, 0x00, 0x00, 0x00, 0x00, 0x00, 0x00, 0x00, 0x00, 0x00, 0x00, 0x00,
        0x00, 0x00, 0x00, 0x00, 0x00, 0x00, 0x00, 0x00, 0x00, 0x00, 0x00, 0x00, 0x00, 0x00, 0x00, 0x00,
        0x00, 0x00, 0x00, 0x00, 0x00, 0x00, 0x00, 0x00, 0x00, 0x00, 0x00, 0x00, 0x00, 0x00, 0x00, 0x00,
        0x00, 0x00, 0x00, 0x00, 0x00, 0x00, 0x00, 0x00, 0x00, 0x00, 0x00, 0x00, 0x00, 0x00, 0x00, 0x00,
        0x00, 0x00, 0x00, 0x00, 0x00, 0x00, 0x00, 0x00, 0x00, 0x00, 0x00, 0x00, 0x00, 0x00, 0x00, 0x00,
        0x00, 0x00, 0x00, 0x00, 0x00, 0x00, 0x00, 0x00, 0x00, 0x00, 0x00, 0x00, 0x00, 0x00, 0x00, 0x00,
        0x00, 0x00, 0x00, 0x00, 0x00, 0x00, 0x00, 0x00, 0x00, 0x00, 0x00, 0x00, 0x00, 0x00, 0x00, 0x00,
        0x83, 0x2d, 0x7c, 0x43, 0xc6, 0x40, 0x90, 0x15, 0x38, 0xca, 0xee, 0x02, 0x1f, 0x08, 0x10, 0x51,
        0xe6, 0xee, 0xa6, 0xbf, 0xc9, 0xff, 0x3a, 0x24, 0x18, 0xec, 0x20, 0x00, 0x38, 0xbc, 0x9d, 0x8e } },
    /* edge: exp=0, result must be 1 */
    { .n_len = 32,
      .full_exp = false,
      .base     = {
        0x00, 0x00, 0x00, 0x00, 0x00, 0x00, 0x00, 0x00, 0x00, 0x00, 0x00, 0x00, 0x00, 0x00, 0x00, 0x00,
        0x00, 0x00, 0x00, 0x00, 0x00, 0x00, 0x00, 0x00, 0x00, 0x00, 0x00, 0x00, 0x00, 0x00, 0x00, 0x00,
        0x00, 0x00, 0x00, 0x00, 0x00, 0x00, 0x00, 0x00, 0x00, 0x00, 0x00, 0x00, 0x00, 0x00, 0x00, 0x00,
        0x00, 0x00, 0x00, 0x00, 0x00, 0x00, 0x00, 0x00, 0x00, 0x00, 0x00, 0x00, 0x00, 0x00, 0x00, 0x00,
        0x00, 0x00, 0x00, 0x00, 0x00, 0x00, 0x00, 0x00, 0x00, 0x00, 0x00, 0x00, 0x00, 0x00, 0x00, 0x00,
        0x00, 0x00, 0x00, 0x00, 0x00, 0x00, 0x00, 0x00, 0x00, 0x00, 0x00, 0x00, 0x00, 0x00, 0x00, 0x00,
        0x00, 0x00, 0x00, 0x00, 0x00, 0x00, 0x00, 0x00, 0x00, 0x00, 0x00, 0x00, 0x00, 0x00, 0x00, 0x00,
        0x00, 0x00, 0x00, 0x00, 0x00, 0x00, 0x00, 0x00, 0x00, 0x00, 0x00, 0x00, 0x00, 0x00, 0x00, 0x00,
        0x00, 0x00, 0x00, 0x00, 0x00, 0x00, 0x00, 0x00, 0x00, 0x00, 0x00, 0x00, 0x00, 0x00, 0x00, 0x00,
        0x00, 0x00, 0x00, 0x00, 0x00, 0x00, 0x00, 0x00, 0x00, 0x00, 0x00, 0x00, 0x00, 0x00, 0x00, 0x00,
        0x00, 0x00, 0x00, 0x00, 0x00, 0x00, 0x00, 0x00, 0x00, 0x00, 0x00, 0x00, 0x00, 0x00, 0x00, 0x00,
        0x00, 0x00, 0x00, 0x00, 0x00, 0x00, 0x00, 0x00, 0x00, 0x00, 0x00, 0x00, 0x00, 0x00, 0x00, 0x00,
        0x00, 0x00, 0x00, 0x00, 0x00, 0x00, 0x00, 0x00, 0x00, 0x00, 0x00, 0x00, 0x00, 0x00, 0x00, 0x00,
        0x00, 0x00, 0x00, 0x00, 0x00, 0x00, 0x00, 0x00, 0x00, 0x00, 0x00, 0x00, 0x00, 0x00, 0x00, 0x00,
        0x00, 0x00, 0x00, 0x00, 0x00, 0x00, 0x00, 0x00, 0x00, 0x00, 0x00, 0x00, 0x00, 0x00, 0x00, 0x00,
        0x00, 0x00, 0x00, 0x00, 0x00, 0x00, 0x00, 0x00, 0x00, 0x00, 0x00, 0x00, 0x00, 0x00, 0x00, 0x00,
        0x00, 0x00, 0x00, 0x00, 0x00, 0x00, 0x00, 0x00, 0x00, 0x00, 0x00, 0x00, 0x00, 0x00, 0x00, 0x00,
        0x00, 0x00, 0x00, 0x00, 0x00, 0x00, 0x00, 0x00, 0x00, 0x00, 0x00, 0x00, 0x00, 0x00, 0x00, 0x00,
        0x00, 0x00, 0x00, 0x00, 0x00, 0x00, 0x00, 0x00, 0x00, 0x00, 0x00, 0x00, 0x00, 0x00, 0x00, 0x00,
        0x00, 0x00, 0x00, 0x00, 0x00, 0x00, 0x00, 0x00, 0x00, 0x00, 0x00, 0x00, 0x00, 0x00, 0x00, 0x00,
        0x00, 0x00, 0x00, 0x00, 0x00, 0x00, 0x00, 0x00, 0x00, 0x00, 0x00, 0x00, 0x00, 0x00, 0x00, 0x00,
        0x00, 0x00, 0x00, 0x00, 0x00, 0x00, 0x00, 0x00, 0x00, 0x00, 0x00, 0x00, 0x00, 0x00, 0x00, 0x00,
        0x00, 0x00, 0x00, 0x00, 0x00, 0x00, 0x00, 0x00, 0x00, 0x00, 0x00, 0x00, 0x00, 0x00, 0x00, 0x00,
        0x00, 0x00, 0x00, 0x00, 0x00, 0x00, 0x00, 0x00, 0x00, 0x00, 0x00, 0x00, 0x00, 0x00, 0x00, 0x00,
        0x00, 0x00, 0x00, 0x00, 0x00, 0x00, 0x00, 0x00, 0x00, 0x00, 0x00, 0x00, 0x00, 0x00, 0x00, 0x00,
        0x00, 0x00, 0x00, 0x00, 0x00, 0x00, 0x00, 0x00, 0x00, 0x00, 0x00, 0x00, 0x00, 0x00, 0x00, 0x00,
        0x00, 0x00, 0x00, 0x00, 0x00, 0x00, 0x00, 0x00, 0x00, 0x00, 0x00, 0x00, 0x00, 0x00, 0x00, 0x00,
        0x00, 0x00, 0x00, 0x00, 0x00, 0x00, 0x00, 0x00, 0x00, 0x00, 0x00, 0x00, 0x00, 0x00, 0x00, 0x00,
        0x00, 0x00, 0x00, 0x00, 0x00, 0x00, 0x00, 0x00, 0x00, 0x00, 0x00, 0x00, 0x00, 0x00, 0x00, 0x00,
        0x00, 0x00, 0x00, 0x00, 0x00, 0x00, 0x00, 0x00, 0x00, 0x00, 0x00, 0x00, 0x00, 0x00, 0x00, 0x00,
        0x2d, 0x8f, 0x75, 0xe7, 0x43, 0xa4, 0x09, 0xe1, 0x5e, 0x30, 0x8f, 0xf0, 0x86, 0x11, 0xd2, 0x8a,
        0xf8, 0x2c, 0x25, 0xb6, 0xea, 0x05, 0x57, 0x58, 0x13, 0x2e, 0x7e, 0x27, 0xcb, 0x3d, 0xe9, 0x6a },
      .exp      = {
        0x00, 0x00, 0x00, 0x00, 0x00, 0x00, 0x00, 0x00, 0x00, 0x00, 0x00, 0x00, 0x00, 0x00, 0x00, 0x00,
        0x00, 0x00, 0x00, 0x00, 0x00, 0x00, 0x00, 0x00, 0x00, 0x00, 0x00, 0x00, 0x00, 0x00, 0x00, 0x00,
        0x00, 0x00, 0x00, 0x00, 0x00, 0x00, 0x00, 0x00, 0x00, 0x00, 0x00, 0x00, 0x00, 0x00, 0x00, 0x00,
        0x00, 0x00, 0x00, 0x00, 0x00, 0x00, 0x00, 0x00, 0x00, 0x00, 0x00, 0x00, 0x00, 0x00, 0x00, 0x00,
        0x00, 0x00, 0x00, 0x00, 0x00, 0x00, 0x00, 0x00, 0x00, 0x00, 0x00, 0x00, 0x00, 0x00, 0x00, 0x00,
        0x00, 0x00, 0x00, 0x00, 0x00, 0x00, 0x00, 0x00, 0x00, 0x00, 0x00, 0x00, 0x00, 0x00, 0x00, 0x00,
        0x00, 0x00, 0x00, 0x00, 0x00, 0x00, 0x00, 0x00, 0x00, 0x00, 0x00, 0x00, 0x00, 0x00, 0x00, 0x00,
        0x00, 0x00, 0x00, 0x00, 0x00, 0x00, 0x00, 0x00, 0x00, 0x00, 0x00, 0x00, 0x00, 0x00, 0x00, 0x00,
        0x00, 0x00, 0x00, 0x00, 0x00, 0x00, 0x00, 0x00, 0x00, 0x00, 0x00, 0x00, 0x00, 0x00, 0x00, 0x00,
        0x00, 0x00, 0x00, 0x00, 0x00, 0x00, 0x00, 0x00, 0x00, 0x00, 0x00, 0x00, 0x00, 0x00, 0x00, 0x00,
        0x00, 0x00, 0x00, 0x00, 0x00, 0x00, 0x00, 0x00, 0x00, 0x00, 0x00, 0x00, 0x00, 0x00, 0x00, 0x00,
        0x00, 0x00, 0x00, 0x00, 0x00, 0x00, 0x00, 0x00, 0x00, 0x00, 0x00, 0x00, 0x00, 0x00, 0x00, 0x00,
        0x00, 0x00, 0x00, 0x00, 0x00, 0x00, 0x00, 0x00, 0x00, 0x00, 0x00, 0x00, 0x00, 0x00, 0x00, 0x00,
        0x00, 0x00, 0x00, 0x00, 0x00, 0x00, 0x00, 0x00, 0x00, 0x00, 0x00, 0x00, 0x00, 0x00, 0x00, 0x00,
        0x00, 0x00, 0x00, 0x00, 0x00, 0x00, 0x00, 0x00, 0x00, 0x00, 0x00, 0x00, 0x00, 0x00, 0x00, 0x00,
        0x00, 0x00, 0x00, 0x00, 0x00, 0x00, 0x00, 0x00, 0x00, 0x00, 0x00, 0x00, 0x00, 0x00, 0x00, 0x00,
        0x00, 0x00, 0x00, 0x00, 0x00, 0x00, 0x00, 0x00, 0x00, 0x00, 0x00, 0x00, 0x00, 0x00, 0x00, 0x00,
        0x00, 0x00, 0x00, 0x00, 0x00, 0x00, 0x00, 0x00, 0x00, 0x00, 0x00, 0x00, 0x00, 0x00, 0x00, 0x00,
        0x00, 0x00, 0x00, 0x00, 0x00, 0x00, 0x00, 0x00, 0x00, 0x00, 0x00, 0x00, 0x00, 0x00, 0x00, 0x00,
        0x00, 0x00, 0x00, 0x00, 0x00, 0x00, 0x00, 0x00, 0x00, 0x00, 0x00, 0x00, 0x00, 0x00, 0x00, 0x00,
        0x00, 0x00, 0x00, 0x00, 0x00, 0x00, 0x00, 0x00, 0x00, 0x00, 0x00, 0x00, 0x00, 0x00, 0x00, 0x00,
        0x00, 0x00, 0x00, 0x00, 0x00, 0x00, 0x00, 0x00, 0x00, 0x00, 0x00, 0x00, 0x00, 0x00, 0x00, 0x00,
        0x00, 0x00, 0x00, 0x00, 0x00, 0x00, 0x00, 0x00, 0x00, 0x00, 0x00, 0x00, 0x00, 0x00, 0x00, 0x00,
        0x00, 0x00, 0x00, 0x00, 0x00, 0x00, 0x00, 0x00, 0x00, 0x00, 0x00, 0x00, 0x00, 0x00, 0x00, 0x00,
        0x00, 0x00, 0x00, 0x00, 0x00, 0x00, 0x00, 0x00, 0x00, 0x00, 0x00, 0x00, 0x00, 0x00, 0x00, 0x00,
        0x00, 0x00, 0x00, 0x00, 0x00, 0x00, 0x00, 0x00, 0x00, 0x00, 0x00, 0x00, 0x00, 0x00, 0x00, 0x00,
        0x00, 0x00, 0x00, 0x00, 0x00, 0x00, 0x00, 0x00, 0x00, 0x00, 0x00, 0x00, 0x00, 0x00, 0x00, 0x00,
        0x00, 0x00, 0x00, 0x00, 0x00, 0x00, 0x00, 0x00, 0x00, 0x00, 0x00, 0x00, 0x00, 0x00, 0x00, 0x00,
        0x00, 0x00, 0x00, 0x00, 0x00, 0x00, 0x00, 0x00, 0x00, 0x00, 0x00, 0x00, 0x00, 0x00, 0x00, 0x00,
        0x00, 0x00, 0x00, 0x00, 0x00, 0x00, 0x00, 0x00, 0x00, 0x00, 0x00, 0x00, 0x00, 0x00, 0x00, 0x00,
        0x00, 0x00, 0x00, 0x00, 0x00, 0x00, 0x00, 0x00, 0x00, 0x00, 0x00, 0x00, 0x00, 0x00, 0x00, 0x00,
        0x00, 0x00, 0x00, 0x00, 0x00, 0x00, 0x00, 0x00, 0x00, 0x00, 0x00, 0x00, 0x00, 0x00, 0x00, 0x00 },
      .mod      = {
        0x00, 0x00, 0x00, 0x00, 0x00, 0x00, 0x00, 0x00, 0x00, 0x00, 0x00, 0x00, 0x00, 0x00, 0x00, 0x00,
        0x00, 0x00, 0x00, 0x00, 0x00, 0x00, 0x00, 0x00, 0x00, 0x00, 0x00, 0x00, 0x00, 0x00, 0x00, 0x00,
        0x00, 0x00, 0x00, 0x00, 0x00, 0x00, 0x00, 0x00, 0x00, 0x00, 0x00, 0x00, 0x00, 0x00, 0x00, 0x00,
        0x00, 0x00, 0x00, 0x00, 0x00, 0x00, 0x00, 0x00, 0x00, 0x00, 0x00, 0x00, 0x00, 0x00, 0x00, 0x00,
        0x00, 0x00, 0x00, 0x00, 0x00, 0x00, 0x00, 0x00, 0x00, 0x00, 0x00, 0x00, 0x00, 0x00, 0x00, 0x00,
        0x00, 0x00, 0x00, 0x00, 0x00, 0x00, 0x00, 0x00, 0x00, 0x00, 0x00, 0x00, 0x00, 0x00, 0x00, 0x00,
        0x00, 0x00, 0x00, 0x00, 0x00, 0x00, 0x00, 0x00, 0x00, 0x00, 0x00, 0x00, 0x00, 0x00, 0x00, 0x00,
        0x00, 0x00, 0x00, 0x00, 0x00, 0x00, 0x00, 0x00, 0x00, 0x00, 0x00, 0x00, 0x00, 0x00, 0x00, 0x00,
        0x00, 0x00, 0x00, 0x00, 0x00, 0x00, 0x00, 0x00, 0x00, 0x00, 0x00, 0x00, 0x00, 0x00, 0x00, 0x00,
        0x00, 0x00, 0x00, 0x00, 0x00, 0x00, 0x00, 0x00, 0x00, 0x00, 0x00, 0x00, 0x00, 0x00, 0x00, 0x00,
        0x00, 0x00, 0x00, 0x00, 0x00, 0x00, 0x00, 0x00, 0x00, 0x00, 0x00, 0x00, 0x00, 0x00, 0x00, 0x00,
        0x00, 0x00, 0x00, 0x00, 0x00, 0x00, 0x00, 0x00, 0x00, 0x00, 0x00, 0x00, 0x00, 0x00, 0x00, 0x00,
        0x00, 0x00, 0x00, 0x00, 0x00, 0x00, 0x00, 0x00, 0x00, 0x00, 0x00, 0x00, 0x00, 0x00, 0x00, 0x00,
        0x00, 0x00, 0x00, 0x00, 0x00, 0x00, 0x00, 0x00, 0x00, 0x00, 0x00, 0x00, 0x00, 0x00, 0x00, 0x00,
        0x00, 0x00, 0x00, 0x00, 0x00, 0x00, 0x00, 0x00, 0x00, 0x00, 0x00, 0x00, 0x00, 0x00, 0x00, 0x00,
        0x00, 0x00, 0x00, 0x00, 0x00, 0x00, 0x00, 0x00, 0x00, 0x00, 0x00, 0x00, 0x00, 0x00, 0x00, 0x00,
        0x00, 0x00, 0x00, 0x00, 0x00, 0x00, 0x00, 0x00, 0x00, 0x00, 0x00, 0x00, 0x00, 0x00, 0x00, 0x00,
        0x00, 0x00, 0x00, 0x00, 0x00, 0x00, 0x00, 0x00, 0x00, 0x00, 0x00, 0x00, 0x00, 0x00, 0x00, 0x00,
        0x00, 0x00, 0x00, 0x00, 0x00, 0x00, 0x00, 0x00, 0x00, 0x00, 0x00, 0x00, 0x00, 0x00, 0x00, 0x00,
        0x00, 0x00, 0x00, 0x00, 0x00, 0x00, 0x00, 0x00, 0x00, 0x00, 0x00, 0x00, 0x00, 0x00, 0x00, 0x00,
        0x00, 0x00, 0x00, 0x00, 0x00, 0x00, 0x00, 0x00, 0x00, 0x00, 0x00, 0x00, 0x00, 0x00, 0x00, 0x00,
        0x00, 0x00, 0x00, 0x00, 0x00, 0x00, 0x00, 0x00, 0x00, 0x00, 0x00, 0x00, 0x00, 0x00, 0x00, 0x00,
        0x00, 0x00, 0x00, 0x00, 0x00, 0x00, 0x00, 0x00, 0x00, 0x00, 0x00, 0x00, 0x00, 0x00, 0x00, 0x00,
        0x00, 0x00, 0x00, 0x00, 0x00, 0x00, 0x00, 0x00, 0x00, 0x00, 0x00, 0x00, 0x00, 0x00, 0x00, 0x00,
        0x00, 0x00, 0x00, 0x00, 0x00, 0x00, 0x00, 0x00, 0x00, 0x00, 0x00, 0x00, 0x00, 0x00, 0x00, 0x00,
        0x00, 0x00, 0x00, 0x00, 0x00, 0x00, 0x00, 0x00, 0x00, 0x00, 0x00, 0x00, 0x00, 0x00, 0x00, 0x00,
        0x00, 0x00, 0x00, 0x00, 0x00, 0x00, 0x00, 0x00, 0x00, 0x00, 0x00, 0x00, 0x00, 0x00, 0x00, 0x00,
        0x00, 0x00, 0x00, 0x00, 0x00, 0x00, 0x00, 0x00, 0x00, 0x00, 0x00, 0x00, 0x00, 0x00, 0x00, 0x00,
        0x00, 0x00, 0x00, 0x00, 0x00, 0x00, 0x00, 0x00, 0x00, 0x00, 0x00, 0x00, 0x00, 0x00, 0x00, 0x00,
        0x00, 0x00, 0x00, 0x00, 0x00, 0x00, 0x00, 0x00, 0x00, 0x00, 0x00, 0x00, 0x00, 0x00, 0x00, 0x00,
        0x83, 0x2d, 0x7c, 0x43, 0xc6, 0x40, 0x90, 0x15, 0x38, 0xca, 0xee, 0x02, 0x1f, 0x08, 0x10, 0x51,
        0xe6, 0xee, 0xa6, 0xbf, 0xc9, 0xff, 0x3a, 0x24, 0x18, 0xec, 0x20, 0x00, 0x38, 0xbc, 0x9d, 0x8f },
      .expected = {
        0x00, 0x00, 0x00, 0x00, 0x00, 0x00, 0x00, 0x00, 0x00, 0x00, 0x00, 0x00, 0x00, 0x00, 0x00, 0x00,
        0x00, 0x00, 0x00, 0x00, 0x00, 0x00, 0x00, 0x00, 0x00, 0x00, 0x00, 0x00, 0x00, 0x00, 0x00, 0x00,
        0x00, 0x00, 0x00, 0x00, 0x00, 0x00, 0x00, 0x00, 0x00, 0x00, 0x00, 0x00, 0x00, 0x00, 0x00, 0x00,
        0x00, 0x00, 0x00, 0x00, 0x00, 0x00, 0x00, 0x00, 0x00, 0x00, 0x00, 0x00, 0x00, 0x00, 0x00, 0x00,
        0x00, 0x00, 0x00, 0x00, 0x00, 0x00, 0x00, 0x00, 0x00, 0x00, 0x00, 0x00, 0x00, 0x00, 0x00, 0x00,
        0x00, 0x00, 0x00, 0x00, 0x00, 0x00, 0x00, 0x00, 0x00, 0x00, 0x00, 0x00, 0x00, 0x00, 0x00, 0x00,
        0x00, 0x00, 0x00, 0x00, 0x00, 0x00, 0x00, 0x00, 0x00, 0x00, 0x00, 0x00, 0x00, 0x00, 0x00, 0x00,
        0x00, 0x00, 0x00, 0x00, 0x00, 0x00, 0x00, 0x00, 0x00, 0x00, 0x00, 0x00, 0x00, 0x00, 0x00, 0x00,
        0x00, 0x00, 0x00, 0x00, 0x00, 0x00, 0x00, 0x00, 0x00, 0x00, 0x00, 0x00, 0x00, 0x00, 0x00, 0x00,
        0x00, 0x00, 0x00, 0x00, 0x00, 0x00, 0x00, 0x00, 0x00, 0x00, 0x00, 0x00, 0x00, 0x00, 0x00, 0x00,
        0x00, 0x00, 0x00, 0x00, 0x00, 0x00, 0x00, 0x00, 0x00, 0x00, 0x00, 0x00, 0x00, 0x00, 0x00, 0x00,
        0x00, 0x00, 0x00, 0x00, 0x00, 0x00, 0x00, 0x00, 0x00, 0x00, 0x00, 0x00, 0x00, 0x00, 0x00, 0x00,
        0x00, 0x00, 0x00, 0x00, 0x00, 0x00, 0x00, 0x00, 0x00, 0x00, 0x00, 0x00, 0x00, 0x00, 0x00, 0x00,
        0x00, 0x00, 0x00, 0x00, 0x00, 0x00, 0x00, 0x00, 0x00, 0x00, 0x00, 0x00, 0x00, 0x00, 0x00, 0x00,
        0x00, 0x00, 0x00, 0x00, 0x00, 0x00, 0x00, 0x00, 0x00, 0x00, 0x00, 0x00, 0x00, 0x00, 0x00, 0x00,
        0x00, 0x00, 0x00, 0x00, 0x00, 0x00, 0x00, 0x00, 0x00, 0x00, 0x00, 0x00, 0x00, 0x00, 0x00, 0x00,
        0x00, 0x00, 0x00, 0x00, 0x00, 0x00, 0x00, 0x00, 0x00, 0x00, 0x00, 0x00, 0x00, 0x00, 0x00, 0x00,
        0x00, 0x00, 0x00, 0x00, 0x00, 0x00, 0x00, 0x00, 0x00, 0x00, 0x00, 0x00, 0x00, 0x00, 0x00, 0x00,
        0x00, 0x00, 0x00, 0x00, 0x00, 0x00, 0x00, 0x00, 0x00, 0x00, 0x00, 0x00, 0x00, 0x00, 0x00, 0x00,
        0x00, 0x00, 0x00, 0x00, 0x00, 0x00, 0x00, 0x00, 0x00, 0x00, 0x00, 0x00, 0x00, 0x00, 0x00, 0x00,
        0x00, 0x00, 0x00, 0x00, 0x00, 0x00, 0x00, 0x00, 0x00, 0x00, 0x00, 0x00, 0x00, 0x00, 0x00, 0x00,
        0x00, 0x00, 0x00, 0x00, 0x00, 0x00, 0x00, 0x00, 0x00, 0x00, 0x00, 0x00, 0x00, 0x00, 0x00, 0x00,
        0x00, 0x00, 0x00, 0x00, 0x00, 0x00, 0x00, 0x00, 0x00, 0x00, 0x00, 0x00, 0x00, 0x00, 0x00, 0x00,
        0x00, 0x00, 0x00, 0x00, 0x00, 0x00, 0x00, 0x00, 0x00, 0x00, 0x00, 0x00, 0x00, 0x00, 0x00, 0x00,
        0x00, 0x00, 0x00, 0x00, 0x00, 0x00, 0x00, 0x00, 0x00, 0x00, 0x00, 0x00, 0x00, 0x00, 0x00, 0x00,
        0x00, 0x00, 0x00, 0x00, 0x00, 0x00, 0x00, 0x00, 0x00, 0x00, 0x00, 0x00, 0x00, 0x00, 0x00, 0x00,
        0x00, 0x00, 0x00, 0x00, 0x00, 0x00, 0x00, 0x00, 0x00, 0x00, 0x00, 0x00, 0x00, 0x00, 0x00, 0x00,
        0x00, 0x00, 0x00, 0x00, 0x00, 0x00, 0x00, 0x00, 0x00, 0x00, 0x00, 0x00, 0x00, 0x00, 0x00, 0x00,
        0x00, 0x00, 0x00, 0x00, 0x00, 0x00, 0x00, 0x00, 0x00, 0x00, 0x00, 0x00, 0x00, 0x00, 0x00, 0x00,
        0x00, 0x00, 0x00, 0x00, 0x00, 0x00, 0x00, 0x00, 0x00, 0x00, 0x00, 0x00, 0x00, 0x00, 0x00, 0x00,
        0x00, 0x00, 0x00, 0x00, 0x00, 0x00, 0x00, 0x00, 0x00, 0x00, 0x00, 0x00, 0x00, 0x00, 0x00, 0x00,
        0x00, 0x00, 0x00, 0x00, 0x00, 0x00, 0x00, 0x00, 0x00, 0x00, 0x00, 0x00, 0x00, 0x00, 0x00, 0x01 } },
    /* random 256-bit mod, 24-bit exp */
    { .n_len = 32,
      .full_exp = false,
      .base     = {
        0x00, 0x00, 0x00, 0x00, 0x00, 0x00, 0x00, 0x00, 0x00, 0x00, 0x00, 0x00, 0x00, 0x00, 0x00, 0x00,
        0x00, 0x00, 0x00, 0x00, 0x00, 0x00, 0x00, 0x00, 0x00, 0x00, 0x00, 0x00, 0x00, 0x00, 0x00, 0x00,
        0x00, 0x00, 0x00, 0x00, 0x00, 0x00, 0x00, 0x00, 0x00, 0x00, 0x00, 0x00, 0x00, 0x00, 0x00, 0x00,
        0x00, 0x00, 0x00, 0x00, 0x00, 0x00, 0x00, 0x00, 0x00, 0x00, 0x00, 0x00, 0x00, 0x00, 0x00, 0x00,
        0x00, 0x00, 0x00, 0x00, 0x00, 0x00, 0x00, 0x00, 0x00, 0x00, 0x00, 0x00, 0x00, 0x00, 0x00, 0x00,
        0x00, 0x00, 0x00, 0x00, 0x00, 0x00, 0x00, 0x00, 0x00, 0x00, 0x00, 0x00, 0x00, 0x00, 0x00, 0x00,
        0x00, 0x00, 0x00, 0x00, 0x00, 0x00, 0x00, 0x00, 0x00, 0x00, 0x00, 0x00, 0x00, 0x00, 0x00, 0x00,
        0x00, 0x00, 0x00, 0x00, 0x00, 0x00, 0x00, 0x00, 0x00, 0x00, 0x00, 0x00, 0x00, 0x00, 0x00, 0x00,
        0x00, 0x00, 0x00, 0x00, 0x00, 0x00, 0x00, 0x00, 0x00, 0x00, 0x00, 0x00, 0x00, 0x00, 0x00, 0x00,
        0x00, 0x00, 0x00, 0x00, 0x00, 0x00, 0x00, 0x00, 0x00, 0x00, 0x00, 0x00, 0x00, 0x00, 0x00, 0x00,
        0x00, 0x00, 0x00, 0x00, 0x00, 0x00, 0x00, 0x00, 0x00, 0x00, 0x00, 0x00, 0x00, 0x00, 0x00, 0x00,
        0x00, 0x00, 0x00, 0x00, 0x00, 0x00, 0x00, 0x00, 0x00, 0x00, 0x00, 0x00, 0x00, 0x00, 0x00, 0x00,
        0x00, 0x00, 0x00, 0x00, 0x00, 0x00, 0x00, 0x00, 0x00, 0x00, 0x00, 0x00, 0x00, 0x00, 0x00, 0x00,
        0x00, 0x00, 0x00, 0x00, 0x00, 0x00, 0x00, 0x00, 0x00, 0x00, 0x00, 0x00, 0x00, 0x00, 0x00, 0x00,
        0x00, 0x00, 0x00, 0x00, 0x00, 0x00, 0x00, 0x00, 0x00, 0x00, 0x00, 0x00, 0x00, 0x00, 0x00, 0x00,
        0x00, 0x00, 0x00, 0x00, 0x00, 0x00, 0x00, 0x00, 0x00, 0x00, 0x00, 0x00, 0x00, 0x00, 0x00, 0x00,
        0x00, 0x00, 0x00, 0x00, 0x00, 0x00, 0x00, 0x00, 0x00, 0x00, 0x00, 0x00, 0x00, 0x00, 0x00, 0x00,
        0x00, 0x00, 0x00, 0x00, 0x00, 0x00, 0x00, 0x00, 0x00, 0x00, 0x00, 0x00, 0x00, 0x00, 0x00, 0x00,
        0x00, 0x00, 0x00, 0x00, 0x00, 0x00, 0x00, 0x00, 0x00, 0x00, 0x00, 0x00, 0x00, 0x00, 0x00, 0x00,
        0x00, 0x00, 0x00, 0x00, 0x00, 0x00, 0x00, 0x00, 0x00, 0x00, 0x00, 0x00, 0x00, 0x00, 0x00, 0x00,
        0x00, 0x00, 0x00, 0x00, 0x00, 0x00, 0x00, 0x00, 0x00, 0x00, 0x00, 0x00, 0x00, 0x00, 0x00, 0x00,
        0x00, 0x00, 0x00, 0x00, 0x00, 0x00, 0x00, 0x00, 0x00, 0x00, 0x00, 0x00, 0x00, 0x00, 0x00, 0x00,
        0x00, 0x00, 0x00, 0x00, 0x00, 0x00, 0x00, 0x00, 0x00, 0x00, 0x00, 0x00, 0x00, 0x00, 0x00, 0x00,
        0x00, 0x00, 0x00, 0x00, 0x00, 0x00, 0x00, 0x00, 0x00, 0x00, 0x00, 0x00, 0x00, 0x00, 0x00, 0x00,
        0x00, 0x00, 0x00, 0x00, 0x00, 0x00, 0x00, 0x00, 0x00, 0x00, 0x00, 0x00, 0x00, 0x00, 0x00, 0x00,
        0x00, 0x00, 0x00, 0x00, 0x00, 0x00, 0x00, 0x00, 0x00, 0x00, 0x00, 0x00, 0x00, 0x00, 0x00, 0x00,
        0x00, 0x00, 0x00, 0x00, 0x00, 0x00, 0x00, 0x00, 0x00, 0x00, 0x00, 0x00, 0x00, 0x00, 0x00, 0x00,
        0x00, 0x00, 0x00, 0x00, 0x00, 0x00, 0x00, 0x00, 0x00, 0x00, 0x00, 0x00, 0x00, 0x00, 0x00, 0x00,
        0x00, 0x00, 0x00, 0x00, 0x00, 0x00, 0x00, 0x00, 0x00, 0x00, 0x00, 0x00, 0x00, 0x00, 0x00, 0x00,
        0x00, 0x00, 0x00, 0x00, 0x00, 0x00, 0x00, 0x00, 0x00, 0x00, 0x00, 0x00, 0x00, 0x00, 0x00, 0x00,
        0x39, 0x24, 0x00, 0x2d, 0x15, 0xfd, 0x80, 0x20, 0xa7, 0x35, 0x7b, 0xfa, 0x81, 0x6c, 0x92, 0x7d,
        0x66, 0x8a, 0x5f, 0xcb, 0x91, 0xe7, 0xe0, 0xa2, 0xc5, 0x09, 0xe5, 0xf7, 0xaa, 0x54, 0x68, 0x46 },
      .exp      = {
        0x00, 0x00, 0x00, 0x00, 0x00, 0x00, 0x00, 0x00, 0x00, 0x00, 0x00, 0x00, 0x00, 0x00, 0x00, 0x00,
        0x00, 0x00, 0x00, 0x00, 0x00, 0x00, 0x00, 0x00, 0x00, 0x00, 0x00, 0x00, 0x00, 0x00, 0x00, 0x00,
        0x00, 0x00, 0x00, 0x00, 0x00, 0x00, 0x00, 0x00, 0x00, 0x00, 0x00, 0x00, 0x00, 0x00, 0x00, 0x00,
        0x00, 0x00, 0x00, 0x00, 0x00, 0x00, 0x00, 0x00, 0x00, 0x00, 0x00, 0x00, 0x00, 0x00, 0x00, 0x00,
        0x00, 0x00, 0x00, 0x00, 0x00, 0x00, 0x00, 0x00, 0x00, 0x00, 0x00, 0x00, 0x00, 0x00, 0x00, 0x00,
        0x00, 0x00, 0x00, 0x00, 0x00, 0x00, 0x00, 0x00, 0x00, 0x00, 0x00, 0x00, 0x00, 0x00, 0x00, 0x00,
        0x00, 0x00, 0x00, 0x00, 0x00, 0x00, 0x00, 0x00, 0x00, 0x00, 0x00, 0x00, 0x00, 0x00, 0x00, 0x00,
        0x00, 0x00, 0x00, 0x00, 0x00, 0x00, 0x00, 0x00, 0x00, 0x00, 0x00, 0x00, 0x00, 0x00, 0x00, 0x00,
        0x00, 0x00, 0x00, 0x00, 0x00, 0x00, 0x00, 0x00, 0x00, 0x00, 0x00, 0x00, 0x00, 0x00, 0x00, 0x00,
        0x00, 0x00, 0x00, 0x00, 0x00, 0x00, 0x00, 0x00, 0x00, 0x00, 0x00, 0x00, 0x00, 0x00, 0x00, 0x00,
        0x00, 0x00, 0x00, 0x00, 0x00, 0x00, 0x00, 0x00, 0x00, 0x00, 0x00, 0x00, 0x00, 0x00, 0x00, 0x00,
        0x00, 0x00, 0x00, 0x00, 0x00, 0x00, 0x00, 0x00, 0x00, 0x00, 0x00, 0x00, 0x00, 0x00, 0x00, 0x00,
        0x00, 0x00, 0x00, 0x00, 0x00, 0x00, 0x00, 0x00, 0x00, 0x00, 0x00, 0x00, 0x00, 0x00, 0x00, 0x00,
        0x00, 0x00, 0x00, 0x00, 0x00, 0x00, 0x00, 0x00, 0x00, 0x00, 0x00, 0x00, 0x00, 0x00, 0x00, 0x00,
        0x00, 0x00, 0x00, 0x00, 0x00, 0x00, 0x00, 0x00, 0x00, 0x00, 0x00, 0x00, 0x00, 0x00, 0x00, 0x00,
        0x00, 0x00, 0x00, 0x00, 0x00, 0x00, 0x00, 0x00, 0x00, 0x00, 0x00, 0x00, 0x00, 0x00, 0x00, 0x00,
        0x00, 0x00, 0x00, 0x00, 0x00, 0x00, 0x00, 0x00, 0x00, 0x00, 0x00, 0x00, 0x00, 0x00, 0x00, 0x00,
        0x00, 0x00, 0x00, 0x00, 0x00, 0x00, 0x00, 0x00, 0x00, 0x00, 0x00, 0x00, 0x00, 0x00, 0x00, 0x00,
        0x00, 0x00, 0x00, 0x00, 0x00, 0x00, 0x00, 0x00, 0x00, 0x00, 0x00, 0x00, 0x00, 0x00, 0x00, 0x00,
        0x00, 0x00, 0x00, 0x00, 0x00, 0x00, 0x00, 0x00, 0x00, 0x00, 0x00, 0x00, 0x00, 0x00, 0x00, 0x00,
        0x00, 0x00, 0x00, 0x00, 0x00, 0x00, 0x00, 0x00, 0x00, 0x00, 0x00, 0x00, 0x00, 0x00, 0x00, 0x00,
        0x00, 0x00, 0x00, 0x00, 0x00, 0x00, 0x00, 0x00, 0x00, 0x00, 0x00, 0x00, 0x00, 0x00, 0x00, 0x00,
        0x00, 0x00, 0x00, 0x00, 0x00, 0x00, 0x00, 0x00, 0x00, 0x00, 0x00, 0x00, 0x00, 0x00, 0x00, 0x00,
        0x00, 0x00, 0x00, 0x00, 0x00, 0x00, 0x00, 0x00, 0x00, 0x00, 0x00, 0x00, 0x00, 0x00, 0x00, 0x00,
        0x00, 0x00, 0x00, 0x00, 0x00, 0x00, 0x00, 0x00, 0x00, 0x00, 0x00, 0x00, 0x00, 0x00, 0x00, 0x00,
        0x00, 0x00, 0x00, 0x00, 0x00, 0x00, 0x00, 0x00, 0x00, 0x00, 0x00, 0x00, 0x00, 0x00, 0x00, 0x00,
        0x00, 0x00, 0x00, 0x00, 0x00, 0x00, 0x00, 0x00, 0x00, 0x00, 0x00, 0x00, 0x00, 0x00, 0x00, 0x00,
        0x00, 0x00, 0x00, 0x00, 0x00, 0x00, 0x00, 0x00, 0x00, 0x00, 0x00, 0x00, 0x00, 0x00, 0x00, 0x00,
        0x00, 0x00, 0x00, 0x00, 0x00, 0x00, 0x00, 0x00, 0x00, 0x00, 0x00, 0x00, 0x00, 0x00, 0x00, 0x00,
        0x00, 0x00, 0x00, 0x00, 0x00, 0x00, 0x00, 0x00, 0x00, 0x00, 0x00, 0x00, 0x00, 0x00, 0x00, 0x00,
        0x00, 0x00, 0x00, 0x00, 0x00, 0x00, 0x00, 0x00, 0x00, 0x00, 0x00, 0x00, 0x00, 0x00, 0x00, 0x00,
        0x00, 0x00, 0x00, 0x00, 0x00, 0x00, 0x00, 0x00, 0x00, 0x00, 0x00, 0x00, 0x00, 0x53, 0xeb, 0x36 },
      .mod      = {
        0x00, 0x00, 0x00, 0x00, 0x00, 0x00, 0x00, 0x00, 0x00, 0x00, 0x00, 0x00, 0x00, 0x00, 0x00, 0x00,
        0x00, 0x00, 0x00, 0x00, 0x00, 0x00, 0x00, 0x00, 0x00, 0x00, 0x00, 0x00, 0x00, 0x00, 0x00, 0x00,
        0x00, 0x00, 0x00, 0x00, 0x00, 0x00, 0x00, 0x00, 0x00, 0x00, 0x00, 0x00, 0x00, 0x00, 0x00, 0x00,
        0x00, 0x00, 0x00, 0x00, 0x00, 0x00, 0x00, 0x00, 0x00, 0x00, 0x00, 0x00, 0x00, 0x00, 0x00, 0x00,
        0x00, 0x00, 0x00, 0x00, 0x00, 0x00, 0x00, 0x00, 0x00, 0x00, 0x00, 0x00, 0x00, 0x00, 0x00, 0x00,
        0x00, 0x00, 0x00, 0x00, 0x00, 0x00, 0x00, 0x00, 0x00, 0x00, 0x00, 0x00, 0x00, 0x00, 0x00, 0x00,
        0x00, 0x00, 0x00, 0x00, 0x00, 0x00, 0x00, 0x00, 0x00, 0x00, 0x00, 0x00, 0x00, 0x00, 0x00, 0x00,
        0x00, 0x00, 0x00, 0x00, 0x00, 0x00, 0x00, 0x00, 0x00, 0x00, 0x00, 0x00, 0x00, 0x00, 0x00, 0x00,
        0x00, 0x00, 0x00, 0x00, 0x00, 0x00, 0x00, 0x00, 0x00, 0x00, 0x00, 0x00, 0x00, 0x00, 0x00, 0x00,
        0x00, 0x00, 0x00, 0x00, 0x00, 0x00, 0x00, 0x00, 0x00, 0x00, 0x00, 0x00, 0x00, 0x00, 0x00, 0x00,
        0x00, 0x00, 0x00, 0x00, 0x00, 0x00, 0x00, 0x00, 0x00, 0x00, 0x00, 0x00, 0x00, 0x00, 0x00, 0x00,
        0x00, 0x00, 0x00, 0x00, 0x00, 0x00, 0x00, 0x00, 0x00, 0x00, 0x00, 0x00, 0x00, 0x00, 0x00, 0x00,
        0x00, 0x00, 0x00, 0x00, 0x00, 0x00, 0x00, 0x00, 0x00, 0x00, 0x00, 0x00, 0x00, 0x00, 0x00, 0x00,
        0x00, 0x00, 0x00, 0x00, 0x00, 0x00, 0x00, 0x00, 0x00, 0x00, 0x00, 0x00, 0x00, 0x00, 0x00, 0x00,
        0x00, 0x00, 0x00, 0x00, 0x00, 0x00, 0x00, 0x00, 0x00, 0x00, 0x00, 0x00, 0x00, 0x00, 0x00, 0x00,
        0x00, 0x00, 0x00, 0x00, 0x00, 0x00, 0x00, 0x00, 0x00, 0x00, 0x00, 0x00, 0x00, 0x00, 0x00, 0x00,
        0x00, 0x00, 0x00, 0x00, 0x00, 0x00, 0x00, 0x00, 0x00, 0x00, 0x00, 0x00, 0x00, 0x00, 0x00, 0x00,
        0x00, 0x00, 0x00, 0x00, 0x00, 0x00, 0x00, 0x00, 0x00, 0x00, 0x00, 0x00, 0x00, 0x00, 0x00, 0x00,
        0x00, 0x00, 0x00, 0x00, 0x00, 0x00, 0x00, 0x00, 0x00, 0x00, 0x00, 0x00, 0x00, 0x00, 0x00, 0x00,
        0x00, 0x00, 0x00, 0x00, 0x00, 0x00, 0x00, 0x00, 0x00, 0x00, 0x00, 0x00, 0x00, 0x00, 0x00, 0x00,
        0x00, 0x00, 0x00, 0x00, 0x00, 0x00, 0x00, 0x00, 0x00, 0x00, 0x00, 0x00, 0x00, 0x00, 0x00, 0x00,
        0x00, 0x00, 0x00, 0x00, 0x00, 0x00, 0x00, 0x00, 0x00, 0x00, 0x00, 0x00, 0x00, 0x00, 0x00, 0x00,
        0x00, 0x00, 0x00, 0x00, 0x00, 0x00, 0x00, 0x00, 0x00, 0x00, 0x00, 0x00, 0x00, 0x00, 0x00, 0x00,
        0x00, 0x00, 0x00, 0x00, 0x00, 0x00, 0x00, 0x00, 0x00, 0x00, 0x00, 0x00, 0x00, 0x00, 0x00, 0x00,
        0x00, 0x00, 0x00, 0x00, 0x00, 0x00, 0x00, 0x00, 0x00, 0x00, 0x00, 0x00, 0x00, 0x00, 0x00, 0x00,
        0x00, 0x00, 0x00, 0x00, 0x00, 0x00, 0x00, 0x00, 0x00, 0x00, 0x00, 0x00, 0x00, 0x00, 0x00, 0x00,
        0x00, 0x00, 0x00, 0x00, 0x00, 0x00, 0x00, 0x00, 0x00, 0x00, 0x00, 0x00, 0x00, 0x00, 0x00, 0x00,
        0x00, 0x00, 0x00, 0x00, 0x00, 0x00, 0x00, 0x00, 0x00, 0x00, 0x00, 0x00, 0x00, 0x00, 0x00, 0x00,
        0x00, 0x00, 0x00, 0x00, 0x00, 0x00, 0x00, 0x00, 0x00, 0x00, 0x00, 0x00, 0x00, 0x00, 0x00, 0x00,
        0x00, 0x00, 0x00, 0x00, 0x00, 0x00, 0x00, 0x00, 0x00, 0x00, 0x00, 0x00, 0x00, 0x00, 0x00, 0x00,
        0x89, 0x62, 0x84, 0x7b, 0x30, 0x7e, 0x4d, 0xb2, 0xc6, 0x9b, 0xa5, 0xcb, 0xdb, 0x8b, 0xf5, 0x4b,
        0x97, 0xc8, 0xcc, 0xcd, 0xe8, 0xbd, 0x8b, 0x9d, 0x20, 0xc9, 0x7c, 0xe3, 0x2e, 0x3f, 0x8d, 0x51 },
      .expected = {
        0x00, 0x00, 0x00, 0x00, 0x00, 0x00, 0x00, 0x00, 0x00, 0x00, 0x00, 0x00, 0x00, 0x00, 0x00, 0x00,
        0x00, 0x00, 0x00, 0x00, 0x00, 0x00, 0x00, 0x00, 0x00, 0x00, 0x00, 0x00, 0x00, 0x00, 0x00, 0x00,
        0x00, 0x00, 0x00, 0x00, 0x00, 0x00, 0x00, 0x00, 0x00, 0x00, 0x00, 0x00, 0x00, 0x00, 0x00, 0x00,
        0x00, 0x00, 0x00, 0x00, 0x00, 0x00, 0x00, 0x00, 0x00, 0x00, 0x00, 0x00, 0x00, 0x00, 0x00, 0x00,
        0x00, 0x00, 0x00, 0x00, 0x00, 0x00, 0x00, 0x00, 0x00, 0x00, 0x00, 0x00, 0x00, 0x00, 0x00, 0x00,
        0x00, 0x00, 0x00, 0x00, 0x00, 0x00, 0x00, 0x00, 0x00, 0x00, 0x00, 0x00, 0x00, 0x00, 0x00, 0x00,
        0x00, 0x00, 0x00, 0x00, 0x00, 0x00, 0x00, 0x00, 0x00, 0x00, 0x00, 0x00, 0x00, 0x00, 0x00, 0x00,
        0x00, 0x00, 0x00, 0x00, 0x00, 0x00, 0x00, 0x00, 0x00, 0x00, 0x00, 0x00, 0x00, 0x00, 0x00, 0x00,
        0x00, 0x00, 0x00, 0x00, 0x00, 0x00, 0x00, 0x00, 0x00, 0x00, 0x00, 0x00, 0x00, 0x00, 0x00, 0x00,
        0x00, 0x00, 0x00, 0x00, 0x00, 0x00, 0x00, 0x00, 0x00, 0x00, 0x00, 0x00, 0x00, 0x00, 0x00, 0x00,
        0x00, 0x00, 0x00, 0x00, 0x00, 0x00, 0x00, 0x00, 0x00, 0x00, 0x00, 0x00, 0x00, 0x00, 0x00, 0x00,
        0x00, 0x00, 0x00, 0x00, 0x00, 0x00, 0x00, 0x00, 0x00, 0x00, 0x00, 0x00, 0x00, 0x00, 0x00, 0x00,
        0x00, 0x00, 0x00, 0x00, 0x00, 0x00, 0x00, 0x00, 0x00, 0x00, 0x00, 0x00, 0x00, 0x00, 0x00, 0x00,
        0x00, 0x00, 0x00, 0x00, 0x00, 0x00, 0x00, 0x00, 0x00, 0x00, 0x00, 0x00, 0x00, 0x00, 0x00, 0x00,
        0x00, 0x00, 0x00, 0x00, 0x00, 0x00, 0x00, 0x00, 0x00, 0x00, 0x00, 0x00, 0x00, 0x00, 0x00, 0x00,
        0x00, 0x00, 0x00, 0x00, 0x00, 0x00, 0x00, 0x00, 0x00, 0x00, 0x00, 0x00, 0x00, 0x00, 0x00, 0x00,
        0x00, 0x00, 0x00, 0x00, 0x00, 0x00, 0x00, 0x00, 0x00, 0x00, 0x00, 0x00, 0x00, 0x00, 0x00, 0x00,
        0x00, 0x00, 0x00, 0x00, 0x00, 0x00, 0x00, 0x00, 0x00, 0x00, 0x00, 0x00, 0x00, 0x00, 0x00, 0x00,
        0x00, 0x00, 0x00, 0x00, 0x00, 0x00, 0x00, 0x00, 0x00, 0x00, 0x00, 0x00, 0x00, 0x00, 0x00, 0x00,
        0x00, 0x00, 0x00, 0x00, 0x00, 0x00, 0x00, 0x00, 0x00, 0x00, 0x00, 0x00, 0x00, 0x00, 0x00, 0x00,
        0x00, 0x00, 0x00, 0x00, 0x00, 0x00, 0x00, 0x00, 0x00, 0x00, 0x00, 0x00, 0x00, 0x00, 0x00, 0x00,
        0x00, 0x00, 0x00, 0x00, 0x00, 0x00, 0x00, 0x00, 0x00, 0x00, 0x00, 0x00, 0x00, 0x00, 0x00, 0x00,
        0x00, 0x00, 0x00, 0x00, 0x00, 0x00, 0x00, 0x00, 0x00, 0x00, 0x00, 0x00, 0x00, 0x00, 0x00, 0x00,
        0x00, 0x00, 0x00, 0x00, 0x00, 0x00, 0x00, 0x00, 0x00, 0x00, 0x00, 0x00, 0x00, 0x00, 0x00, 0x00,
        0x00, 0x00, 0x00, 0x00, 0x00, 0x00, 0x00, 0x00, 0x00, 0x00, 0x00, 0x00, 0x00, 0x00, 0x00, 0x00,
        0x00, 0x00, 0x00, 0x00, 0x00, 0x00, 0x00, 0x00, 0x00, 0x00, 0x00, 0x00, 0x00, 0x00, 0x00, 0x00,
        0x00, 0x00, 0x00, 0x00, 0x00, 0x00, 0x00, 0x00, 0x00, 0x00, 0x00, 0x00, 0x00, 0x00, 0x00, 0x00,
        0x00, 0x00, 0x00, 0x00, 0x00, 0x00, 0x00, 0x00, 0x00, 0x00, 0x00, 0x00, 0x00, 0x00, 0x00, 0x00,
        0x00, 0x00, 0x00, 0x00, 0x00, 0x00, 0x00, 0x00, 0x00, 0x00, 0x00, 0x00, 0x00, 0x00, 0x00, 0x00,
        0x00, 0x00, 0x00, 0x00, 0x00, 0x00, 0x00, 0x00, 0x00, 0x00, 0x00, 0x00, 0x00, 0x00, 0x00, 0x00,
        0x63, 0x65, 0x4a, 0x11, 0x0f, 0x4e, 0xc5, 0x94, 0xce, 0x62, 0xae, 0x48, 0xfc, 0x40, 0xfd, 0xb0,
        0xb8, 0x7d, 0x17, 0x76, 0x9f, 0x68, 0x54, 0x58, 0x93, 0x24, 0x2e, 0x06, 0x30, 0xb0, 0xf2, 0x86 } },
    /* random 256-bit mod, full-width exp */
    { .n_len = 32,
      .full_exp = true,
      .base     = {
        0x00, 0x00, 0x00, 0x00, 0x00, 0x00, 0x00, 0x00, 0x00, 0x00, 0x00, 0x00, 0x00, 0x00, 0x00, 0x00,
        0x00, 0x00, 0x00, 0x00, 0x00, 0x00, 0x00, 0x00, 0x00, 0x00, 0x00, 0x00, 0x00, 0x00, 0x00, 0x00,
        0x00, 0x00, 0x00, 0x00, 0x00, 0x00, 0x00, 0x00, 0x00, 0x00, 0x00, 0x00, 0x00, 0x00, 0x00, 0x00,
        0x00, 0x00, 0x00, 0x00, 0x00, 0x00, 0x00, 0x00, 0x00, 0x00, 0x00, 0x00, 0x00, 0x00, 0x00, 0x00,
        0x00, 0x00, 0x00, 0x00, 0x00, 0x00, 0x00, 0x00, 0x00, 0x00, 0x00, 0x00, 0x00, 0x00, 0x00, 0x00,
        0x00, 0x00, 0x00, 0x00, 0x00, 0x00, 0x00, 0x00, 0x00, 0x00, 0x00, 0x00, 0x00, 0x00, 0x00, 0x00,
        0x00, 0x00, 0x00, 0x00, 0x00, 0x00, 0x00, 0x00, 0x00, 0x00, 0x00, 0x00, 0x00, 0x00, 0x00, 0x00,
        0x00, 0x00, 0x00, 0x00, 0x00, 0x00, 0x00, 0x00, 0x00, 0x00, 0x00, 0x00, 0x00, 0x00, 0x00, 0x00,
        0x00, 0x00, 0x00, 0x00, 0x00, 0x00, 0x00, 0x00, 0x00, 0x00, 0x00, 0x00, 0x00, 0x00, 0x00, 0x00,
        0x00, 0x00, 0x00, 0x00, 0x00, 0x00, 0x00, 0x00, 0x00, 0x00, 0x00, 0x00, 0x00, 0x00, 0x00, 0x00,
        0x00, 0x00, 0x00, 0x00, 0x00, 0x00, 0x00, 0x00, 0x00, 0x00, 0x00, 0x00, 0x00, 0x00, 0x00, 0x00,
        0x00, 0x00, 0x00, 0x00, 0x00, 0x00, 0x00, 0x00, 0x00, 0x00, 0x00, 0x00, 0x00, 0x00, 0x00, 0x00,
        0x00, 0x00, 0x00, 0x00, 0x00, 0x00, 0x00, 0x00, 0x00, 0x00, 0x00, 0x00, 0x00, 0x00, 0x00, 0x00,
        0x00, 0x00, 0x00, 0x00, 0x00, 0x00, 0x00, 0x00, 0x00, 0x00, 0x00, 0x00, 0x00, 0x00, 0x00, 0x00,
        0x00, 0x00, 0x00, 0x00, 0x00, 0x00, 0x00, 0x00, 0x00, 0x00, 0x00, 0x00, 0x00, 0x00, 0x00, 0x00,
        0x00, 0x00, 0x00, 0x00, 0x00, 0x00, 0x00, 0x00, 0x00, 0x00, 0x00, 0x00, 0x00, 0x00, 0x00, 0x00,
        0x00, 0x00, 0x00, 0x00, 0x00, 0x00, 0x00, 0x00, 0x00, 0x00, 0x00, 0x00, 0x00, 0x00, 0x00, 0x00,
        0x00, 0x00, 0x00, 0x00, 0x00, 0x00, 0x00, 0x00, 0x00, 0x00, 0x00, 0x00, 0x00, 0x00, 0x00, 0x00,
        0x00, 0x00, 0x00, 0x00, 0x00, 0x00, 0x00, 0x00, 0x00, 0x00, 0x00, 0x00, 0x00, 0x00, 0x00, 0x00,
        0x00, 0x00, 0x00, 0x00, 0x00, 0x00, 0x00, 0x00, 0x00, 0x00, 0x00, 0x00, 0x00, 0x00, 0x00, 0x00,
        0x00, 0x00, 0x00, 0x00, 0x00, 0x00, 0x00, 0x00, 0x00, 0x00, 0x00, 0x00, 0x00, 0x00, 0x00, 0x00,
        0x00, 0x00, 0x00, 0x00, 0x00, 0x00, 0x00, 0x00, 0x00, 0x00, 0x00, 0x00, 0x00, 0x00, 0x00, 0x00,
        0x00, 0x00, 0x00, 0x00, 0x00, 0x00, 0x00, 0x00, 0x00, 0x00, 0x00, 0x00, 0x00, 0x00, 0x00, 0x00,
        0x00, 0x00, 0x00, 0x00, 0x00, 0x00, 0x00, 0x00, 0x00, 0x00, 0x00, 0x00, 0x00, 0x00, 0x00, 0x00,
        0x00, 0x00, 0x00, 0x00, 0x00, 0x00, 0x00, 0x00, 0x00, 0x00, 0x00, 0x00, 0x00, 0x00, 0x00, 0x00,
        0x00, 0x00, 0x00, 0x00, 0x00, 0x00, 0x00, 0x00, 0x00, 0x00, 0x00, 0x00, 0x00, 0x00, 0x00, 0x00,
        0x00, 0x00, 0x00, 0x00, 0x00, 0x00, 0x00, 0x00, 0x00, 0x00, 0x00, 0x00, 0x00, 0x00, 0x00, 0x00,
        0x00, 0x00, 0x00, 0x00, 0x00, 0x00, 0x00, 0x00, 0x00, 0x00, 0x00, 0x00, 0x00, 0x00, 0x00, 0x00,
        0x00, 0x00, 0x00, 0x00, 0x00, 0x00, 0x00, 0x00, 0x00, 0x00, 0x00, 0x00, 0x00, 0x00, 0x00, 0x00,
        0x00, 0x00, 0x00, 0x00, 0x00, 0x00, 0x00, 0x00, 0x00, 0x00, 0x00, 0x00, 0x00, 0x00, 0x00, 0x00,
        0x71, 0x1d, 0xe6, 0x93, 0x06, 0xd3, 0xee, 0x14, 0xf9, 0x34, 0x8a, 0x3b, 0x91, 0x8e, 0xa6, 0x22,
        0x02, 0x80, 0x11, 0xa2, 0x4c, 0xcf, 0xf2, 0xcb, 0xb0, 0x3a, 0x85, 0x7e, 0x0f, 0x58, 0x58, 0x8e },
      .exp      = {
        0x00, 0x00, 0x00, 0x00, 0x00, 0x00, 0x00, 0x00, 0x00, 0x00, 0x00, 0x00, 0x00, 0x00, 0x00, 0x00,
        0x00, 0x00, 0x00, 0x00, 0x00, 0x00, 0x00, 0x00, 0x00, 0x00, 0x00, 0x00, 0x00, 0x00, 0x00, 0x00,
        0x00, 0x00, 0x00, 0x00, 0x00, 0x00, 0x00, 0x00, 0x00, 0x00, 0x00, 0x00, 0x00, 0x00, 0x00, 0x00,
        0x00, 0x00, 0x00, 0x00, 0x00, 0x00, 0x00, 0x00, 0x00, 0x00, 0x00, 0x00, 0x00, 0x00, 0x00, 0x00,
        0x00, 0x00, 0x00, 0x00, 0x00, 0x00, 0x00, 0x00, 0x00, 0x00, 0x00, 0x00, 0x00, 0x00, 0x00, 0x00,
        0x00, 0x00, 0x00, 0x00, 0x00, 0x00, 0x00, 0x00, 0x00, 0x00, 0x00, 0x00, 0x00, 0x00, 0x00, 0x00,
        0x00, 0x00, 0x00, 0x00, 0x00, 0x00, 0x00, 0x00, 0x00, 0x00, 0x00, 0x00, 0x00, 0x00, 0x00, 0x00,
        0x00, 0x00, 0x00, 0x00, 0x00, 0x00, 0x00, 0x00, 0x00, 0x00, 0x00, 0x00, 0x00, 0x00, 0x00, 0x00,
        0x00, 0x00, 0x00, 0x00, 0x00, 0x00, 0x00, 0x00, 0x00, 0x00, 0x00, 0x00, 0x00, 0x00, 0x00, 0x00,
        0x00, 0x00, 0x00, 0x00, 0x00, 0x00, 0x00, 0x00, 0x00, 0x00, 0x00, 0x00, 0x00, 0x00, 0x00, 0x00,
        0x00, 0x00, 0x00, 0x00, 0x00, 0x00, 0x00, 0x00, 0x00, 0x00, 0x00, 0x00, 0x00, 0x00, 0x00, 0x00,
        0x00, 0x00, 0x00, 0x00, 0x00, 0x00, 0x00, 0x00, 0x00, 0x00, 0x00, 0x00, 0x00, 0x00, 0x00, 0x00,
        0x00, 0x00, 0x00, 0x00, 0x00, 0x00, 0x00, 0x00, 0x00, 0x00, 0x00, 0x00, 0x00, 0x00, 0x00, 0x00,
        0x00, 0x00, 0x00, 0x00, 0x00, 0x00, 0x00, 0x00, 0x00, 0x00, 0x00, 0x00, 0x00, 0x00, 0x00, 0x00,
        0x00, 0x00, 0x00, 0x00, 0x00, 0x00, 0x00, 0x00, 0x00, 0x00, 0x00, 0x00, 0x00, 0x00, 0x00, 0x00,
        0x00, 0x00, 0x00, 0x00, 0x00, 0x00, 0x00, 0x00, 0x00, 0x00, 0x00, 0x00, 0x00, 0x00, 0x00, 0x00,
        0x00, 0x00, 0x00, 0x00, 0x00, 0x00, 0x00, 0x00, 0x00, 0x00, 0x00, 0x00, 0x00, 0x00, 0x00, 0x00,
        0x00, 0x00, 0x00, 0x00, 0x00, 0x00, 0x00, 0x00, 0x00, 0x00, 0x00, 0x00, 0x00, 0x00, 0x00, 0x00,
        0x00, 0x00, 0x00, 0x00, 0x00, 0x00, 0x00, 0x00, 0x00, 0x00, 0x00, 0x00, 0x00, 0x00, 0x00, 0x00,
        0x00, 0x00, 0x00, 0x00, 0x00, 0x00, 0x00, 0x00, 0x00, 0x00, 0x00, 0x00, 0x00, 0x00, 0x00, 0x00,
        0x00, 0x00, 0x00, 0x00, 0x00, 0x00, 0x00, 0x00, 0x00, 0x00, 0x00, 0x00, 0x00, 0x00, 0x00, 0x00,
        0x00, 0x00, 0x00, 0x00, 0x00, 0x00, 0x00, 0x00, 0x00, 0x00, 0x00, 0x00, 0x00, 0x00, 0x00, 0x00,
        0x00, 0x00, 0x00, 0x00, 0x00, 0x00, 0x00, 0x00, 0x00, 0x00, 0x00, 0x00, 0x00, 0x00, 0x00, 0x00,
        0x00, 0x00, 0x00, 0x00, 0x00, 0x00, 0x00, 0x00, 0x00, 0x00, 0x00, 0x00, 0x00, 0x00, 0x00, 0x00,
        0x00, 0x00, 0x00, 0x00, 0x00, 0x00, 0x00, 0x00, 0x00, 0x00, 0x00, 0x00, 0x00, 0x00, 0x00, 0x00,
        0x00, 0x00, 0x00, 0x00, 0x00, 0x00, 0x00, 0x00, 0x00, 0x00, 0x00, 0x00, 0x00, 0x00, 0x00, 0x00,
        0x00, 0x00, 0x00, 0x00, 0x00, 0x00, 0x00, 0x00, 0x00, 0x00, 0x00, 0x00, 0x00, 0x00, 0x00, 0x00,
        0x00, 0x00, 0x00, 0x00, 0x00, 0x00, 0x00, 0x00, 0x00, 0x00, 0x00, 0x00, 0x00, 0x00, 0x00, 0x00,
        0x00, 0x00, 0x00, 0x00, 0x00, 0x00, 0x00, 0x00, 0x00, 0x00, 0x00, 0x00, 0x00, 0x00, 0x00, 0x00,
        0x00, 0x00, 0x00, 0x00, 0x00, 0x00, 0x00, 0x00, 0x00, 0x00, 0x00, 0x00, 0x00, 0x00, 0x00, 0x00,
        0xfd, 0x4a, 0xe8, 0x81, 0xfe, 0x04, 0x8f, 0x35, 0x0a, 0xb9, 0x94, 0xc1, 0x65, 0x24, 0x15, 0xd0,
        0x6b, 0xe3, 0xb7, 0xb1, 0x48, 0x83, 0x70, 0x6d, 0x9c, 0xd7, 0x57, 0x28, 0x9b, 0x07, 0xc8, 0x6f },
      .mod      = {
        0x00, 0x00, 0x00, 0x00, 0x00, 0x00, 0x00, 0x00, 0x00, 0x00, 0x00, 0x00, 0x00, 0x00, 0x00, 0x00,
        0x00, 0x00, 0x00, 0x00, 0x00, 0x00, 0x00, 0x00, 0x00, 0x00, 0x00, 0x00, 0x00, 0x00, 0x00, 0x00,
        0x00, 0x00, 0x00, 0x00, 0x00, 0x00, 0x00, 0x00, 0x00, 0x00, 0x00, 0x00, 0x00, 0x00, 0x00, 0x00,
        0x00, 0x00, 0x00, 0x00, 0x00, 0x00, 0x00, 0x00, 0x00, 0x00, 0x00, 0x00, 0x00, 0x00, 0x00, 0x00,
        0x00, 0x00, 0x00, 0x00, 0x00, 0x00, 0x00, 0x00, 0x00, 0x00, 0x00, 0x00, 0x00, 0x00, 0x00, 0x00,
        0x00, 0x00, 0x00, 0x00, 0x00, 0x00, 0x00, 0x00, 0x00, 0x00, 0x00, 0x00, 0x00, 0x00, 0x00, 0x00,
        0x00, 0x00, 0x00, 0x00, 0x00, 0x00, 0x00, 0x00, 0x00, 0x00, 0x00, 0x00, 0x00, 0x00, 0x00, 0x00,
        0x00, 0x00, 0x00, 0x00, 0x00, 0x00, 0x00, 0x00, 0x00, 0x00, 0x00, 0x00, 0x00, 0x00, 0x00, 0x00,
        0x00, 0x00, 0x00, 0x00, 0x00, 0x00, 0x00, 0x00, 0x00, 0x00, 0x00, 0x00, 0x00, 0x00, 0x00, 0x00,
        0x00, 0x00, 0x00, 0x00, 0x00, 0x00, 0x00, 0x00, 0x00, 0x00, 0x00, 0x00, 0x00, 0x00, 0x00, 0x00,
        0x00, 0x00, 0x00, 0x00, 0x00, 0x00, 0x00, 0x00, 0x00, 0x00, 0x00, 0x00, 0x00, 0x00, 0x00, 0x00,
        0x00, 0x00, 0x00, 0x00, 0x00, 0x00, 0x00, 0x00, 0x00, 0x00, 0x00, 0x00, 0x00, 0x00, 0x00, 0x00,
        0x00, 0x00, 0x00, 0x00, 0x00, 0x00, 0x00, 0x00, 0x00, 0x00, 0x00, 0x00, 0x00, 0x00, 0x00, 0x00,
        0x00, 0x00, 0x00, 0x00, 0x00, 0x00, 0x00, 0x00, 0x00, 0x00, 0x00, 0x00, 0x00, 0x00, 0x00, 0x00,
        0x00, 0x00, 0x00, 0x00, 0x00, 0x00, 0x00, 0x00, 0x00, 0x00, 0x00, 0x00, 0x00, 0x00, 0x00, 0x00,
        0x00, 0x00, 0x00, 0x00, 0x00, 0x00, 0x00, 0x00, 0x00, 0x00, 0x00, 0x00, 0x00, 0x00, 0x00, 0x00,
        0x00, 0x00, 0x00, 0x00, 0x00, 0x00, 0x00, 0x00, 0x00, 0x00, 0x00, 0x00, 0x00, 0x00, 0x00, 0x00,
        0x00, 0x00, 0x00, 0x00, 0x00, 0x00, 0x00, 0x00, 0x00, 0x00, 0x00, 0x00, 0x00, 0x00, 0x00, 0x00,
        0x00, 0x00, 0x00, 0x00, 0x00, 0x00, 0x00, 0x00, 0x00, 0x00, 0x00, 0x00, 0x00, 0x00, 0x00, 0x00,
        0x00, 0x00, 0x00, 0x00, 0x00, 0x00, 0x00, 0x00, 0x00, 0x00, 0x00, 0x00, 0x00, 0x00, 0x00, 0x00,
        0x00, 0x00, 0x00, 0x00, 0x00, 0x00, 0x00, 0x00, 0x00, 0x00, 0x00, 0x00, 0x00, 0x00, 0x00, 0x00,
        0x00, 0x00, 0x00, 0x00, 0x00, 0x00, 0x00, 0x00, 0x00, 0x00, 0x00, 0x00, 0x00, 0x00, 0x00, 0x00,
        0x00, 0x00, 0x00, 0x00, 0x00, 0x00, 0x00, 0x00, 0x00, 0x00, 0x00, 0x00, 0x00, 0x00, 0x00, 0x00,
        0x00, 0x00, 0x00, 0x00, 0x00, 0x00, 0x00, 0x00, 0x00, 0x00, 0x00, 0x00, 0x00, 0x00, 0x00, 0x00,
        0x00, 0x00, 0x00, 0x00, 0x00, 0x00, 0x00, 0x00, 0x00, 0x00, 0x00, 0x00, 0x00, 0x00, 0x00, 0x00,
        0x00, 0x00, 0x00, 0x00, 0x00, 0x00, 0x00, 0x00, 0x00, 0x00, 0x00, 0x00, 0x00, 0x00, 0x00, 0x00,
        0x00, 0x00, 0x00, 0x00, 0x00, 0x00, 0x00, 0x00, 0x00, 0x00, 0x00, 0x00, 0x00, 0x00, 0x00, 0x00,
        0x00, 0x00, 0x00, 0x00, 0x00, 0x00, 0x00, 0x00, 0x00, 0x00, 0x00, 0x00, 0x00, 0x00, 0x00, 0x00,
        0x00, 0x00, 0x00, 0x00, 0x00, 0x00, 0x00, 0x00, 0x00, 0x00, 0x00, 0x00, 0x00, 0x00, 0x00, 0x00,
        0x00, 0x00, 0x00, 0x00, 0x00, 0x00, 0x00, 0x00, 0x00, 0x00, 0x00, 0x00, 0x00, 0x00, 0x00, 0x00,
        0xfb, 0xd7, 0x80, 0xb6, 0x16, 0x61, 0x57, 0x79, 0xf2, 0x94, 0xdd, 0x4a, 0x0a, 0x23, 0x62, 0x42,
        0x76, 0x11, 0xfe, 0x17, 0x13, 0x27, 0x5a, 0x62, 0x45, 0x05, 0x3d, 0x8e, 0xc6, 0xdc, 0x2b, 0x95 },
      .expected = {
        0x00, 0x00, 0x00, 0x00, 0x00, 0x00, 0x00, 0x00, 0x00, 0x00, 0x00, 0x00, 0x00, 0x00, 0x00, 0x00,
        0x00, 0x00, 0x00, 0x00, 0x00, 0x00, 0x00, 0x00, 0x00, 0x00, 0x00, 0x00, 0x00, 0x00, 0x00, 0x00,
        0x00, 0x00, 0x00, 0x00, 0x00, 0x00, 0x00, 0x00, 0x00, 0x00, 0x00, 0x00, 0x00, 0x00, 0x00, 0x00,
        0x00, 0x00, 0x00, 0x00, 0x00, 0x00, 0x00, 0x00, 0x00, 0x00, 0x00, 0x00, 0x00, 0x00, 0x00, 0x00,
        0x00, 0x00, 0x00, 0x00, 0x00, 0x00, 0x00, 0x00, 0x00, 0x00, 0x00, 0x00, 0x00, 0x00, 0x00, 0x00,
        0x00, 0x00, 0x00, 0x00, 0x00, 0x00, 0x00, 0x00, 0x00, 0x00, 0x00, 0x00, 0x00, 0x00, 0x00, 0x00,
        0x00, 0x00, 0x00, 0x00, 0x00, 0x00, 0x00, 0x00, 0x00, 0x00, 0x00, 0x00, 0x00, 0x00, 0x00, 0x00,
        0x00, 0x00, 0x00, 0x00, 0x00, 0x00, 0x00, 0x00, 0x00, 0x00, 0x00, 0x00, 0x00, 0x00, 0x00, 0x00,
        0x00, 0x00, 0x00, 0x00, 0x00, 0x00, 0x00, 0x00, 0x00, 0x00, 0x00, 0x00, 0x00, 0x00, 0x00, 0x00,
        0x00, 0x00, 0x00, 0x00, 0x00, 0x00, 0x00, 0x00, 0x00, 0x00, 0x00, 0x00, 0x00, 0x00, 0x00, 0x00,
        0x00, 0x00, 0x00, 0x00, 0x00, 0x00, 0x00, 0x00, 0x00, 0x00, 0x00, 0x00, 0x00, 0x00, 0x00, 0x00,
        0x00, 0x00, 0x00, 0x00, 0x00, 0x00, 0x00, 0x00, 0x00, 0x00, 0x00, 0x00, 0x00, 0x00, 0x00, 0x00,
        0x00, 0x00, 0x00, 0x00, 0x00, 0x00, 0x00, 0x00, 0x00, 0x00, 0x00, 0x00, 0x00, 0x00, 0x00, 0x00,
        0x00, 0x00, 0x00, 0x00, 0x00, 0x00, 0x00, 0x00, 0x00, 0x00, 0x00, 0x00, 0x00, 0x00, 0x00, 0x00,
        0x00, 0x00, 0x00, 0x00, 0x00, 0x00, 0x00, 0x00, 0x00, 0x00, 0x00, 0x00, 0x00, 0x00, 0x00, 0x00,
        0x00, 0x00, 0x00, 0x00, 0x00, 0x00, 0x00, 0x00, 0x00, 0x00, 0x00, 0x00, 0x00, 0x00, 0x00, 0x00,
        0x00, 0x00, 0x00, 0x00, 0x00, 0x00, 0x00, 0x00, 0x00, 0x00, 0x00, 0x00, 0x00, 0x00, 0x00, 0x00,
        0x00, 0x00, 0x00, 0x00, 0x00, 0x00, 0x00, 0x00, 0x00, 0x00, 0x00, 0x00, 0x00, 0x00, 0x00, 0x00,
        0x00, 0x00, 0x00, 0x00, 0x00, 0x00, 0x00, 0x00, 0x00, 0x00, 0x00, 0x00, 0x00, 0x00, 0x00, 0x00,
        0x00, 0x00, 0x00, 0x00, 0x00, 0x00, 0x00, 0x00, 0x00, 0x00, 0x00, 0x00, 0x00, 0x00, 0x00, 0x00,
        0x00, 0x00, 0x00, 0x00, 0x00, 0x00, 0x00, 0x00, 0x00, 0x00, 0x00, 0x00, 0x00, 0x00, 0x00, 0x00,
        0x00, 0x00, 0x00, 0x00, 0x00, 0x00, 0x00, 0x00, 0x00, 0x00, 0x00, 0x00, 0x00, 0x00, 0x00, 0x00,
        0x00, 0x00, 0x00, 0x00, 0x00, 0x00, 0x00, 0x00, 0x00, 0x00, 0x00, 0x00, 0x00, 0x00, 0x00, 0x00,
        0x00, 0x00, 0x00, 0x00, 0x00, 0x00, 0x00, 0x00, 0x00, 0x00, 0x00, 0x00, 0x00, 0x00, 0x00, 0x00,
        0x00, 0x00, 0x00, 0x00, 0x00, 0x00, 0x00, 0x00, 0x00, 0x00, 0x00, 0x00, 0x00, 0x00, 0x00, 0x00,
        0x00, 0x00, 0x00, 0x00, 0x00, 0x00, 0x00, 0x00, 0x00, 0x00, 0x00, 0x00, 0x00, 0x00, 0x00, 0x00,
        0x00, 0x00, 0x00, 0x00, 0x00, 0x00, 0x00, 0x00, 0x00, 0x00, 0x00, 0x00, 0x00, 0x00, 0x00, 0x00,
        0x00, 0x00, 0x00, 0x00, 0x00, 0x00, 0x00, 0x00, 0x00, 0x00, 0x00, 0x00, 0x00, 0x00, 0x00, 0x00,
        0x00, 0x00, 0x00, 0x00, 0x00, 0x00, 0x00, 0x00, 0x00, 0x00, 0x00, 0x00, 0x00, 0x00, 0x00, 0x00,
        0x00, 0x00, 0x00, 0x00, 0x00, 0x00, 0x00, 0x00, 0x00, 0x00, 0x00, 0x00, 0x00, 0x00, 0x00, 0x00,
        0x07, 0xc3, 0x47, 0xbe, 0x8a, 0x8a, 0x8c, 0x55, 0xce, 0xf4, 0x05, 0x26, 0x5a, 0xb7, 0xae, 0xc6,
        0xbb, 0x1c, 0x69, 0xd7, 0x2d, 0x19, 0xaf, 0x5f, 0xf6, 0xa8, 0xc8, 0xa4, 0x15, 0xfe, 0xb6, 0xee } },
    /* random 512-bit mod, 24-bit exp */
    { .n_len = 64,
      .full_exp = false,
      .base     = {
        0x00, 0x00, 0x00, 0x00, 0x00, 0x00, 0x00, 0x00, 0x00, 0x00, 0x00, 0x00, 0x00, 0x00, 0x00, 0x00,
        0x00, 0x00, 0x00, 0x00, 0x00, 0x00, 0x00, 0x00, 0x00, 0x00, 0x00, 0x00, 0x00, 0x00, 0x00, 0x00,
        0x00, 0x00, 0x00, 0x00, 0x00, 0x00, 0x00, 0x00, 0x00, 0x00, 0x00, 0x00, 0x00, 0x00, 0x00, 0x00,
        0x00, 0x00, 0x00, 0x00, 0x00, 0x00, 0x00, 0x00, 0x00, 0x00, 0x00, 0x00, 0x00, 0x00, 0x00, 0x00,
        0x00, 0x00, 0x00, 0x00, 0x00, 0x00, 0x00, 0x00, 0x00, 0x00, 0x00, 0x00, 0x00, 0x00, 0x00, 0x00,
        0x00, 0x00, 0x00, 0x00, 0x00, 0x00, 0x00, 0x00, 0x00, 0x00, 0x00, 0x00, 0x00, 0x00, 0x00, 0x00,
        0x00, 0x00, 0x00, 0x00, 0x00, 0x00, 0x00, 0x00, 0x00, 0x00, 0x00, 0x00, 0x00, 0x00, 0x00, 0x00,
        0x00, 0x00, 0x00, 0x00, 0x00, 0x00, 0x00, 0x00, 0x00, 0x00, 0x00, 0x00, 0x00, 0x00, 0x00, 0x00,
        0x00, 0x00, 0x00, 0x00, 0x00, 0x00, 0x00, 0x00, 0x00, 0x00, 0x00, 0x00, 0x00, 0x00, 0x00, 0x00,
        0x00, 0x00, 0x00, 0x00, 0x00, 0x00, 0x00, 0x00, 0x00, 0x00, 0x00, 0x00, 0x00, 0x00, 0x00, 0x00,
        0x00, 0x00, 0x00, 0x00, 0x00, 0x00, 0x00, 0x00, 0x00, 0x00, 0x00, 0x00, 0x00, 0x00, 0x00, 0x00,
        0x00, 0x00, 0x00, 0x00, 0x00, 0x00, 0x00, 0x00, 0x00, 0x00, 0x00, 0x00, 0x00, 0x00, 0x00, 0x00,
        0x00, 0x00, 0x00, 0x00, 0x00, 0x00, 0x00, 0x00, 0x00, 0x00, 0x00, 0x00, 0x00, 0x00, 0x00, 0x00,
        0x00, 0x00, 0x00, 0x00, 0x00, 0x00, 0x00, 0x00, 0x00, 0x00, 0x00, 0x00, 0x00, 0x00, 0x00, 0x00,
        0x00, 0x00, 0x00, 0x00, 0x00, 0x00, 0x00, 0x00, 0x00, 0x00, 0x00, 0x00, 0x00, 0x00, 0x00, 0x00,
        0x00, 0x00, 0x00, 0x00, 0x00, 0x00, 0x00, 0x00, 0x00, 0x00, 0x00, 0x00, 0x00, 0x00, 0x00, 0x00,
        0x00, 0x00, 0x00, 0x00, 0x00, 0x00, 0x00, 0x00, 0x00, 0x00, 0x00, 0x00, 0x00, 0x00, 0x00, 0x00,
        0x00, 0x00, 0x00, 0x00, 0x00, 0x00, 0x00, 0x00, 0x00, 0x00, 0x00, 0x00, 0x00, 0x00, 0x00, 0x00,
        0x00, 0x00, 0x00, 0x00, 0x00, 0x00, 0x00, 0x00, 0x00, 0x00, 0x00, 0x00, 0x00, 0x00, 0x00, 0x00,
        0x00, 0x00, 0x00, 0x00, 0x00, 0x00, 0x00, 0x00, 0x00, 0x00, 0x00, 0x00, 0x00, 0x00, 0x00, 0x00,
        0x00, 0x00, 0x00, 0x00, 0x00, 0x00, 0x00, 0x00, 0x00, 0x00, 0x00, 0x00, 0x00, 0x00, 0x00, 0x00,
        0x00, 0x00, 0x00, 0x00, 0x00, 0x00, 0x00, 0x00, 0x00, 0x00, 0x00, 0x00, 0x00, 0x00, 0x00, 0x00,
        0x00, 0x00, 0x00, 0x00, 0x00, 0x00, 0x00, 0x00, 0x00, 0x00, 0x00, 0x00, 0x00, 0x00, 0x00, 0x00,
        0x00, 0x00, 0x00, 0x00, 0x00, 0x00, 0x00, 0x00, 0x00, 0x00, 0x00, 0x00, 0x00, 0x00, 0x00, 0x00,
        0x00, 0x00, 0x00, 0x00, 0x00, 0x00, 0x00, 0x00, 0x00, 0x00, 0x00, 0x00, 0x00, 0x00, 0x00, 0x00,
        0x00, 0x00, 0x00, 0x00, 0x00, 0x00, 0x00, 0x00, 0x00, 0x00, 0x00, 0x00, 0x00, 0x00, 0x00, 0x00,
        0x00, 0x00, 0x00, 0x00, 0x00, 0x00, 0x00, 0x00, 0x00, 0x00, 0x00, 0x00, 0x00, 0x00, 0x00, 0x00,
        0x00, 0x00, 0x00, 0x00, 0x00, 0x00, 0x00, 0x00, 0x00, 0x00, 0x00, 0x00, 0x00, 0x00, 0x00, 0x00,
        0x73, 0x75, 0x9b, 0xce, 0x39, 0x72, 0xd5, 0x6b, 0xe1, 0x92, 0x83, 0xcc, 0xa2, 0xdb, 0x98, 0x45,
        0x02, 0xa0, 0xa5, 0x4a, 0x01, 0xf2, 0x7e, 0xd4, 0x3a, 0x17, 0xdd, 0xed, 0xd1, 0x21, 0x00, 0x42,
        0xb7, 0xdb, 0x8c, 0x6c, 0x61, 0x78, 0xe1, 0x3c, 0xc7, 0x96, 0x33, 0x28, 0x59, 0xc2, 0x87, 0xef,
        0x85, 0x30, 0xbb, 0x98, 0x11, 0xc1, 0x6a, 0x25, 0x93, 0xe9, 0x9d, 0xc0, 0xf5, 0x1c, 0x26, 0x2a },
      .exp      = {
        0x00, 0x00, 0x00, 0x00, 0x00, 0x00, 0x00, 0x00, 0x00, 0x00, 0x00, 0x00, 0x00, 0x00, 0x00, 0x00,
        0x00, 0x00, 0x00, 0x00, 0x00, 0x00, 0x00, 0x00, 0x00, 0x00, 0x00, 0x00, 0x00, 0x00, 0x00, 0x00,
        0x00, 0x00, 0x00, 0x00, 0x00, 0x00, 0x00, 0x00, 0x00, 0x00, 0x00, 0x00, 0x00, 0x00, 0x00, 0x00,
        0x00, 0x00, 0x00, 0x00, 0x00, 0x00, 0x00, 0x00, 0x00, 0x00, 0x00, 0x00, 0x00, 0x00, 0x00, 0x00,
        0x00, 0x00, 0x00, 0x00, 0x00, 0x00, 0x00, 0x00, 0x00, 0x00, 0x00, 0x00, 0x00, 0x00, 0x00, 0x00,
        0x00, 0x00, 0x00, 0x00, 0x00, 0x00, 0x00, 0x00, 0x00, 0x00, 0x00, 0x00, 0x00, 0x00, 0x00, 0x00,
        0x00, 0x00, 0x00, 0x00, 0x00, 0x00, 0x00, 0x00, 0x00, 0x00, 0x00, 0x00, 0x00, 0x00, 0x00, 0x00,
        0x00, 0x00, 0x00, 0x00, 0x00, 0x00, 0x00, 0x00, 0x00, 0x00, 0x00, 0x00, 0x00, 0x00, 0x00, 0x00,
        0x00, 0x00, 0x00, 0x00, 0x00, 0x00, 0x00, 0x00, 0x00, 0x00, 0x00, 0x00, 0x00, 0x00, 0x00, 0x00,
        0x00, 0x00, 0x00, 0x00, 0x00, 0x00, 0x00, 0x00, 0x00, 0x00, 0x00, 0x00, 0x00, 0x00, 0x00, 0x00,
        0x00, 0x00, 0x00, 0x00, 0x00, 0x00, 0x00, 0x00, 0x00, 0x00, 0x00, 0x00, 0x00, 0x00, 0x00, 0x00,
        0x00, 0x00, 0x00, 0x00, 0x00, 0x00, 0x00, 0x00, 0x00, 0x00, 0x00, 0x00, 0x00, 0x00, 0x00, 0x00,
        0x00, 0x00, 0x00, 0x00, 0x00, 0x00, 0x00, 0x00, 0x00, 0x00, 0x00, 0x00, 0x00, 0x00, 0x00, 0x00,
        0x00, 0x00, 0x00, 0x00, 0x00, 0x00, 0x00, 0x00, 0x00, 0x00, 0x00, 0x00, 0x00, 0x00, 0x00, 0x00,
        0x00, 0x00, 0x00, 0x00, 0x00, 0x00, 0x00, 0x00, 0x00, 0x00, 0x00, 0x00, 0x00, 0x00, 0x00, 0x00,
        0x00, 0x00, 0x00, 0x00, 0x00, 0x00, 0x00, 0x00, 0x00, 0x00, 0x00, 0x00, 0x00, 0x00, 0x00, 0x00,
        0x00, 0x00, 0x00, 0x00, 0x00, 0x00, 0x00, 0x00, 0x00, 0x00, 0x00, 0x00, 0x00, 0x00, 0x00, 0x00,
        0x00, 0x00, 0x00, 0x00, 0x00, 0x00, 0x00, 0x00, 0x00, 0x00, 0x00, 0x00, 0x00, 0x00, 0x00, 0x00,
        0x00, 0x00, 0x00, 0x00, 0x00, 0x00, 0x00, 0x00, 0x00, 0x00, 0x00, 0x00, 0x00, 0x00, 0x00, 0x00,
        0x00, 0x00, 0x00, 0x00, 0x00, 0x00, 0x00, 0x00, 0x00, 0x00, 0x00, 0x00, 0x00, 0x00, 0x00, 0x00,
        0x00, 0x00, 0x00, 0x00, 0x00, 0x00, 0x00, 0x00, 0x00, 0x00, 0x00, 0x00, 0x00, 0x00, 0x00, 0x00,
        0x00, 0x00, 0x00, 0x00, 0x00, 0x00, 0x00, 0x00, 0x00, 0x00, 0x00, 0x00, 0x00, 0x00, 0x00, 0x00,
        0x00, 0x00, 0x00, 0x00, 0x00, 0x00, 0x00, 0x00, 0x00, 0x00, 0x00, 0x00, 0x00, 0x00, 0x00, 0x00,
        0x00, 0x00, 0x00, 0x00, 0x00, 0x00, 0x00, 0x00, 0x00, 0x00, 0x00, 0x00, 0x00, 0x00, 0x00, 0x00,
        0x00, 0x00, 0x00, 0x00, 0x00, 0x00, 0x00, 0x00, 0x00, 0x00, 0x00, 0x00, 0x00, 0x00, 0x00, 0x00,
        0x00, 0x00, 0x00, 0x00, 0x00, 0x00, 0x00, 0x00, 0x00, 0x00, 0x00, 0x00, 0x00, 0x00, 0x00, 0x00,
        0x00, 0x00, 0x00, 0x00, 0x00, 0x00, 0x00, 0x00, 0x00, 0x00, 0x00, 0x00, 0x00, 0x00, 0x00, 0x00,
        0x00, 0x00, 0x00, 0x00, 0x00, 0x00, 0x00, 0x00, 0x00, 0x00, 0x00, 0x00, 0x00, 0x00, 0x00, 0x00,
        0x00, 0x00, 0x00, 0x00, 0x00, 0x00, 0x00, 0x00, 0x00, 0x00, 0x00, 0x00, 0x00, 0x00, 0x00, 0x00,
        0x00, 0x00, 0x00, 0x00, 0x00, 0x00, 0x00, 0x00, 0x00, 0x00, 0x00, 0x00, 0x00, 0x00, 0x00, 0x00,
        0x00, 0x00, 0x00, 0x00, 0x00, 0x00, 0x00, 0x00, 0x00, 0x00, 0x00, 0x00, 0x00, 0x00, 0x00, 0x00,
        0x00, 0x00, 0x00, 0x00, 0x00, 0x00, 0x00, 0x00, 0x00, 0x00, 0x00, 0x00, 0x00, 0x06, 0xaa, 0x8e },
      .mod      = {
        0x00, 0x00, 0x00, 0x00, 0x00, 0x00, 0x00, 0x00, 0x00, 0x00, 0x00, 0x00, 0x00, 0x00, 0x00, 0x00,
        0x00, 0x00, 0x00, 0x00, 0x00, 0x00, 0x00, 0x00, 0x00, 0x00, 0x00, 0x00, 0x00, 0x00, 0x00, 0x00,
        0x00, 0x00, 0x00, 0x00, 0x00, 0x00, 0x00, 0x00, 0x00, 0x00, 0x00, 0x00, 0x00, 0x00, 0x00, 0x00,
        0x00, 0x00, 0x00, 0x00, 0x00, 0x00, 0x00, 0x00, 0x00, 0x00, 0x00, 0x00, 0x00, 0x00, 0x00, 0x00,
        0x00, 0x00, 0x00, 0x00, 0x00, 0x00, 0x00, 0x00, 0x00, 0x00, 0x00, 0x00, 0x00, 0x00, 0x00, 0x00,
        0x00, 0x00, 0x00, 0x00, 0x00, 0x00, 0x00, 0x00, 0x00, 0x00, 0x00, 0x00, 0x00, 0x00, 0x00, 0x00,
        0x00, 0x00, 0x00, 0x00, 0x00, 0x00, 0x00, 0x00, 0x00, 0x00, 0x00, 0x00, 0x00, 0x00, 0x00, 0x00,
        0x00, 0x00, 0x00, 0x00, 0x00, 0x00, 0x00, 0x00, 0x00, 0x00, 0x00, 0x00, 0x00, 0x00, 0x00, 0x00,
        0x00, 0x00, 0x00, 0x00, 0x00, 0x00, 0x00, 0x00, 0x00, 0x00, 0x00, 0x00, 0x00, 0x00, 0x00, 0x00,
        0x00, 0x00, 0x00, 0x00, 0x00, 0x00, 0x00, 0x00, 0x00, 0x00, 0x00, 0x00, 0x00, 0x00, 0x00, 0x00,
        0x00, 0x00, 0x00, 0x00, 0x00, 0x00, 0x00, 0x00, 0x00, 0x00, 0x00, 0x00, 0x00, 0x00, 0x00, 0x00,
        0x00, 0x00, 0x00, 0x00, 0x00, 0x00, 0x00, 0x00, 0x00, 0x00, 0x00, 0x00, 0x00, 0x00, 0x00, 0x00,
        0x00, 0x00, 0x00, 0x00, 0x00, 0x00, 0x00, 0x00, 0x00, 0x00, 0x00, 0x00, 0x00, 0x00, 0x00, 0x00,
        0x00, 0x00, 0x00, 0x00, 0x00, 0x00, 0x00, 0x00, 0x00, 0x00, 0x00, 0x00, 0x00, 0x00, 0x00, 0x00,
        0x00, 0x00, 0x00, 0x00, 0x00, 0x00, 0x00, 0x00, 0x00, 0x00, 0x00, 0x00, 0x00, 0x00, 0x00, 0x00,
        0x00, 0x00, 0x00, 0x00, 0x00, 0x00, 0x00, 0x00, 0x00, 0x00, 0x00, 0x00, 0x00, 0x00, 0x00, 0x00,
        0x00, 0x00, 0x00, 0x00, 0x00, 0x00, 0x00, 0x00, 0x00, 0x00, 0x00, 0x00, 0x00, 0x00, 0x00, 0x00,
        0x00, 0x00, 0x00, 0x00, 0x00, 0x00, 0x00, 0x00, 0x00, 0x00, 0x00, 0x00, 0x00, 0x00, 0x00, 0x00,
        0x00, 0x00, 0x00, 0x00, 0x00, 0x00, 0x00, 0x00, 0x00, 0x00, 0x00, 0x00, 0x00, 0x00, 0x00, 0x00,
        0x00, 0x00, 0x00, 0x00, 0x00, 0x00, 0x00, 0x00, 0x00, 0x00, 0x00, 0x00, 0x00, 0x00, 0x00, 0x00,
        0x00, 0x00, 0x00, 0x00, 0x00, 0x00, 0x00, 0x00, 0x00, 0x00, 0x00, 0x00, 0x00, 0x00, 0x00, 0x00,
        0x00, 0x00, 0x00, 0x00, 0x00, 0x00, 0x00, 0x00, 0x00, 0x00, 0x00, 0x00, 0x00, 0x00, 0x00, 0x00,
        0x00, 0x00, 0x00, 0x00, 0x00, 0x00, 0x00, 0x00, 0x00, 0x00, 0x00, 0x00, 0x00, 0x00, 0x00, 0x00,
        0x00, 0x00, 0x00, 0x00, 0x00, 0x00, 0x00, 0x00, 0x00, 0x00, 0x00, 0x00, 0x00, 0x00, 0x00, 0x00,
        0x00, 0x00, 0x00, 0x00, 0x00, 0x00, 0x00, 0x00, 0x00, 0x00, 0x00, 0x00, 0x00, 0x00, 0x00, 0x00,
        0x00, 0x00, 0x00, 0x00, 0x00, 0x00, 0x00, 0x00, 0x00, 0x00, 0x00, 0x00, 0x00, 0x00, 0x00, 0x00,
        0x00, 0x00, 0x00, 0x00, 0x00, 0x00, 0x00, 0x00, 0x00, 0x00, 0x00, 0x00, 0x00, 0x00, 0x00, 0x00,
        0x00, 0x00, 0x00, 0x00, 0x00, 0x00, 0x00, 0x00, 0x00, 0x00, 0x00, 0x00, 0x00, 0x00, 0x00, 0x00,
        0xe7, 0x4e, 0x79, 0xfa, 0x64, 0x03, 0x85, 0x67, 0x75, 0x94, 0x1d, 0x19, 0x92, 0x02, 0x0b, 0xca,
        0x55, 0xae, 0x95, 0x56, 0x6b, 0x0a, 0x83, 0x40, 0x24, 0xa8, 0x0d, 0x52, 0x2b, 0x6c, 0xff, 0x1e,
        0x98, 0xad, 0x33, 0xaf, 0xc3, 0xa9, 0xca, 0xbe, 0x17, 0x76, 0x07, 0x40, 0x6a, 0x97, 0xd4, 0x96,
        0x64, 0xc8, 0x10, 0xd7, 0x1e, 0x44, 0x54, 0x11, 0xca, 0xe1, 0x75, 0x6d, 0x33, 0x20, 0x53, 0x0b },
      .expected = {
        0x00, 0x00, 0x00, 0x00, 0x00, 0x00, 0x00, 0x00, 0x00, 0x00, 0x00, 0x00, 0x00, 0x00, 0x00, 0x00,
        0x00, 0x00, 0x00, 0x00, 0x00, 0x00, 0x00, 0x00, 0x00, 0x00, 0x00, 0x00, 0x00, 0x00, 0x00, 0x00,
        0x00, 0x00, 0x00, 0x00, 0x00, 0x00, 0x00, 0x00, 0x00, 0x00, 0x00, 0x00, 0x00, 0x00, 0x00, 0x00,
        0x00, 0x00, 0x00, 0x00, 0x00, 0x00, 0x00, 0x00, 0x00, 0x00, 0x00, 0x00, 0x00, 0x00, 0x00, 0x00,
        0x00, 0x00, 0x00, 0x00, 0x00, 0x00, 0x00, 0x00, 0x00, 0x00, 0x00, 0x00, 0x00, 0x00, 0x00, 0x00,
        0x00, 0x00, 0x00, 0x00, 0x00, 0x00, 0x00, 0x00, 0x00, 0x00, 0x00, 0x00, 0x00, 0x00, 0x00, 0x00,
        0x00, 0x00, 0x00, 0x00, 0x00, 0x00, 0x00, 0x00, 0x00, 0x00, 0x00, 0x00, 0x00, 0x00, 0x00, 0x00,
        0x00, 0x00, 0x00, 0x00, 0x00, 0x00, 0x00, 0x00, 0x00, 0x00, 0x00, 0x00, 0x00, 0x00, 0x00, 0x00,
        0x00, 0x00, 0x00, 0x00, 0x00, 0x00, 0x00, 0x00, 0x00, 0x00, 0x00, 0x00, 0x00, 0x00, 0x00, 0x00,
        0x00, 0x00, 0x00, 0x00, 0x00, 0x00, 0x00, 0x00, 0x00, 0x00, 0x00, 0x00, 0x00, 0x00, 0x00, 0x00,
        0x00, 0x00, 0x00, 0x00, 0x00, 0x00, 0x00, 0x00, 0x00, 0x00, 0x00, 0x00, 0x00, 0x00, 0x00, 0x00,
        0x00, 0x00, 0x00, 0x00, 0x00, 0x00, 0x00, 0x00, 0x00, 0x00, 0x00, 0x00, 0x00, 0x00, 0x00, 0x00,
        0x00, 0x00, 0x00, 0x00, 0x00, 0x00, 0x00, 0x00, 0x00, 0x00, 0x00, 0x00, 0x00, 0x00, 0x00, 0x00,
        0x00, 0x00, 0x00, 0x00, 0x00, 0x00, 0x00, 0x00, 0x00, 0x00, 0x00, 0x00, 0x00, 0x00, 0x00, 0x00,
        0x00, 0x00, 0x00, 0x00, 0x00, 0x00, 0x00, 0x00, 0x00, 0x00, 0x00, 0x00, 0x00, 0x00, 0x00, 0x00,
        0x00, 0x00, 0x00, 0x00, 0x00, 0x00, 0x00, 0x00, 0x00, 0x00, 0x00, 0x00, 0x00, 0x00, 0x00, 0x00,
        0x00, 0x00, 0x00, 0x00, 0x00, 0x00, 0x00, 0x00, 0x00, 0x00, 0x00, 0x00, 0x00, 0x00, 0x00, 0x00,
        0x00, 0x00, 0x00, 0x00, 0x00, 0x00, 0x00, 0x00, 0x00, 0x00, 0x00, 0x00, 0x00, 0x00, 0x00, 0x00,
        0x00, 0x00, 0x00, 0x00, 0x00, 0x00, 0x00, 0x00, 0x00, 0x00, 0x00, 0x00, 0x00, 0x00, 0x00, 0x00,
        0x00, 0x00, 0x00, 0x00, 0x00, 0x00, 0x00, 0x00, 0x00, 0x00, 0x00, 0x00, 0x00, 0x00, 0x00, 0x00,
        0x00, 0x00, 0x00, 0x00, 0x00, 0x00, 0x00, 0x00, 0x00, 0x00, 0x00, 0x00, 0x00, 0x00, 0x00, 0x00,
        0x00, 0x00, 0x00, 0x00, 0x00, 0x00, 0x00, 0x00, 0x00, 0x00, 0x00, 0x00, 0x00, 0x00, 0x00, 0x00,
        0x00, 0x00, 0x00, 0x00, 0x00, 0x00, 0x00, 0x00, 0x00, 0x00, 0x00, 0x00, 0x00, 0x00, 0x00, 0x00,
        0x00, 0x00, 0x00, 0x00, 0x00, 0x00, 0x00, 0x00, 0x00, 0x00, 0x00, 0x00, 0x00, 0x00, 0x00, 0x00,
        0x00, 0x00, 0x00, 0x00, 0x00, 0x00, 0x00, 0x00, 0x00, 0x00, 0x00, 0x00, 0x00, 0x00, 0x00, 0x00,
        0x00, 0x00, 0x00, 0x00, 0x00, 0x00, 0x00, 0x00, 0x00, 0x00, 0x00, 0x00, 0x00, 0x00, 0x00, 0x00,
        0x00, 0x00, 0x00, 0x00, 0x00, 0x00, 0x00, 0x00, 0x00, 0x00, 0x00, 0x00, 0x00, 0x00, 0x00, 0x00,
        0x00, 0x00, 0x00, 0x00, 0x00, 0x00, 0x00, 0x00, 0x00, 0x00, 0x00, 0x00, 0x00, 0x00, 0x00, 0x00,
        0x3f, 0x7f, 0xe4, 0x74, 0xbe, 0x16, 0xef, 0x50, 0x34, 0x45, 0xa3, 0xf1, 0x2d, 0x0c, 0x0f, 0x28,
        0x74, 0xe3, 0xa0, 0x2a, 0x0e, 0xac, 0x08, 0x1a, 0x9c, 0x65, 0xc0, 0x7e, 0x7f, 0xd6, 0x47, 0xde,
        0xff, 0xe3, 0xc2, 0xbb, 0x14, 0xb0, 0x1a, 0xff, 0x60, 0x92, 0x96, 0xf7, 0xe0, 0x9c, 0xb2, 0xb3,
        0x49, 0xbd, 0x6a, 0xbd, 0x38, 0x82, 0x5c, 0xa5, 0x3c, 0x9f, 0x6a, 0x90, 0xcf, 0x1a, 0xf6, 0x9e } },
    /* random 512-bit mod, full-width exp */
    { .n_len = 64,
      .full_exp = true,
      .base     = {
        0x00, 0x00, 0x00, 0x00, 0x00, 0x00, 0x00, 0x00, 0x00, 0x00, 0x00, 0x00, 0x00, 0x00, 0x00, 0x00,
        0x00, 0x00, 0x00, 0x00, 0x00, 0x00, 0x00, 0x00, 0x00, 0x00, 0x00, 0x00, 0x00, 0x00, 0x00, 0x00,
        0x00, 0x00, 0x00, 0x00, 0x00, 0x00, 0x00, 0x00, 0x00, 0x00, 0x00, 0x00, 0x00, 0x00, 0x00, 0x00,
        0x00, 0x00, 0x00, 0x00, 0x00, 0x00, 0x00, 0x00, 0x00, 0x00, 0x00, 0x00, 0x00, 0x00, 0x00, 0x00,
        0x00, 0x00, 0x00, 0x00, 0x00, 0x00, 0x00, 0x00, 0x00, 0x00, 0x00, 0x00, 0x00, 0x00, 0x00, 0x00,
        0x00, 0x00, 0x00, 0x00, 0x00, 0x00, 0x00, 0x00, 0x00, 0x00, 0x00, 0x00, 0x00, 0x00, 0x00, 0x00,
        0x00, 0x00, 0x00, 0x00, 0x00, 0x00, 0x00, 0x00, 0x00, 0x00, 0x00, 0x00, 0x00, 0x00, 0x00, 0x00,
        0x00, 0x00, 0x00, 0x00, 0x00, 0x00, 0x00, 0x00, 0x00, 0x00, 0x00, 0x00, 0x00, 0x00, 0x00, 0x00,
        0x00, 0x00, 0x00, 0x00, 0x00, 0x00, 0x00, 0x00, 0x00, 0x00, 0x00, 0x00, 0x00, 0x00, 0x00, 0x00,
        0x00, 0x00, 0x00, 0x00, 0x00, 0x00, 0x00, 0x00, 0x00, 0x00, 0x00, 0x00, 0x00, 0x00, 0x00, 0x00,
        0x00, 0x00, 0x00, 0x00, 0x00, 0x00, 0x00, 0x00, 0x00, 0x00, 0x00, 0x00, 0x00, 0x00, 0x00, 0x00,
        0x00, 0x00, 0x00, 0x00, 0x00, 0x00, 0x00, 0x00, 0x00, 0x00, 0x00, 0x00, 0x00, 0x00, 0x00, 0x00,
        0x00, 0x00, 0x00, 0x00, 0x00, 0x00, 0x00, 0x00, 0x00, 0x00, 0x00, 0x00, 0x00, 0x00, 0x00, 0x00,
        0x00, 0x00, 0x00, 0x00, 0x00, 0x00, 0x00, 0x00, 0x00, 0x00, 0x00, 0x00, 0x00, 0x00, 0x00, 0x00,
        0x00, 0x00, 0x00, 0x00, 0x00, 0x00, 0x00, 0x00, 0x00, 0x00, 0x00, 0x00, 0x00, 0x00, 0x00, 0x00,
        0x00, 0x00, 0x00, 0x00, 0x00, 0x00, 0x00, 0x00, 0x00, 0x00, 0x00, 0x00, 0x00, 0x00, 0x00, 0x00,
        0x00, 0x00, 0x00, 0x00, 0x00, 0x00, 0x00, 0x00, 0x00, 0x00, 0x00, 0x00, 0x00, 0x00, 0x00, 0x00,
        0x00, 0x00, 0x00, 0x00, 0x00, 0x00, 0x00, 0x00, 0x00, 0x00, 0x00, 0x00, 0x00, 0x00, 0x00, 0x00,
        0x00, 0x00, 0x00, 0x00, 0x00, 0x00, 0x00, 0x00, 0x00, 0x00, 0x00, 0x00, 0x00, 0x00, 0x00, 0x00,
        0x00, 0x00, 0x00, 0x00, 0x00, 0x00, 0x00, 0x00, 0x00, 0x00, 0x00, 0x00, 0x00, 0x00, 0x00, 0x00,
        0x00, 0x00, 0x00, 0x00, 0x00, 0x00, 0x00, 0x00, 0x00, 0x00, 0x00, 0x00, 0x00, 0x00, 0x00, 0x00,
        0x00, 0x00, 0x00, 0x00, 0x00, 0x00, 0x00, 0x00, 0x00, 0x00, 0x00, 0x00, 0x00, 0x00, 0x00, 0x00,
        0x00, 0x00, 0x00, 0x00, 0x00, 0x00, 0x00, 0x00, 0x00, 0x00, 0x00, 0x00, 0x00, 0x00, 0x00, 0x00,
        0x00, 0x00, 0x00, 0x00, 0x00, 0x00, 0x00, 0x00, 0x00, 0x00, 0x00, 0x00, 0x00, 0x00, 0x00, 0x00,
        0x00, 0x00, 0x00, 0x00, 0x00, 0x00, 0x00, 0x00, 0x00, 0x00, 0x00, 0x00, 0x00, 0x00, 0x00, 0x00,
        0x00, 0x00, 0x00, 0x00, 0x00, 0x00, 0x00, 0x00, 0x00, 0x00, 0x00, 0x00, 0x00, 0x00, 0x00, 0x00,
        0x00, 0x00, 0x00, 0x00, 0x00, 0x00, 0x00, 0x00, 0x00, 0x00, 0x00, 0x00, 0x00, 0x00, 0x00, 0x00,
        0x00, 0x00, 0x00, 0x00, 0x00, 0x00, 0x00, 0x00, 0x00, 0x00, 0x00, 0x00, 0x00, 0x00, 0x00, 0x00,
        0x22, 0xf3, 0xce, 0xc6, 0x83, 0xda, 0x86, 0x50, 0x8f, 0xd6, 0x90, 0xc3, 0xe8, 0x71, 0x34, 0x32,
        0x39, 0x4a, 0xd0, 0x26, 0x38, 0x0e, 0x03, 0x9d, 0xcc, 0x52, 0x3a, 0xab, 0x82, 0x0d, 0x79, 0xa5,
        0x1b, 0x81, 0xa2, 0x61, 0xb0, 0x35, 0x05, 0x49, 0x56, 0xf7, 0x4f, 0x83, 0x1b, 0xb9, 0x11, 0xea,
        0xc0, 0x52, 0x3c, 0x9f, 0x70, 0xe8, 0xa9, 0x8b, 0x46, 0xb7, 0x74, 0xa0, 0x65, 0xe7, 0xca, 0xea },
      .exp      = {
        0x00, 0x00, 0x00, 0x00, 0x00, 0x00, 0x00, 0x00, 0x00, 0x00, 0x00, 0x00, 0x00, 0x00, 0x00, 0x00,
        0x00, 0x00, 0x00, 0x00, 0x00, 0x00, 0x00, 0x00, 0x00, 0x00, 0x00, 0x00, 0x00, 0x00, 0x00, 0x00,
        0x00, 0x00, 0x00, 0x00, 0x00, 0x00, 0x00, 0x00, 0x00, 0x00, 0x00, 0x00, 0x00, 0x00, 0x00, 0x00,
        0x00, 0x00, 0x00, 0x00, 0x00, 0x00, 0x00, 0x00, 0x00, 0x00, 0x00, 0x00, 0x00, 0x00, 0x00, 0x00,
        0x00, 0x00, 0x00, 0x00, 0x00, 0x00, 0x00, 0x00, 0x00, 0x00, 0x00, 0x00, 0x00, 0x00, 0x00, 0x00,
        0x00, 0x00, 0x00, 0x00, 0x00, 0x00, 0x00, 0x00, 0x00, 0x00, 0x00, 0x00, 0x00, 0x00, 0x00, 0x00,
        0x00, 0x00, 0x00, 0x00, 0x00, 0x00, 0x00, 0x00, 0x00, 0x00, 0x00, 0x00, 0x00, 0x00, 0x00, 0x00,
        0x00, 0x00, 0x00, 0x00, 0x00, 0x00, 0x00, 0x00, 0x00, 0x00, 0x00, 0x00, 0x00, 0x00, 0x00, 0x00,
        0x00, 0x00, 0x00, 0x00, 0x00, 0x00, 0x00, 0x00, 0x00, 0x00, 0x00, 0x00, 0x00, 0x00, 0x00, 0x00,
        0x00, 0x00, 0x00, 0x00, 0x00, 0x00, 0x00, 0x00, 0x00, 0x00, 0x00, 0x00, 0x00, 0x00, 0x00, 0x00,
        0x00, 0x00, 0x00, 0x00, 0x00, 0x00, 0x00, 0x00, 0x00, 0x00, 0x00, 0x00, 0x00, 0x00, 0x00, 0x00,
        0x00, 0x00, 0x00, 0x00, 0x00, 0x00, 0x00, 0x00, 0x00, 0x00, 0x00, 0x00, 0x00, 0x00, 0x00, 0x00,
        0x00, 0x00, 0x00, 0x00, 0x00, 0x00, 0x00, 0x00, 0x00, 0x00, 0x00, 0x00, 0x00, 0x00, 0x00, 0x00,
        0x00, 0x00, 0x00, 0x00, 0x00, 0x00, 0x00, 0x00, 0x00, 0x00, 0x00, 0x00, 0x00, 0x00, 0x00, 0x00,
        0x00, 0x00, 0x00, 0x00, 0x00, 0x00, 0x00, 0x00, 0x00, 0x00, 0x00, 0x00, 0x00, 0x00, 0x00, 0x00,
        0x00, 0x00, 0x00, 0x00, 0x00, 0x00, 0x00, 0x00, 0x00, 0x00, 0x00, 0x00, 0x00, 0x00, 0x00, 0x00,
        0x00, 0x00, 0x00, 0x00, 0x00, 0x00, 0x00, 0x00, 0x00, 0x00, 0x00, 0x00, 0x00, 0x00, 0x00, 0x00,
        0x00, 0x00, 0x00, 0x00, 0x00, 0x00, 0x00, 0x00, 0x00, 0x00, 0x00, 0x00, 0x00, 0x00, 0x00, 0x00,
        0x00, 0x00, 0x00, 0x00, 0x00, 0x00, 0x00, 0x00, 0x00, 0x00, 0x00, 0x00, 0x00, 0x00, 0x00, 0x00,
        0x00, 0x00, 0x00, 0x00, 0x00, 0x00, 0x00, 0x00, 0x00, 0x00, 0x00, 0x00, 0x00, 0x00, 0x00, 0x00,
        0x00, 0x00, 0x00, 0x00, 0x00, 0x00, 0x00, 0x00, 0x00, 0x00, 0x00, 0x00, 0x00, 0x00, 0x00, 0x00,
        0x00, 0x00, 0x00, 0x00, 0x00, 0x00, 0x00, 0x00, 0x00, 0x00, 0x00, 0x00, 0x00, 0x00, 0x00, 0x00,
        0x00, 0x00, 0x00, 0x00, 0x00, 0x00, 0x00, 0x00, 0x00, 0x00, 0x00, 0x00, 0x00, 0x00, 0x00, 0x00,
        0x00, 0x00, 0x00, 0x00, 0x00, 0x00, 0x00, 0x00, 0x00, 0x00, 0x00, 0x00, 0x00, 0x00, 0x00, 0x00,
        0x00, 0x00, 0x00, 0x00, 0x00, 0x00, 0x00, 0x00, 0x00, 0x00, 0x00, 0x00, 0x00, 0x00, 0x00, 0x00,
        0x00, 0x00, 0x00, 0x00, 0x00, 0x00, 0x00, 0x00, 0x00, 0x00, 0x00, 0x00, 0x00, 0x00, 0x00, 0x00,
        0x00, 0x00, 0x00, 0x00, 0x00, 0x00, 0x00, 0x00, 0x00, 0x00, 0x00, 0x00, 0x00, 0x00, 0x00, 0x00,
        0x00, 0x00, 0x00, 0x00, 0x00, 0x00, 0x00, 0x00, 0x00, 0x00, 0x00, 0x00, 0x00, 0x00, 0x00, 0x00,
        0x17, 0x7d, 0xe2, 0x87, 0x8e, 0x98, 0xf0, 0x85, 0x0d, 0x20, 0x6f, 0xea, 0x50, 0x9a, 0x03, 0x40,
        0xc1, 0xa5, 0xd6, 0xc4, 0x75, 0x39, 0x43, 0x1a, 0x71, 0xef, 0x10, 0x25, 0xb2, 0x3b, 0xce, 0xa4,
        0x4f, 0xd1, 0xf9, 0xf3, 0x4c, 0xbe, 0x1c, 0x38, 0x78, 0x59, 0x8a, 0x8f, 0x69, 0x81, 0xa5, 0xa4,
        0xa0, 0xe2, 0xf2, 0x1c, 0x68, 0xc8, 0x60, 0xfd, 0x1c, 0x85, 0xa6, 0x50, 0xb6, 0xd1, 0xd8, 0x2d },
      .mod      = {
        0x00, 0x00, 0x00, 0x00, 0x00, 0x00, 0x00, 0x00, 0x00, 0x00, 0x00, 0x00, 0x00, 0x00, 0x00, 0x00,
        0x00, 0x00, 0x00, 0x00, 0x00, 0x00, 0x00, 0x00, 0x00, 0x00, 0x00, 0x00, 0x00, 0x00, 0x00, 0x00,
        0x00, 0x00, 0x00, 0x00, 0x00, 0x00, 0x00, 0x00, 0x00, 0x00, 0x00, 0x00, 0x00, 0x00, 0x00, 0x00,
        0x00, 0x00, 0x00, 0x00, 0x00, 0x00, 0x00, 0x00, 0x00, 0x00, 0x00, 0x00, 0x00, 0x00, 0x00, 0x00,
        0x00, 0x00, 0x00, 0x00, 0x00, 0x00, 0x00, 0x00, 0x00, 0x00, 0x00, 0x00, 0x00, 0x00, 0x00, 0x00,
        0x00, 0x00, 0x00, 0x00, 0x00, 0x00, 0x00, 0x00, 0x00, 0x00, 0x00, 0x00, 0x00, 0x00, 0x00, 0x00,
        0x00, 0x00, 0x00, 0x00, 0x00, 0x00, 0x00, 0x00, 0x00, 0x00, 0x00, 0x00, 0x00, 0x00, 0x00, 0x00,
        0x00, 0x00, 0x00, 0x00, 0x00, 0x00, 0x00, 0x00, 0x00, 0x00, 0x00, 0x00, 0x00, 0x00, 0x00, 0x00,
        0x00, 0x00, 0x00, 0x00, 0x00, 0x00, 0x00, 0x00, 0x00, 0x00, 0x00, 0x00, 0x00, 0x00, 0x00, 0x00,
        0x00, 0x00, 0x00, 0x00, 0x00, 0x00, 0x00, 0x00, 0x00, 0x00, 0x00, 0x00, 0x00, 0x00, 0x00, 0x00,
        0x00, 0x00, 0x00, 0x00, 0x00, 0x00, 0x00, 0x00, 0x00, 0x00, 0x00, 0x00, 0x00, 0x00, 0x00, 0x00,
        0x00, 0x00, 0x00, 0x00, 0x00, 0x00, 0x00, 0x00, 0x00, 0x00, 0x00, 0x00, 0x00, 0x00, 0x00, 0x00,
        0x00, 0x00, 0x00, 0x00, 0x00, 0x00, 0x00, 0x00, 0x00, 0x00, 0x00, 0x00, 0x00, 0x00, 0x00, 0x00,
        0x00, 0x00, 0x00, 0x00, 0x00, 0x00, 0x00, 0x00, 0x00, 0x00, 0x00, 0x00, 0x00, 0x00, 0x00, 0x00,
        0x00, 0x00, 0x00, 0x00, 0x00, 0x00, 0x00, 0x00, 0x00, 0x00, 0x00, 0x00, 0x00, 0x00, 0x00, 0x00,
        0x00, 0x00, 0x00, 0x00, 0x00, 0x00, 0x00, 0x00, 0x00, 0x00, 0x00, 0x00, 0x00, 0x00, 0x00, 0x00,
        0x00, 0x00, 0x00, 0x00, 0x00, 0x00, 0x00, 0x00, 0x00, 0x00, 0x00, 0x00, 0x00, 0x00, 0x00, 0x00,
        0x00, 0x00, 0x00, 0x00, 0x00, 0x00, 0x00, 0x00, 0x00, 0x00, 0x00, 0x00, 0x00, 0x00, 0x00, 0x00,
        0x00, 0x00, 0x00, 0x00, 0x00, 0x00, 0x00, 0x00, 0x00, 0x00, 0x00, 0x00, 0x00, 0x00, 0x00, 0x00,
        0x00, 0x00, 0x00, 0x00, 0x00, 0x00, 0x00, 0x00, 0x00, 0x00, 0x00, 0x00, 0x00, 0x00, 0x00, 0x00,
        0x00, 0x00, 0x00, 0x00, 0x00, 0x00, 0x00, 0x00, 0x00, 0x00, 0x00, 0x00, 0x00, 0x00, 0x00, 0x00,
        0x00, 0x00, 0x00, 0x00, 0x00, 0x00, 0x00, 0x00, 0x00, 0x00, 0x00, 0x00, 0x00, 0x00, 0x00, 0x00,
        0x00, 0x00, 0x00, 0x00, 0x00, 0x00, 0x00, 0x00, 0x00, 0x00, 0x00, 0x00, 0x00, 0x00, 0x00, 0x00,
        0x00, 0x00, 0x00, 0x00, 0x00, 0x00, 0x00, 0x00, 0x00, 0x00, 0x00, 0x00, 0x00, 0x00, 0x00, 0x00,
        0x00, 0x00, 0x00, 0x00, 0x00, 0x00, 0x00, 0x00, 0x00, 0x00, 0x00, 0x00, 0x00, 0x00, 0x00, 0x00,
        0x00, 0x00, 0x00, 0x00, 0x00, 0x00, 0x00, 0x00, 0x00, 0x00, 0x00, 0x00, 0x00, 0x00, 0x00, 0x00,
        0x00, 0x00, 0x00, 0x00, 0x00, 0x00, 0x00, 0x00, 0x00, 0x00, 0x00, 0x00, 0x00, 0x00, 0x00, 0x00,
        0x00, 0x00, 0x00, 0x00, 0x00, 0x00, 0x00, 0x00, 0x00, 0x00, 0x00, 0x00, 0x00, 0x00, 0x00, 0x00,
        0xee, 0x5d, 0xc1, 0x43, 0x52, 0xaf, 0x17, 0x9e, 0xf5, 0xb5, 0x42, 0x5f, 0x65, 0x44, 0x8d, 0xab,
        0x68, 0x29, 0xdf, 0xfe, 0xb4, 0xd1, 0x7d, 0x19, 0x74, 0x9c, 0xc3, 0x44, 0x80, 0x89, 0x1b, 0x2e,
        0xad, 0xe7, 0xb0, 0x71, 0xbf, 0x94, 0xa3, 0x74, 0x40, 0x58, 0x1f, 0x59, 0xba, 0xf2, 0x41, 0x7f,
        0xa2, 0x77, 0x26, 0x30, 0xd8, 0x4c, 0x98, 0xec, 0x76, 0xd0, 0xea, 0x63, 0x30, 0x63, 0xdd, 0xcb },
      .expected = {
        0x00, 0x00, 0x00, 0x00, 0x00, 0x00, 0x00, 0x00, 0x00, 0x00, 0x00, 0x00, 0x00, 0x00, 0x00, 0x00,
        0x00, 0x00, 0x00, 0x00, 0x00, 0x00, 0x00, 0x00, 0x00, 0x00, 0x00, 0x00, 0x00, 0x00, 0x00, 0x00,
        0x00, 0x00, 0x00, 0x00, 0x00, 0x00, 0x00, 0x00, 0x00, 0x00, 0x00, 0x00, 0x00, 0x00, 0x00, 0x00,
        0x00, 0x00, 0x00, 0x00, 0x00, 0x00, 0x00, 0x00, 0x00, 0x00, 0x00, 0x00, 0x00, 0x00, 0x00, 0x00,
        0x00, 0x00, 0x00, 0x00, 0x00, 0x00, 0x00, 0x00, 0x00, 0x00, 0x00, 0x00, 0x00, 0x00, 0x00, 0x00,
        0x00, 0x00, 0x00, 0x00, 0x00, 0x00, 0x00, 0x00, 0x00, 0x00, 0x00, 0x00, 0x00, 0x00, 0x00, 0x00,
        0x00, 0x00, 0x00, 0x00, 0x00, 0x00, 0x00, 0x00, 0x00, 0x00, 0x00, 0x00, 0x00, 0x00, 0x00, 0x00,
        0x00, 0x00, 0x00, 0x00, 0x00, 0x00, 0x00, 0x00, 0x00, 0x00, 0x00, 0x00, 0x00, 0x00, 0x00, 0x00,
        0x00, 0x00, 0x00, 0x00, 0x00, 0x00, 0x00, 0x00, 0x00, 0x00, 0x00, 0x00, 0x00, 0x00, 0x00, 0x00,
        0x00, 0x00, 0x00, 0x00, 0x00, 0x00, 0x00, 0x00, 0x00, 0x00, 0x00, 0x00, 0x00, 0x00, 0x00, 0x00,
        0x00, 0x00, 0x00, 0x00, 0x00, 0x00, 0x00, 0x00, 0x00, 0x00, 0x00, 0x00, 0x00, 0x00, 0x00, 0x00,
        0x00, 0x00, 0x00, 0x00, 0x00, 0x00, 0x00, 0x00, 0x00, 0x00, 0x00, 0x00, 0x00, 0x00, 0x00, 0x00,
        0x00, 0x00, 0x00, 0x00, 0x00, 0x00, 0x00, 0x00, 0x00, 0x00, 0x00, 0x00, 0x00, 0x00, 0x00, 0x00,
        0x00, 0x00, 0x00, 0x00, 0x00, 0x00, 0x00, 0x00, 0x00, 0x00, 0x00, 0x00, 0x00, 0x00, 0x00, 0x00,
        0x00, 0x00, 0x00, 0x00, 0x00, 0x00, 0x00, 0x00, 0x00, 0x00, 0x00, 0x00, 0x00, 0x00, 0x00, 0x00,
        0x00, 0x00, 0x00, 0x00, 0x00, 0x00, 0x00, 0x00, 0x00, 0x00, 0x00, 0x00, 0x00, 0x00, 0x00, 0x00,
        0x00, 0x00, 0x00, 0x00, 0x00, 0x00, 0x00, 0x00, 0x00, 0x00, 0x00, 0x00, 0x00, 0x00, 0x00, 0x00,
        0x00, 0x00, 0x00, 0x00, 0x00, 0x00, 0x00, 0x00, 0x00, 0x00, 0x00, 0x00, 0x00, 0x00, 0x00, 0x00,
        0x00, 0x00, 0x00, 0x00, 0x00, 0x00, 0x00, 0x00, 0x00, 0x00, 0x00, 0x00, 0x00, 0x00, 0x00, 0x00,
        0x00, 0x00, 0x00, 0x00, 0x00, 0x00, 0x00, 0x00, 0x00, 0x00, 0x00, 0x00, 0x00, 0x00, 0x00, 0x00,
        0x00, 0x00, 0x00, 0x00, 0x00, 0x00, 0x00, 0x00, 0x00, 0x00, 0x00, 0x00, 0x00, 0x00, 0x00, 0x00,
        0x00, 0x00, 0x00, 0x00, 0x00, 0x00, 0x00, 0x00, 0x00, 0x00, 0x00, 0x00, 0x00, 0x00, 0x00, 0x00,
        0x00, 0x00, 0x00, 0x00, 0x00, 0x00, 0x00, 0x00, 0x00, 0x00, 0x00, 0x00, 0x00, 0x00, 0x00, 0x00,
        0x00, 0x00, 0x00, 0x00, 0x00, 0x00, 0x00, 0x00, 0x00, 0x00, 0x00, 0x00, 0x00, 0x00, 0x00, 0x00,
        0x00, 0x00, 0x00, 0x00, 0x00, 0x00, 0x00, 0x00, 0x00, 0x00, 0x00, 0x00, 0x00, 0x00, 0x00, 0x00,
        0x00, 0x00, 0x00, 0x00, 0x00, 0x00, 0x00, 0x00, 0x00, 0x00, 0x00, 0x00, 0x00, 0x00, 0x00, 0x00,
        0x00, 0x00, 0x00, 0x00, 0x00, 0x00, 0x00, 0x00, 0x00, 0x00, 0x00, 0x00, 0x00, 0x00, 0x00, 0x00,
        0x00, 0x00, 0x00, 0x00, 0x00, 0x00, 0x00, 0x00, 0x00, 0x00, 0x00, 0x00, 0x00, 0x00, 0x00, 0x00,
        0xc3, 0x62, 0xe0, 0xb2, 0x45, 0x31, 0xaa, 0x2a, 0x86, 0xf0, 0xf9, 0x32, 0x1a, 0xa0, 0xa1, 0xae,
        0x08, 0xff, 0xbe, 0xda, 0x67, 0xc2, 0xd9, 0x03, 0x2a, 0x72, 0x86, 0x87, 0x50, 0x11, 0xa6, 0x12,
        0x2a, 0x69, 0x14, 0xf9, 0xaa, 0x26, 0xdf, 0xf9, 0x12, 0x34, 0x44, 0x23, 0x5f, 0x53, 0xad, 0xfa,
        0x12, 0x0e, 0xa3, 0x84, 0x97, 0x62, 0x0d, 0xfe, 0xd8, 0x03, 0x7f, 0xac, 0x5f, 0x78, 0x37, 0xe4 } },
    /* random 1024-bit mod, 24-bit exp */
    { .n_len = 128,
      .full_exp = false,
      .base     = {
        0x00, 0x00, 0x00, 0x00, 0x00, 0x00, 0x00, 0x00, 0x00, 0x00, 0x00, 0x00, 0x00, 0x00, 0x00, 0x00,
        0x00, 0x00, 0x00, 0x00, 0x00, 0x00, 0x00, 0x00, 0x00, 0x00, 0x00, 0x00, 0x00, 0x00, 0x00, 0x00,
        0x00, 0x00, 0x00, 0x00, 0x00, 0x00, 0x00, 0x00, 0x00, 0x00, 0x00, 0x00, 0x00, 0x00, 0x00, 0x00,
        0x00, 0x00, 0x00, 0x00, 0x00, 0x00, 0x00, 0x00, 0x00, 0x00, 0x00, 0x00, 0x00, 0x00, 0x00, 0x00,
        0x00, 0x00, 0x00, 0x00, 0x00, 0x00, 0x00, 0x00, 0x00, 0x00, 0x00, 0x00, 0x00, 0x00, 0x00, 0x00,
        0x00, 0x00, 0x00, 0x00, 0x00, 0x00, 0x00, 0x00, 0x00, 0x00, 0x00, 0x00, 0x00, 0x00, 0x00, 0x00,
        0x00, 0x00, 0x00, 0x00, 0x00, 0x00, 0x00, 0x00, 0x00, 0x00, 0x00, 0x00, 0x00, 0x00, 0x00, 0x00,
        0x00, 0x00, 0x00, 0x00, 0x00, 0x00, 0x00, 0x00, 0x00, 0x00, 0x00, 0x00, 0x00, 0x00, 0x00, 0x00,
        0x00, 0x00, 0x00, 0x00, 0x00, 0x00, 0x00, 0x00, 0x00, 0x00, 0x00, 0x00, 0x00, 0x00, 0x00, 0x00,
        0x00, 0x00, 0x00, 0x00, 0x00, 0x00, 0x00, 0x00, 0x00, 0x00, 0x00, 0x00, 0x00, 0x00, 0x00, 0x00,
        0x00, 0x00, 0x00, 0x00, 0x00, 0x00, 0x00, 0x00, 0x00, 0x00, 0x00, 0x00, 0x00, 0x00, 0x00, 0x00,
        0x00, 0x00, 0x00, 0x00, 0x00, 0x00, 0x00, 0x00, 0x00, 0x00, 0x00, 0x00, 0x00, 0x00, 0x00, 0x00,
        0x00, 0x00, 0x00, 0x00, 0x00, 0x00, 0x00, 0x00, 0x00, 0x00, 0x00, 0x00, 0x00, 0x00, 0x00, 0x00,
        0x00, 0x00, 0x00, 0x00, 0x00, 0x00, 0x00, 0x00, 0x00, 0x00, 0x00, 0x00, 0x00, 0x00, 0x00, 0x00,
        0x00, 0x00, 0x00, 0x00, 0x00, 0x00, 0x00, 0x00, 0x00, 0x00, 0x00, 0x00, 0x00, 0x00, 0x00, 0x00,
        0x00, 0x00, 0x00, 0x00, 0x00, 0x00, 0x00, 0x00, 0x00, 0x00, 0x00, 0x00, 0x00, 0x00, 0x00, 0x00,
        0x00, 0x00, 0x00, 0x00, 0x00, 0x00, 0x00, 0x00, 0x00, 0x00, 0x00, 0x00, 0x00, 0x00, 0x00, 0x00,
        0x00, 0x00, 0x00, 0x00, 0x00, 0x00, 0x00, 0x00, 0x00, 0x00, 0x00, 0x00, 0x00, 0x00, 0x00, 0x00,
        0x00, 0x00, 0x00, 0x00, 0x00, 0x00, 0x00, 0x00, 0x00, 0x00, 0x00, 0x00, 0x00, 0x00, 0x00, 0x00,
        0x00, 0x00, 0x00, 0x00, 0x00, 0x00, 0x00, 0x00, 0x00, 0x00, 0x00, 0x00, 0x00, 0x00, 0x00, 0x00,
        0x00, 0x00, 0x00, 0x00, 0x00, 0x00, 0x00, 0x00, 0x00, 0x00, 0x00, 0x00, 0x00, 0x00, 0x00, 0x00,
        0x00, 0x00, 0x00, 0x00, 0x00, 0x00, 0x00, 0x00, 0x00, 0x00, 0x00, 0x00, 0x00, 0x00, 0x00, 0x00,
        0x00, 0x00, 0x00, 0x00, 0x00, 0x00, 0x00, 0x00, 0x00, 0x00, 0x00, 0x00, 0x00, 0x00, 0x00, 0x00,
        0x00, 0x00, 0x00, 0x00, 0x00, 0x00, 0x00, 0x00, 0x00, 0x00, 0x00, 0x00, 0x00, 0x00, 0x00, 0x00,
        0x04, 0xd2, 0x26, 0xf3, 0x4f, 0x05, 0x6d, 0x52, 0x5d, 0x53, 0xb0, 0xa9, 0x83, 0x82, 0x1b, 0x1d,
        0xe5, 0x27, 0x63, 0x4a, 0x74, 0x5a, 0x0f, 0x14, 0x24, 0xba, 0xa5, 0x54, 0x45, 0x1b, 0x4e, 0x29,
        0x09, 0x1f, 0x65, 0x0f, 0x12, 0x50, 0xe0, 0x92, 0x26, 0x53, 0x5f, 0x9f, 0x6b, 0x50, 0xfe, 0x9d,
        0x56, 0xe6, 0x2e, 0x5f, 0xb6, 0xf8, 0x43, 0x29, 0x78, 0xd8, 0x24, 0x36, 0x7f, 0xaf, 0x5f, 0xc1,
        0x4d, 0x36, 0xea, 0x0c, 0xb3, 0xd8, 0x9a, 0x99, 0xcb, 0x66, 0x52, 0x27, 0xe6, 0x3c, 0xff, 0xc3,
        0x7c, 0x54, 0x53, 0xd0, 0xf0, 0xcf, 0x83, 0x6f, 0x2d, 0x81, 0xa8, 0x31, 0x3c, 0x92, 0xfd, 0x72,
        0x29, 0xd3, 0xa5, 0x7b, 0x3f, 0xda, 0x03, 0x1e, 0xab, 0xd3, 0x60, 0x8e, 0x94, 0xb1, 0xe0, 0xa2,
        0x88, 0x77, 0x3d, 0xa2, 0x59, 0xc4, 0x0a, 0xdd, 0x87, 0x6c, 0xbb, 0x05, 0xc6, 0xfa, 0x55, 0xbd },
      .exp      = {
        0x00, 0x00, 0x00, 0x00, 0x00, 0x00, 0x00, 0x00, 0x00, 0x00, 0x00, 0x00, 0x00, 0x00, 0x00, 0x00,
        0x00, 0x00, 0x00, 0x00, 0x00, 0x00, 0x00, 0x00, 0x00, 0x00, 0x00, 0x00, 0x00, 0x00, 0x00, 0x00,
        0x00, 0x00, 0x00, 0x00, 0x00, 0x00, 0x00, 0x00, 0x00, 0x00, 0x00, 0x00, 0x00, 0x00, 0x00, 0x00,
        0x00, 0x00, 0x00, 0x00, 0x00, 0x00, 0x00, 0x00, 0x00, 0x00, 0x00, 0x00, 0x00, 0x00, 0x00, 0x00,
        0x00, 0x00, 0x00, 0x00, 0x00, 0x00, 0x00, 0x00, 0x00, 0x00, 0x00, 0x00, 0x00, 0x00, 0x00, 0x00,
        0x00, 0x00, 0x00, 0x00, 0x00, 0x00, 0x00, 0x00, 0x00, 0x00, 0x00, 0x00, 0x00, 0x00, 0x00, 0x00,
        0x00, 0x00, 0x00, 0x00, 0x00, 0x00, 0x00, 0x00, 0x00, 0x00, 0x00, 0x00, 0x00, 0x00, 0x00, 0x00,
        0x00, 0x00, 0x00, 0x00, 0x00, 0x00, 0x00, 0x00, 0x00, 0x00, 0x00, 0x00, 0x00, 0x00, 0x00, 0x00,
        0x00, 0x00, 0x00, 0x00, 0x00, 0x00, 0x00, 0x00, 0x00, 0x00, 0x00, 0x00, 0x00, 0x00, 0x00, 0x00,
        0x00, 0x00, 0x00, 0x00, 0x00, 0x00, 0x00, 0x00, 0x00, 0x00, 0x00, 0x00, 0x00, 0x00, 0x00, 0x00,
        0x00, 0x00, 0x00, 0x00, 0x00, 0x00, 0x00, 0x00, 0x00, 0x00, 0x00, 0x00, 0x00, 0x00, 0x00, 0x00,
        0x00, 0x00, 0x00, 0x00, 0x00, 0x00, 0x00, 0x00, 0x00, 0x00, 0x00, 0x00, 0x00, 0x00, 0x00, 0x00,
        0x00, 0x00, 0x00, 0x00, 0x00, 0x00, 0x00, 0x00, 0x00, 0x00, 0x00, 0x00, 0x00, 0x00, 0x00, 0x00,
        0x00, 0x00, 0x00, 0x00, 0x00, 0x00, 0x00, 0x00, 0x00, 0x00, 0x00, 0x00, 0x00, 0x00, 0x00, 0x00,
        0x00, 0x00, 0x00, 0x00, 0x00, 0x00, 0x00, 0x00, 0x00, 0x00, 0x00, 0x00, 0x00, 0x00, 0x00, 0x00,
        0x00, 0x00, 0x00, 0x00, 0x00, 0x00, 0x00, 0x00, 0x00, 0x00, 0x00, 0x00, 0x00, 0x00, 0x00, 0x00,
        0x00, 0x00, 0x00, 0x00, 0x00, 0x00, 0x00, 0x00, 0x00, 0x00, 0x00, 0x00, 0x00, 0x00, 0x00, 0x00,
        0x00, 0x00, 0x00, 0x00, 0x00, 0x00, 0x00, 0x00, 0x00, 0x00, 0x00, 0x00, 0x00, 0x00, 0x00, 0x00,
        0x00, 0x00, 0x00, 0x00, 0x00, 0x00, 0x00, 0x00, 0x00, 0x00, 0x00, 0x00, 0x00, 0x00, 0x00, 0x00,
        0x00, 0x00, 0x00, 0x00, 0x00, 0x00, 0x00, 0x00, 0x00, 0x00, 0x00, 0x00, 0x00, 0x00, 0x00, 0x00,
        0x00, 0x00, 0x00, 0x00, 0x00, 0x00, 0x00, 0x00, 0x00, 0x00, 0x00, 0x00, 0x00, 0x00, 0x00, 0x00,
        0x00, 0x00, 0x00, 0x00, 0x00, 0x00, 0x00, 0x00, 0x00, 0x00, 0x00, 0x00, 0x00, 0x00, 0x00, 0x00,
        0x00, 0x00, 0x00, 0x00, 0x00, 0x00, 0x00, 0x00, 0x00, 0x00, 0x00, 0x00, 0x00, 0x00, 0x00, 0x00,
        0x00, 0x00, 0x00, 0x00, 0x00, 0x00, 0x00, 0x00, 0x00, 0x00, 0x00, 0x00, 0x00, 0x00, 0x00, 0x00,
        0x00, 0x00, 0x00, 0x00, 0x00, 0x00, 0x00, 0x00, 0x00, 0x00, 0x00, 0x00, 0x00, 0x00, 0x00, 0x00,
        0x00, 0x00, 0x00, 0x00, 0x00, 0x00, 0x00, 0x00, 0x00, 0x00, 0x00, 0x00, 0x00, 0x00, 0x00, 0x00,
        0x00, 0x00, 0x00, 0x00, 0x00, 0x00, 0x00, 0x00, 0x00, 0x00, 0x00, 0x00, 0x00, 0x00, 0x00, 0x00,
        0x00, 0x00, 0x00, 0x00, 0x00, 0x00, 0x00, 0x00, 0x00, 0x00, 0x00, 0x00, 0x00, 0x00, 0x00, 0x00,
        0x00, 0x00, 0x00, 0x00, 0x00, 0x00, 0x00, 0x00, 0x00, 0x00, 0x00, 0x00, 0x00, 0x00, 0x00, 0x00,
        0x00, 0x00, 0x00, 0x00, 0x00, 0x00, 0x00, 0x00, 0x00, 0x00, 0x00, 0x00, 0x00, 0x00, 0x00, 0x00,
        0x00, 0x00, 0x00, 0x00, 0x00, 0x00, 0x00, 0x00, 0x00, 0x00, 0x00, 0x00, 0x00, 0x00, 0x00, 0x00,
        0x00, 0x00, 0x00, 0x00, 0x00, 0x00, 0x00, 0x00, 0x00, 0x00, 0x00, 0x00, 0x00, 0x4f, 0xf3, 0x31 },
      .mod      = {
        0x00, 0x00, 0x00, 0x00, 0x00, 0x00, 0x00, 0x00, 0x00, 0x00, 0x00, 0x00, 0x00, 0x00, 0x00, 0x00,
        0x00, 0x00, 0x00, 0x00, 0x00, 0x00, 0x00, 0x00, 0x00, 0x00, 0x00, 0x00, 0x00, 0x00, 0x00, 0x00,
        0x00, 0x00, 0x00, 0x00, 0x00, 0x00, 0x00, 0x00, 0x00, 0x00, 0x00, 0x00, 0x00, 0x00, 0x00, 0x00,
        0x00, 0x00, 0x00, 0x00, 0x00, 0x00, 0x00, 0x00, 0x00, 0x00, 0x00, 0x00, 0x00, 0x00, 0x00, 0x00,
        0x00, 0x00, 0x00, 0x00, 0x00, 0x00, 0x00, 0x00, 0x00, 0x00, 0x00, 0x00, 0x00, 0x00, 0x00, 0x00,
        0x00, 0x00, 0x00, 0x00, 0x00, 0x00, 0x00, 0x00, 0x00, 0x00, 0x00, 0x00, 0x00, 0x00, 0x00, 0x00,
        0x00, 0x00, 0x00, 0x00, 0x00, 0x00, 0x00, 0x00, 0x00, 0x00, 0x00, 0x00, 0x00, 0x00, 0x00, 0x00,
        0x00, 0x00, 0x00, 0x00, 0x00, 0x00, 0x00, 0x00, 0x00, 0x00, 0x00, 0x00, 0x00, 0x00, 0x00, 0x00,
        0x00, 0x00, 0x00, 0x00, 0x00, 0x00, 0x00, 0x00, 0x00, 0x00, 0x00, 0x00, 0x00, 0x00, 0x00, 0x00,
        0x00, 0x00, 0x00, 0x00, 0x00, 0x00, 0x00, 0x00, 0x00, 0x00, 0x00, 0x00, 0x00, 0x00, 0x00, 0x00,
        0x00, 0x00, 0x00, 0x00, 0x00, 0x00, 0x00, 0x00, 0x00, 0x00, 0x00, 0x00, 0x00, 0x00, 0x00, 0x00,
        0x00, 0x00, 0x00, 0x00, 0x00, 0x00, 0x00, 0x00, 0x00, 0x00, 0x00, 0x00, 0x00, 0x00, 0x00, 0x00,
        0x00, 0x00, 0x00, 0x00, 0x00, 0x00, 0x00, 0x00, 0x00, 0x00, 0x00, 0x00, 0x00, 0x00, 0x00, 0x00,
        0x00, 0x00, 0x00, 0x00, 0x00, 0x00, 0x00, 0x00, 0x00, 0x00, 0x00, 0x00, 0x00, 0x00, 0x00, 0x00,
        0x00, 0x00, 0x00, 0x00, 0x00, 0x00, 0x00, 0x00, 0x00, 0x00, 0x00, 0x00, 0x00, 0x00, 0x00, 0x00,
        0x00, 0x00, 0x00, 0x00, 0x00, 0x00, 0x00, 0x00, 0x00, 0x00, 0x00, 0x00, 0x00, 0x00, 0x00, 0x00,
        0x00, 0x00, 0x00, 0x00, 0x00, 0x00, 0x00, 0x00, 0x00, 0x00, 0x00, 0x00, 0x00, 0x00, 0x00, 0x00,
        0x00, 0x00, 0x00, 0x00, 0x00, 0x00, 0x00, 0x00, 0x00, 0x00, 0x00, 0x00, 0x00, 0x00, 0x00, 0x00,
        0x00, 0x00, 0x00, 0x00, 0x00, 0x00, 0x00, 0x00, 0x00, 0x00, 0x00, 0x00, 0x00, 0x00, 0x00, 0x00,
        0x00, 0x00, 0x00, 0x00, 0x00, 0x00, 0x00, 0x00, 0x00, 0x00, 0x00, 0x00, 0x00, 0x00, 0x00, 0x00,
        0x00, 0x00, 0x00, 0x00, 0x00, 0x00, 0x00, 0x00, 0x00, 0x00, 0x00, 0x00, 0x00, 0x00, 0x00, 0x00,
        0x00, 0x00, 0x00, 0x00, 0x00, 0x00, 0x00, 0x00, 0x00, 0x00, 0x00, 0x00, 0x00, 0x00, 0x00, 0x00,
        0x00, 0x00, 0x00, 0x00, 0x00, 0x00, 0x00, 0x00, 0x00, 0x00, 0x00, 0x00, 0x00, 0x00, 0x00, 0x00,
        0x00, 0x00, 0x00, 0x00, 0x00, 0x00, 0x00, 0x00, 0x00, 0x00, 0x00, 0x00, 0x00, 0x00, 0x00, 0x00,
        0x8f, 0x3f, 0x50, 0x14, 0x13, 0x17, 0xa2, 0x8e, 0x41, 0x3a, 0x0b, 0x3a, 0x0c, 0xf3, 0x68, 0x3a,
        0x3c, 0x26, 0x21, 0xf7, 0xc2, 0x30, 0xad, 0xd5, 0xf7, 0x25, 0xfa, 0xdf, 0xae, 0xaf, 0x31, 0x5c,
        0x89, 0x77, 0xca, 0x06, 0x92, 0xc6, 0x2f, 0x91, 0x91, 0x3d, 0x73, 0x26, 0x68, 0xa8, 0x96, 0x5a,
        0x03, 0x87, 0x1d, 0xee, 0x81, 0x7b, 0x2b, 0xdb, 0x82, 0xba, 0x54, 0x6c, 0xe3, 0x4a, 0xee, 0x7b,
        0x19, 0x9d, 0x93, 0x0f, 0x11, 0x8a, 0x12, 0xc5, 0x1a, 0x75, 0x7d, 0x11, 0x2b, 0xc5, 0x52, 0xc5,
        0xe5, 0x19, 0x3a, 0x8b, 0xfe, 0x21, 0x83, 0x2d, 0xa5, 0x99, 0x4a, 0x6a, 0x2e, 0x0d, 0x36, 0xc5,
        0xe8, 0xb9, 0xfe, 0x6f, 0x8f, 0xc0, 0x80, 0x91, 0xef, 0xb6, 0x20, 0xce, 0x62, 0x36, 0xce, 0x30,
        0xca, 0xb0, 0x1e, 0xc0, 0xf9, 0x94, 0xf7, 0xaa, 0x35, 0xbc, 0xfe, 0x7f, 0x72, 0x6a, 0x6a, 0x05 },
      .expected = {
        0x00, 0x00, 0x00, 0x00, 0x00, 0x00, 0x00, 0x00, 0x00, 0x00, 0x00, 0x00, 0x00, 0x00, 0x00, 0x00,
        0x00, 0x00, 0x00, 0x00, 0x00, 0x00, 0x00, 0x00, 0x00, 0x00, 0x00, 0x00, 0x00, 0x00, 0x00, 0x00,
        0x00, 0x00, 0x00, 0x00, 0x00, 0x00, 0x00, 0x00, 0x00, 0x00, 0x00, 0x00, 0x00, 0x00, 0x00, 0x00,
        0x00, 0x00, 0x00, 0x00, 0x00, 0x00, 0x00, 0x00, 0x00, 0x00, 0x00, 0x00, 0x00, 0x00, 0x00, 0x00,
        0x00, 0x00, 0x00, 0x00, 0x00, 0x00, 0x00, 0x00, 0x00, 0x00, 0x00, 0x00, 0x00, 0x00, 0x00, 0x00,
        0x00, 0x00, 0x00, 0x00, 0x00, 0x00, 0x00, 0x00, 0x00, 0x00, 0x00, 0x00, 0x00, 0x00, 0x00, 0x00,
        0x00, 0x00, 0x00, 0x00, 0x00, 0x00, 0x00, 0x00, 0x00, 0x00, 0x00, 0x00, 0x00, 0x00, 0x00, 0x00,
        0x00, 0x00, 0x00, 0x00, 0x00, 0x00, 0x00, 0x00, 0x00, 0x00, 0x00, 0x00, 0x00, 0x00, 0x00, 0x00,
        0x00, 0x00, 0x00, 0x00, 0x00, 0x00, 0x00, 0x00, 0x00, 0x00, 0x00, 0x00, 0x00, 0x00, 0x00, 0x00,
        0x00, 0x00, 0x00, 0x00, 0x00, 0x00, 0x00, 0x00, 0x00, 0x00, 0x00, 0x00, 0x00, 0x00, 0x00, 0x00,
        0x00, 0x00, 0x00, 0x00, 0x00, 0x00, 0x00, 0x00, 0x00, 0x00, 0x00, 0x00, 0x00, 0x00, 0x00, 0x00,
        0x00, 0x00, 0x00, 0x00, 0x00, 0x00, 0x00, 0x00, 0x00, 0x00, 0x00, 0x00, 0x00, 0x00, 0x00, 0x00,
        0x00, 0x00, 0x00, 0x00, 0x00, 0x00, 0x00, 0x00, 0x00, 0x00, 0x00, 0x00, 0x00, 0x00, 0x00, 0x00,
        0x00, 0x00, 0x00, 0x00, 0x00, 0x00, 0x00, 0x00, 0x00, 0x00, 0x00, 0x00, 0x00, 0x00, 0x00, 0x00,
        0x00, 0x00, 0x00, 0x00, 0x00, 0x00, 0x00, 0x00, 0x00, 0x00, 0x00, 0x00, 0x00, 0x00, 0x00, 0x00,
        0x00, 0x00, 0x00, 0x00, 0x00, 0x00, 0x00, 0x00, 0x00, 0x00, 0x00, 0x00, 0x00, 0x00, 0x00, 0x00,
        0x00, 0x00, 0x00, 0x00, 0x00, 0x00, 0x00, 0x00, 0x00, 0x00, 0x00, 0x00, 0x00, 0x00, 0x00, 0x00,
        0x00, 0x00, 0x00, 0x00, 0x00, 0x00, 0x00, 0x00, 0x00, 0x00, 0x00, 0x00, 0x00, 0x00, 0x00, 0x00,
        0x00, 0x00, 0x00, 0x00, 0x00, 0x00, 0x00, 0x00, 0x00, 0x00, 0x00, 0x00, 0x00, 0x00, 0x00, 0x00,
        0x00, 0x00, 0x00, 0x00, 0x00, 0x00, 0x00, 0x00, 0x00, 0x00, 0x00, 0x00, 0x00, 0x00, 0x00, 0x00,
        0x00, 0x00, 0x00, 0x00, 0x00, 0x00, 0x00, 0x00, 0x00, 0x00, 0x00, 0x00, 0x00, 0x00, 0x00, 0x00,
        0x00, 0x00, 0x00, 0x00, 0x00, 0x00, 0x00, 0x00, 0x00, 0x00, 0x00, 0x00, 0x00, 0x00, 0x00, 0x00,
        0x00, 0x00, 0x00, 0x00, 0x00, 0x00, 0x00, 0x00, 0x00, 0x00, 0x00, 0x00, 0x00, 0x00, 0x00, 0x00,
        0x00, 0x00, 0x00, 0x00, 0x00, 0x00, 0x00, 0x00, 0x00, 0x00, 0x00, 0x00, 0x00, 0x00, 0x00, 0x00,
        0x52, 0x2e, 0xb1, 0xa6, 0x79, 0x7d, 0x81, 0x69, 0xbf, 0x98, 0x74, 0x0b, 0xdf, 0xf7, 0x38, 0x49,
        0x2b, 0xc7, 0x26, 0xf3, 0x62, 0x7b, 0xb8, 0x55, 0x11, 0xbb, 0xbf, 0x67, 0xcb, 0x65, 0x69, 0x2d,
        0x12, 0x6c, 0x2f, 0x37, 0x5e, 0xc5, 0xbb, 0x65, 0xe8, 0xcd, 0x6a, 0x12, 0xb7, 0xb5, 0x5d, 0x6e,
        0x13, 0x00, 0xed, 0x8c, 0x2c, 0x59, 0x82, 0x38, 0x04, 0x5e, 0x3e, 0x63, 0x8a, 0xc1, 0x7f, 0x72,
        0x3e, 0x05, 0x9d, 0xea, 0x44, 0xe1, 0x53, 0x50, 0x9b, 0x8a, 0x04, 0xd8, 0x8c, 0x26, 0x0e, 0xfd,
        0x86, 0xf3, 0x36, 0x49, 0xe1, 0x24, 0x40, 0xdb, 0x4b, 0x8e, 0x4f, 0xfd, 0xea, 0xea, 0xd9, 0x88,
        0xe5, 0x29, 0xba, 0x0b, 0x30, 0x6b, 0x14, 0xa2, 0x8e, 0xc5, 0x1a, 0x59, 0x00, 0xa6, 0x9e, 0xbc,
        0x82, 0x27, 0x4e, 0x85, 0x77, 0x82, 0x8c, 0xbb, 0xeb, 0x24, 0x83, 0x79, 0x8e, 0x5e, 0x8b, 0x94 } },
    /* random 1024-bit mod, full-width exp */
    { .n_len = 128,
      .full_exp = true,
      .base     = {
        0x00, 0x00, 0x00, 0x00, 0x00, 0x00, 0x00, 0x00, 0x00, 0x00, 0x00, 0x00, 0x00, 0x00, 0x00, 0x00,
        0x00, 0x00, 0x00, 0x00, 0x00, 0x00, 0x00, 0x00, 0x00, 0x00, 0x00, 0x00, 0x00, 0x00, 0x00, 0x00,
        0x00, 0x00, 0x00, 0x00, 0x00, 0x00, 0x00, 0x00, 0x00, 0x00, 0x00, 0x00, 0x00, 0x00, 0x00, 0x00,
        0x00, 0x00, 0x00, 0x00, 0x00, 0x00, 0x00, 0x00, 0x00, 0x00, 0x00, 0x00, 0x00, 0x00, 0x00, 0x00,
        0x00, 0x00, 0x00, 0x00, 0x00, 0x00, 0x00, 0x00, 0x00, 0x00, 0x00, 0x00, 0x00, 0x00, 0x00, 0x00,
        0x00, 0x00, 0x00, 0x00, 0x00, 0x00, 0x00, 0x00, 0x00, 0x00, 0x00, 0x00, 0x00, 0x00, 0x00, 0x00,
        0x00, 0x00, 0x00, 0x00, 0x00, 0x00, 0x00, 0x00, 0x00, 0x00, 0x00, 0x00, 0x00, 0x00, 0x00, 0x00,
        0x00, 0x00, 0x00, 0x00, 0x00, 0x00, 0x00, 0x00, 0x00, 0x00, 0x00, 0x00, 0x00, 0x00, 0x00, 0x00,
        0x00, 0x00, 0x00, 0x00, 0x00, 0x00, 0x00, 0x00, 0x00, 0x00, 0x00, 0x00, 0x00, 0x00, 0x00, 0x00,
        0x00, 0x00, 0x00, 0x00, 0x00, 0x00, 0x00, 0x00, 0x00, 0x00, 0x00, 0x00, 0x00, 0x00, 0x00, 0x00,
        0x00, 0x00, 0x00, 0x00, 0x00, 0x00, 0x00, 0x00, 0x00, 0x00, 0x00, 0x00, 0x00, 0x00, 0x00, 0x00,
        0x00, 0x00, 0x00, 0x00, 0x00, 0x00, 0x00, 0x00, 0x00, 0x00, 0x00, 0x00, 0x00, 0x00, 0x00, 0x00,
        0x00, 0x00, 0x00, 0x00, 0x00, 0x00, 0x00, 0x00, 0x00, 0x00, 0x00, 0x00, 0x00, 0x00, 0x00, 0x00,
        0x00, 0x00, 0x00, 0x00, 0x00, 0x00, 0x00, 0x00, 0x00, 0x00, 0x00, 0x00, 0x00, 0x00, 0x00, 0x00,
        0x00, 0x00, 0x00, 0x00, 0x00, 0x00, 0x00, 0x00, 0x00, 0x00, 0x00, 0x00, 0x00, 0x00, 0x00, 0x00,
        0x00, 0x00, 0x00, 0x00, 0x00, 0x00, 0x00, 0x00, 0x00, 0x00, 0x00, 0x00, 0x00, 0x00, 0x00, 0x00,
        0x00, 0x00, 0x00, 0x00, 0x00, 0x00, 0x00, 0x00, 0x00, 0x00, 0x00, 0x00, 0x00, 0x00, 0x00, 0x00,
        0x00, 0x00, 0x00, 0x00, 0x00, 0x00, 0x00, 0x00, 0x00, 0x00, 0x00, 0x00, 0x00, 0x00, 0x00, 0x00,
        0x00, 0x00, 0x00, 0x00, 0x00, 0x00, 0x00, 0x00, 0x00, 0x00, 0x00, 0x00, 0x00, 0x00, 0x00, 0x00,
        0x00, 0x00, 0x00, 0x00, 0x00, 0x00, 0x00, 0x00, 0x00, 0x00, 0x00, 0x00, 0x00, 0x00, 0x00, 0x00,
        0x00, 0x00, 0x00, 0x00, 0x00, 0x00, 0x00, 0x00, 0x00, 0x00, 0x00, 0x00, 0x00, 0x00, 0x00, 0x00,
        0x00, 0x00, 0x00, 0x00, 0x00, 0x00, 0x00, 0x00, 0x00, 0x00, 0x00, 0x00, 0x00, 0x00, 0x00, 0x00,
        0x00, 0x00, 0x00, 0x00, 0x00, 0x00, 0x00, 0x00, 0x00, 0x00, 0x00, 0x00, 0x00, 0x00, 0x00, 0x00,
        0x00, 0x00, 0x00, 0x00, 0x00, 0x00, 0x00, 0x00, 0x00, 0x00, 0x00, 0x00, 0x00, 0x00, 0x00, 0x00,
        0x83, 0x1d, 0x19, 0x8b, 0xba, 0x04, 0x2f, 0x40, 0xb2, 0x42, 0xd8, 0x4e, 0x68, 0x87, 0x03, 0xcd,
        0xdd, 0x13, 0x40, 0xaf, 0xbd, 0xa7, 0xae, 0xd9, 0xd8, 0xe6, 0xb4, 0x58, 0x9b, 0xb0, 0x48, 0x87,
        0x4b, 0x2e, 0x73, 0xfa, 0xd9, 0xdd, 0x39, 0xcb, 0x7d, 0xb9, 0x76, 0xb8, 0xf5, 0x5a, 0x63, 0xe4,
        0x4c, 0x79, 0xea, 0x6f, 0x29, 0x1f, 0x8d, 0x8f, 0x30, 0x41, 0x59, 0x81, 0xaf, 0xc4, 0x2a, 0x62,
        0x03, 0x99, 0xe6, 0xa5, 0x70, 0x13, 0x00, 0xfb, 0xe1, 0x6d, 0x33, 0xed, 0xb7, 0xdc, 0xfa, 0xb8,
        0x1e, 0x80, 0xa5, 0xb6, 0x5a, 0xf0, 0x03, 0x04, 0x56, 0x1f, 0x04, 0x57, 0x8f, 0xfc, 0x95, 0x08,
        0xd6, 0x9f, 0xd3, 0x25, 0x22, 0x47, 0x1b, 0x79, 0x58, 0x09, 0xf6, 0x4f, 0x12, 0x47, 0x24, 0xb2,
        0x82, 0x28, 0x8c, 0xc7, 0xb2, 0xd8, 0xae, 0x26, 0x37, 0x3f, 0x74, 0xc7, 0x7f, 0x13, 0x41, 0xf3 },
      .exp      = {
        0x00, 0x00, 0x00, 0x00, 0x00, 0x00, 0x00, 0x00, 0x00, 0x00, 0x00, 0x00, 0x00, 0x00, 0x00, 0x00,
        0x00, 0x00, 0x00, 0x00, 0x00, 0x00, 0x00, 0x00, 0x00, 0x00, 0x00, 0x00, 0x00, 0x00, 0x00, 0x00,
        0x00, 0x00, 0x00, 0x00, 0x00, 0x00, 0x00, 0x00, 0x00, 0x00, 0x00, 0x00, 0x00, 0x00, 0x00, 0x00,
        0x00, 0x00, 0x00, 0x00, 0x00, 0x00, 0x00, 0x00, 0x00, 0x00, 0x00, 0x00, 0x00, 0x00, 0x00, 0x00,
        0x00, 0x00, 0x00, 0x00, 0x00, 0x00, 0x00, 0x00, 0x00, 0x00, 0x00, 0x00, 0x00, 0x00, 0x00, 0x00,
        0x00, 0x00, 0x00, 0x00, 0x00, 0x00, 0x00, 0x00, 0x00, 0x00, 0x00, 0x00, 0x00, 0x00, 0x00, 0x00,
        0x00, 0x00, 0x00, 0x00, 0x00, 0x00, 0x00, 0x00, 0x00, 0x00, 0x00, 0x00, 0x00, 0x00, 0x00, 0x00,
        0x00, 0x00, 0x00, 0x00, 0x00, 0x00, 0x00, 0x00, 0x00, 0x00, 0x00, 0x00, 0x00, 0x00, 0x00, 0x00,
        0x00, 0x00, 0x00, 0x00, 0x00, 0x00, 0x00, 0x00, 0x00, 0x00, 0x00, 0x00, 0x00, 0x00, 0x00, 0x00,
        0x00, 0x00, 0x00, 0x00, 0x00, 0x00, 0x00, 0x00, 0x00, 0x00, 0x00, 0x00, 0x00, 0x00, 0x00, 0x00,
        0x00, 0x00, 0x00, 0x00, 0x00, 0x00, 0x00, 0x00, 0x00, 0x00, 0x00, 0x00, 0x00, 0x00, 0x00, 0x00,
        0x00, 0x00, 0x00, 0x00, 0x00, 0x00, 0x00, 0x00, 0x00, 0x00, 0x00, 0x00, 0x00, 0x00, 0x00, 0x00,
        0x00, 0x00, 0x00, 0x00, 0x00, 0x00, 0x00, 0x00, 0x00, 0x00, 0x00, 0x00, 0x00, 0x00, 0x00, 0x00,
        0x00, 0x00, 0x00, 0x00, 0x00, 0x00, 0x00, 0x00, 0x00, 0x00, 0x00, 0x00, 0x00, 0x00, 0x00, 0x00,
        0x00, 0x00, 0x00, 0x00, 0x00, 0x00, 0x00, 0x00, 0x00, 0x00, 0x00, 0x00, 0x00, 0x00, 0x00, 0x00,
        0x00, 0x00, 0x00, 0x00, 0x00, 0x00, 0x00, 0x00, 0x00, 0x00, 0x00, 0x00, 0x00, 0x00, 0x00, 0x00,
        0x00, 0x00, 0x00, 0x00, 0x00, 0x00, 0x00, 0x00, 0x00, 0x00, 0x00, 0x00, 0x00, 0x00, 0x00, 0x00,
        0x00, 0x00, 0x00, 0x00, 0x00, 0x00, 0x00, 0x00, 0x00, 0x00, 0x00, 0x00, 0x00, 0x00, 0x00, 0x00,
        0x00, 0x00, 0x00, 0x00, 0x00, 0x00, 0x00, 0x00, 0x00, 0x00, 0x00, 0x00, 0x00, 0x00, 0x00, 0x00,
        0x00, 0x00, 0x00, 0x00, 0x00, 0x00, 0x00, 0x00, 0x00, 0x00, 0x00, 0x00, 0x00, 0x00, 0x00, 0x00,
        0x00, 0x00, 0x00, 0x00, 0x00, 0x00, 0x00, 0x00, 0x00, 0x00, 0x00, 0x00, 0x00, 0x00, 0x00, 0x00,
        0x00, 0x00, 0x00, 0x00, 0x00, 0x00, 0x00, 0x00, 0x00, 0x00, 0x00, 0x00, 0x00, 0x00, 0x00, 0x00,
        0x00, 0x00, 0x00, 0x00, 0x00, 0x00, 0x00, 0x00, 0x00, 0x00, 0x00, 0x00, 0x00, 0x00, 0x00, 0x00,
        0x00, 0x00, 0x00, 0x00, 0x00, 0x00, 0x00, 0x00, 0x00, 0x00, 0x00, 0x00, 0x00, 0x00, 0x00, 0x00,
        0xf2, 0x90, 0x62, 0x0d, 0xca, 0xce, 0xb6, 0xfe, 0x90, 0xa7, 0x3c, 0xbe, 0x15, 0x03, 0x56, 0x06,
        0x0b, 0xde, 0x1a, 0x60, 0x42, 0x8a, 0x89, 0x94, 0xd3, 0x81, 0xf8, 0x5e, 0x62, 0xda, 0xa5, 0xb6,
        0x3d, 0x7f, 0x02, 0xee, 0x99, 0xd8, 0x93, 0xb8, 0xe5, 0x20, 0x89, 0xc7, 0x9f, 0xbe, 0x44, 0x8d,
        0x1c, 0x52, 0x9e, 0xd0, 0xdd, 0xa3, 0xe1, 0x81, 0x91, 0x76, 0xea, 0x0f, 0x68, 0x54, 0x8b, 0x8b,
        0xfa, 0x63, 0xd3, 0x44, 0x9e, 0x6e, 0x13, 0x7d, 0x74, 0x07, 0x3c, 0xc0, 0xbd, 0x72, 0x27, 0xe3,
        0xaa, 0x0a, 0x45, 0x05, 0x38, 0x18, 0x6e, 0x05, 0x9c, 0xd7, 0x8e, 0x2a, 0x28, 0xd1, 0xef, 0xb9,
        0xf3, 0x61, 0xfa, 0x1a, 0x6c, 0x2d, 0xf7, 0x60, 0xa1, 0x15, 0xff, 0xb6, 0x42, 0x09, 0x68, 0x3f,
        0x2d, 0x37, 0x6d, 0x26, 0xef, 0xe4, 0xff, 0x1c, 0xd8, 0x1c, 0x43, 0x09, 0x7f, 0x88, 0xa4, 0x41 },
      .mod      = {
        0x00, 0x00, 0x00, 0x00, 0x00, 0x00, 0x00, 0x00, 0x00, 0x00, 0x00, 0x00, 0x00, 0x00, 0x00, 0x00,
        0x00, 0x00, 0x00, 0x00, 0x00, 0x00, 0x00, 0x00, 0x00, 0x00, 0x00, 0x00, 0x00, 0x00, 0x00, 0x00,
        0x00, 0x00, 0x00, 0x00, 0x00, 0x00, 0x00, 0x00, 0x00, 0x00, 0x00, 0x00, 0x00, 0x00, 0x00, 0x00,
        0x00, 0x00, 0x00, 0x00, 0x00, 0x00, 0x00, 0x00, 0x00, 0x00, 0x00, 0x00, 0x00, 0x00, 0x00, 0x00,
        0x00, 0x00, 0x00, 0x00, 0x00, 0x00, 0x00, 0x00, 0x00, 0x00, 0x00, 0x00, 0x00, 0x00, 0x00, 0x00,
        0x00, 0x00, 0x00, 0x00, 0x00, 0x00, 0x00, 0x00, 0x00, 0x00, 0x00, 0x00, 0x00, 0x00, 0x00, 0x00,
        0x00, 0x00, 0x00, 0x00, 0x00, 0x00, 0x00, 0x00, 0x00, 0x00, 0x00, 0x00, 0x00, 0x00, 0x00, 0x00,
        0x00, 0x00, 0x00, 0x00, 0x00, 0x00, 0x00, 0x00, 0x00, 0x00, 0x00, 0x00, 0x00, 0x00, 0x00, 0x00,
        0x00, 0x00, 0x00, 0x00, 0x00, 0x00, 0x00, 0x00, 0x00, 0x00, 0x00, 0x00, 0x00, 0x00, 0x00, 0x00,
        0x00, 0x00, 0x00, 0x00, 0x00, 0x00, 0x00, 0x00, 0x00, 0x00, 0x00, 0x00, 0x00, 0x00, 0x00, 0x00,
        0x00, 0x00, 0x00, 0x00, 0x00, 0x00, 0x00, 0x00, 0x00, 0x00, 0x00, 0x00, 0x00, 0x00, 0x00, 0x00,
        0x00, 0x00, 0x00, 0x00, 0x00, 0x00, 0x00, 0x00, 0x00, 0x00, 0x00, 0x00, 0x00, 0x00, 0x00, 0x00,
        0x00, 0x00, 0x00, 0x00, 0x00, 0x00, 0x00, 0x00, 0x00, 0x00, 0x00, 0x00, 0x00, 0x00, 0x00, 0x00,
        0x00, 0x00, 0x00, 0x00, 0x00, 0x00, 0x00, 0x00, 0x00, 0x00, 0x00, 0x00, 0x00, 0x00, 0x00, 0x00,
        0x00, 0x00, 0x00, 0x00, 0x00, 0x00, 0x00, 0x00, 0x00, 0x00, 0x00, 0x00, 0x00, 0x00, 0x00, 0x00,
        0x00, 0x00, 0x00, 0x00, 0x00, 0x00, 0x00, 0x00, 0x00, 0x00, 0x00, 0x00, 0x00, 0x00, 0x00, 0x00,
        0x00, 0x00, 0x00, 0x00, 0x00, 0x00, 0x00, 0x00, 0x00, 0x00, 0x00, 0x00, 0x00, 0x00, 0x00, 0x00,
        0x00, 0x00, 0x00, 0x00, 0x00, 0x00, 0x00, 0x00, 0x00, 0x00, 0x00, 0x00, 0x00, 0x00, 0x00, 0x00,
        0x00, 0x00, 0x00, 0x00, 0x00, 0x00, 0x00, 0x00, 0x00, 0x00, 0x00, 0x00, 0x00, 0x00, 0x00, 0x00,
        0x00, 0x00, 0x00, 0x00, 0x00, 0x00, 0x00, 0x00, 0x00, 0x00, 0x00, 0x00, 0x00, 0x00, 0x00, 0x00,
        0x00, 0x00, 0x00, 0x00, 0x00, 0x00, 0x00, 0x00, 0x00, 0x00, 0x00, 0x00, 0x00, 0x00, 0x00, 0x00,
        0x00, 0x00, 0x00, 0x00, 0x00, 0x00, 0x00, 0x00, 0x00, 0x00, 0x00, 0x00, 0x00, 0x00, 0x00, 0x00,
        0x00, 0x00, 0x00, 0x00, 0x00, 0x00, 0x00, 0x00, 0x00, 0x00, 0x00, 0x00, 0x00, 0x00, 0x00, 0x00,
        0x00, 0x00, 0x00, 0x00, 0x00, 0x00, 0x00, 0x00, 0x00, 0x00, 0x00, 0x00, 0x00, 0x00, 0x00, 0x00,
        0xc6, 0x30, 0x98, 0x20, 0xd1, 0x6c, 0x3d, 0x1d, 0x44, 0x8e, 0x67, 0x4b, 0xe2, 0xc9, 0xb5, 0x7e,
        0x23, 0x33, 0xd3, 0x5e, 0x21, 0x90, 0xb8, 0x75, 0x05, 0xb0, 0x2e, 0x51, 0x78, 0x56, 0x7d, 0x89,
        0xff, 0x26, 0x51, 0xaa, 0xa6, 0x8d, 0x1b, 0x21, 0x1a, 0xb0, 0xbf, 0x9e, 0x96, 0xd8, 0x18, 0x3b,
        0xc7, 0x8a, 0x3e, 0x1d, 0xe5, 0x98, 0xaa, 0xac, 0xcc, 0xcd, 0x8c, 0x8b, 0x36, 0x22, 0xc4, 0x83,
        0xaa, 0xeb, 0xf6, 0x9e, 0x79, 0xeb, 0x5b, 0xe5, 0xd9, 0x75, 0x3b, 0x73, 0xd0, 0x26, 0xfb, 0xf2,
        0x6e, 0x70, 0xf9, 0x2f, 0x83, 0x19, 0x21, 0x1f, 0xff, 0x54, 0x90, 0x10, 0xc6, 0x3e, 0xdb, 0x99,
        0x09, 0xb2, 0x80, 0x54, 0x00, 0x3b, 0x17, 0xfc, 0x5d, 0x6b, 0x95, 0x38, 0x5e, 0xba, 0xfa, 0x53,
        0xd2, 0xd8, 0xc4, 0x73, 0x54, 0x19, 0x44, 0x05, 0x81, 0x55, 0x36, 0x4e, 0xf2, 0xce, 0x76, 0x91 },
      .expected = {
        0x00, 0x00, 0x00, 0x00, 0x00, 0x00, 0x00, 0x00, 0x00, 0x00, 0x00, 0x00, 0x00, 0x00, 0x00, 0x00,
        0x00, 0x00, 0x00, 0x00, 0x00, 0x00, 0x00, 0x00, 0x00, 0x00, 0x00, 0x00, 0x00, 0x00, 0x00, 0x00,
        0x00, 0x00, 0x00, 0x00, 0x00, 0x00, 0x00, 0x00, 0x00, 0x00, 0x00, 0x00, 0x00, 0x00, 0x00, 0x00,
        0x00, 0x00, 0x00, 0x00, 0x00, 0x00, 0x00, 0x00, 0x00, 0x00, 0x00, 0x00, 0x00, 0x00, 0x00, 0x00,
        0x00, 0x00, 0x00, 0x00, 0x00, 0x00, 0x00, 0x00, 0x00, 0x00, 0x00, 0x00, 0x00, 0x00, 0x00, 0x00,
        0x00, 0x00, 0x00, 0x00, 0x00, 0x00, 0x00, 0x00, 0x00, 0x00, 0x00, 0x00, 0x00, 0x00, 0x00, 0x00,
        0x00, 0x00, 0x00, 0x00, 0x00, 0x00, 0x00, 0x00, 0x00, 0x00, 0x00, 0x00, 0x00, 0x00, 0x00, 0x00,
        0x00, 0x00, 0x00, 0x00, 0x00, 0x00, 0x00, 0x00, 0x00, 0x00, 0x00, 0x00, 0x00, 0x00, 0x00, 0x00,
        0x00, 0x00, 0x00, 0x00, 0x00, 0x00, 0x00, 0x00, 0x00, 0x00, 0x00, 0x00, 0x00, 0x00, 0x00, 0x00,
        0x00, 0x00, 0x00, 0x00, 0x00, 0x00, 0x00, 0x00, 0x00, 0x00, 0x00, 0x00, 0x00, 0x00, 0x00, 0x00,
        0x00, 0x00, 0x00, 0x00, 0x00, 0x00, 0x00, 0x00, 0x00, 0x00, 0x00, 0x00, 0x00, 0x00, 0x00, 0x00,
        0x00, 0x00, 0x00, 0x00, 0x00, 0x00, 0x00, 0x00, 0x00, 0x00, 0x00, 0x00, 0x00, 0x00, 0x00, 0x00,
        0x00, 0x00, 0x00, 0x00, 0x00, 0x00, 0x00, 0x00, 0x00, 0x00, 0x00, 0x00, 0x00, 0x00, 0x00, 0x00,
        0x00, 0x00, 0x00, 0x00, 0x00, 0x00, 0x00, 0x00, 0x00, 0x00, 0x00, 0x00, 0x00, 0x00, 0x00, 0x00,
        0x00, 0x00, 0x00, 0x00, 0x00, 0x00, 0x00, 0x00, 0x00, 0x00, 0x00, 0x00, 0x00, 0x00, 0x00, 0x00,
        0x00, 0x00, 0x00, 0x00, 0x00, 0x00, 0x00, 0x00, 0x00, 0x00, 0x00, 0x00, 0x00, 0x00, 0x00, 0x00,
        0x00, 0x00, 0x00, 0x00, 0x00, 0x00, 0x00, 0x00, 0x00, 0x00, 0x00, 0x00, 0x00, 0x00, 0x00, 0x00,
        0x00, 0x00, 0x00, 0x00, 0x00, 0x00, 0x00, 0x00, 0x00, 0x00, 0x00, 0x00, 0x00, 0x00, 0x00, 0x00,
        0x00, 0x00, 0x00, 0x00, 0x00, 0x00, 0x00, 0x00, 0x00, 0x00, 0x00, 0x00, 0x00, 0x00, 0x00, 0x00,
        0x00, 0x00, 0x00, 0x00, 0x00, 0x00, 0x00, 0x00, 0x00, 0x00, 0x00, 0x00, 0x00, 0x00, 0x00, 0x00,
        0x00, 0x00, 0x00, 0x00, 0x00, 0x00, 0x00, 0x00, 0x00, 0x00, 0x00, 0x00, 0x00, 0x00, 0x00, 0x00,
        0x00, 0x00, 0x00, 0x00, 0x00, 0x00, 0x00, 0x00, 0x00, 0x00, 0x00, 0x00, 0x00, 0x00, 0x00, 0x00,
        0x00, 0x00, 0x00, 0x00, 0x00, 0x00, 0x00, 0x00, 0x00, 0x00, 0x00, 0x00, 0x00, 0x00, 0x00, 0x00,
        0x00, 0x00, 0x00, 0x00, 0x00, 0x00, 0x00, 0x00, 0x00, 0x00, 0x00, 0x00, 0x00, 0x00, 0x00, 0x00,
        0x67, 0x38, 0x57, 0x63, 0x86, 0xee, 0x69, 0x42, 0x3c, 0xae, 0x89, 0x8e, 0xe4, 0xc6, 0x65, 0xaf,
        0x31, 0x4e, 0xe2, 0xbc, 0xbd, 0x3f, 0x91, 0x26, 0xfb, 0xa8, 0x83, 0x2a, 0xbf, 0xba, 0x78, 0x2c,
        0xef, 0x2d, 0x48, 0x48, 0x19, 0x4e, 0x5e, 0x45, 0x4d, 0x01, 0xef, 0x3c, 0xc5, 0xe8, 0x5b, 0xf3,
        0xf1, 0x55, 0x28, 0x8d, 0x57, 0x86, 0x68, 0x8e, 0x99, 0xb2, 0x0b, 0x28, 0x90, 0x91, 0x79, 0xce,
        0x07, 0x6b, 0x44, 0x8a, 0xf1, 0x09, 0xdf, 0x9d, 0x01, 0xcc, 0xf1, 0xdb, 0x2b, 0x79, 0x98, 0x8f,
        0x24, 0xa6, 0x33, 0x45, 0x7b, 0x3c, 0x7a, 0xba, 0xdb, 0xbd, 0x14, 0x4e, 0xa8, 0x9c, 0x55, 0x99,
        0xf1, 0xbd, 0xc8, 0x6b, 0x6f, 0xc4, 0xbe, 0xf9, 0xe2, 0x06, 0x18, 0xca, 0x1b, 0xab, 0xc0, 0x3f,
        0x3c, 0xec, 0x89, 0xea, 0x78, 0xdb, 0xe9, 0x51, 0x06, 0x11, 0xb2, 0x8f, 0x94, 0x51, 0xb2, 0x3d } },
    /* random 1024-bit mod, full-width exp (b) */
    { .n_len = 128,
      .full_exp = true,
      .base     = {
        0x00, 0x00, 0x00, 0x00, 0x00, 0x00, 0x00, 0x00, 0x00, 0x00, 0x00, 0x00, 0x00, 0x00, 0x00, 0x00,
        0x00, 0x00, 0x00, 0x00, 0x00, 0x00, 0x00, 0x00, 0x00, 0x00, 0x00, 0x00, 0x00, 0x00, 0x00, 0x00,
        0x00, 0x00, 0x00, 0x00, 0x00, 0x00, 0x00, 0x00, 0x00, 0x00, 0x00, 0x00, 0x00, 0x00, 0x00, 0x00,
        0x00, 0x00, 0x00, 0x00, 0x00, 0x00, 0x00, 0x00, 0x00, 0x00, 0x00, 0x00, 0x00, 0x00, 0x00, 0x00,
        0x00, 0x00, 0x00, 0x00, 0x00, 0x00, 0x00, 0x00, 0x00, 0x00, 0x00, 0x00, 0x00, 0x00, 0x00, 0x00,
        0x00, 0x00, 0x00, 0x00, 0x00, 0x00, 0x00, 0x00, 0x00, 0x00, 0x00, 0x00, 0x00, 0x00, 0x00, 0x00,
        0x00, 0x00, 0x00, 0x00, 0x00, 0x00, 0x00, 0x00, 0x00, 0x00, 0x00, 0x00, 0x00, 0x00, 0x00, 0x00,
        0x00, 0x00, 0x00, 0x00, 0x00, 0x00, 0x00, 0x00, 0x00, 0x00, 0x00, 0x00, 0x00, 0x00, 0x00, 0x00,
        0x00, 0x00, 0x00, 0x00, 0x00, 0x00, 0x00, 0x00, 0x00, 0x00, 0x00, 0x00, 0x00, 0x00, 0x00, 0x00,
        0x00, 0x00, 0x00, 0x00, 0x00, 0x00, 0x00, 0x00, 0x00, 0x00, 0x00, 0x00, 0x00, 0x00, 0x00, 0x00,
        0x00, 0x00, 0x00, 0x00, 0x00, 0x00, 0x00, 0x00, 0x00, 0x00, 0x00, 0x00, 0x00, 0x00, 0x00, 0x00,
        0x00, 0x00, 0x00, 0x00, 0x00, 0x00, 0x00, 0x00, 0x00, 0x00, 0x00, 0x00, 0x00, 0x00, 0x00, 0x00,
        0x00, 0x00, 0x00, 0x00, 0x00, 0x00, 0x00, 0x00, 0x00, 0x00, 0x00, 0x00, 0x00, 0x00, 0x00, 0x00,
        0x00, 0x00, 0x00, 0x00, 0x00, 0x00, 0x00, 0x00, 0x00, 0x00, 0x00, 0x00, 0x00, 0x00, 0x00, 0x00,
        0x00, 0x00, 0x00, 0x00, 0x00, 0x00, 0x00, 0x00, 0x00, 0x00, 0x00, 0x00, 0x00, 0x00, 0x00, 0x00,
        0x00, 0x00, 0x00, 0x00, 0x00, 0x00, 0x00, 0x00, 0x00, 0x00, 0x00, 0x00, 0x00, 0x00, 0x00, 0x00,
        0x00, 0x00, 0x00, 0x00, 0x00, 0x00, 0x00, 0x00, 0x00, 0x00, 0x00, 0x00, 0x00, 0x00, 0x00, 0x00,
        0x00, 0x00, 0x00, 0x00, 0x00, 0x00, 0x00, 0x00, 0x00, 0x00, 0x00, 0x00, 0x00, 0x00, 0x00, 0x00,
        0x00, 0x00, 0x00, 0x00, 0x00, 0x00, 0x00, 0x00, 0x00, 0x00, 0x00, 0x00, 0x00, 0x00, 0x00, 0x00,
        0x00, 0x00, 0x00, 0x00, 0x00, 0x00, 0x00, 0x00, 0x00, 0x00, 0x00, 0x00, 0x00, 0x00, 0x00, 0x00,
        0x00, 0x00, 0x00, 0x00, 0x00, 0x00, 0x00, 0x00, 0x00, 0x00, 0x00, 0x00, 0x00, 0x00, 0x00, 0x00,
        0x00, 0x00, 0x00, 0x00, 0x00, 0x00, 0x00, 0x00, 0x00, 0x00, 0x00, 0x00, 0x00, 0x00, 0x00, 0x00,
        0x00, 0x00, 0x00, 0x00, 0x00, 0x00, 0x00, 0x00, 0x00, 0x00, 0x00, 0x00, 0x00, 0x00, 0x00, 0x00,
        0x00, 0x00, 0x00, 0x00, 0x00, 0x00, 0x00, 0x00, 0x00, 0x00, 0x00, 0x00, 0x00, 0x00, 0x00, 0x00,
        0xd0, 0x51, 0x06, 0x09, 0xad, 0xd6, 0xab, 0xb4, 0x35, 0x82, 0x73, 0xfc, 0x76, 0x12, 0x27, 0xe0,
        0x27, 0x1c, 0x98, 0x7d, 0xa2, 0xf2, 0x7c, 0x92, 0x38, 0x38, 0x4f, 0x78, 0x37, 0x15, 0xaa, 0x5c,
        0x8c, 0x0e, 0xe0, 0x0a, 0x99, 0x27, 0xf7, 0x68, 0x9d, 0x01, 0xf7, 0xb3, 0x58, 0xdf, 0x00, 0x94,
        0xe6, 0x36, 0xf1, 0xb0, 0x20, 0xd1, 0x67, 0xf5, 0x7a, 0x13, 0xa4, 0x8a, 0x20, 0x2f, 0x43, 0x5a,
        0xb6, 0x52, 0xdd, 0xcc, 0xa3, 0x43, 0xde, 0xef, 0x6f, 0x37, 0xe2, 0x64, 0x7a, 0xb0, 0x13, 0x54,
        0xc0, 0x88, 0xeb, 0x8c, 0xfb, 0x96, 0x77, 0xd2, 0xeb, 0xfd, 0x12, 0x5a, 0xa1, 0x51, 0x18, 0xea,
        0xfe, 0xf7, 0xb9, 0xae, 0xcf, 0x71, 0xb8, 0x97, 0x77, 0x4a, 0x84, 0x9c, 0x88, 0xa9, 0x8e, 0xe2,
        0xcb, 0x2d, 0x99, 0x12, 0xee, 0x40, 0x19, 0x32, 0xb4, 0x57, 0x48, 0x07, 0x13, 0xc5, 0x5c, 0x1a },
      .exp      = {
        0x00, 0x00, 0x00, 0x00, 0x00, 0x00, 0x00, 0x00, 0x00, 0x00, 0x00, 0x00, 0x00, 0x00, 0x00, 0x00,
        0x00, 0x00, 0x00, 0x00, 0x00, 0x00, 0x00, 0x00, 0x00, 0x00, 0x00, 0x00, 0x00, 0x00, 0x00, 0x00,
        0x00, 0x00, 0x00, 0x00, 0x00, 0x00, 0x00, 0x00, 0x00, 0x00, 0x00, 0x00, 0x00, 0x00, 0x00, 0x00,
        0x00, 0x00, 0x00, 0x00, 0x00, 0x00, 0x00, 0x00, 0x00, 0x00, 0x00, 0x00, 0x00, 0x00, 0x00, 0x00,
        0x00, 0x00, 0x00, 0x00, 0x00, 0x00, 0x00, 0x00, 0x00, 0x00, 0x00, 0x00, 0x00, 0x00, 0x00, 0x00,
        0x00, 0x00, 0x00, 0x00, 0x00, 0x00, 0x00, 0x00, 0x00, 0x00, 0x00, 0x00, 0x00, 0x00, 0x00, 0x00,
        0x00, 0x00, 0x00, 0x00, 0x00, 0x00, 0x00, 0x00, 0x00, 0x00, 0x00, 0x00, 0x00, 0x00, 0x00, 0x00,
        0x00, 0x00, 0x00, 0x00, 0x00, 0x00, 0x00, 0x00, 0x00, 0x00, 0x00, 0x00, 0x00, 0x00, 0x00, 0x00,
        0x00, 0x00, 0x00, 0x00, 0x00, 0x00, 0x00, 0x00, 0x00, 0x00, 0x00, 0x00, 0x00, 0x00, 0x00, 0x00,
        0x00, 0x00, 0x00, 0x00, 0x00, 0x00, 0x00, 0x00, 0x00, 0x00, 0x00, 0x00, 0x00, 0x00, 0x00, 0x00,
        0x00, 0x00, 0x00, 0x00, 0x00, 0x00, 0x00, 0x00, 0x00, 0x00, 0x00, 0x00, 0x00, 0x00, 0x00, 0x00,
        0x00, 0x00, 0x00, 0x00, 0x00, 0x00, 0x00, 0x00, 0x00, 0x00, 0x00, 0x00, 0x00, 0x00, 0x00, 0x00,
        0x00, 0x00, 0x00, 0x00, 0x00, 0x00, 0x00, 0x00, 0x00, 0x00, 0x00, 0x00, 0x00, 0x00, 0x00, 0x00,
        0x00, 0x00, 0x00, 0x00, 0x00, 0x00, 0x00, 0x00, 0x00, 0x00, 0x00, 0x00, 0x00, 0x00, 0x00, 0x00,
        0x00, 0x00, 0x00, 0x00, 0x00, 0x00, 0x00, 0x00, 0x00, 0x00, 0x00, 0x00, 0x00, 0x00, 0x00, 0x00,
        0x00, 0x00, 0x00, 0x00, 0x00, 0x00, 0x00, 0x00, 0x00, 0x00, 0x00, 0x00, 0x00, 0x00, 0x00, 0x00,
        0x00, 0x00, 0x00, 0x00, 0x00, 0x00, 0x00, 0x00, 0x00, 0x00, 0x00, 0x00, 0x00, 0x00, 0x00, 0x00,
        0x00, 0x00, 0x00, 0x00, 0x00, 0x00, 0x00, 0x00, 0x00, 0x00, 0x00, 0x00, 0x00, 0x00, 0x00, 0x00,
        0x00, 0x00, 0x00, 0x00, 0x00, 0x00, 0x00, 0x00, 0x00, 0x00, 0x00, 0x00, 0x00, 0x00, 0x00, 0x00,
        0x00, 0x00, 0x00, 0x00, 0x00, 0x00, 0x00, 0x00, 0x00, 0x00, 0x00, 0x00, 0x00, 0x00, 0x00, 0x00,
        0x00, 0x00, 0x00, 0x00, 0x00, 0x00, 0x00, 0x00, 0x00, 0x00, 0x00, 0x00, 0x00, 0x00, 0x00, 0x00,
        0x00, 0x00, 0x00, 0x00, 0x00, 0x00, 0x00, 0x00, 0x00, 0x00, 0x00, 0x00, 0x00, 0x00, 0x00, 0x00,
        0x00, 0x00, 0x00, 0x00, 0x00, 0x00, 0x00, 0x00, 0x00, 0x00, 0x00, 0x00, 0x00, 0x00, 0x00, 0x00,
        0x00, 0x00, 0x00, 0x00, 0x00, 0x00, 0x00, 0x00, 0x00, 0x00, 0x00, 0x00, 0x00, 0x00, 0x00, 0x00,
        0xa5, 0xd3, 0xf9, 0x5c, 0x7f, 0xf4, 0x59, 0x61, 0x16, 0x1b, 0xd3, 0x80, 0xac, 0xbc, 0x58, 0xa4,
        0xd9, 0x81, 0xaf, 0xfb, 0x0c, 0x2c, 0x4e, 0xc4, 0x39, 0xa7, 0x30, 0x12, 0x90, 0x45, 0xfc, 0x7a,
        0x29, 0x69, 0xd1, 0xe4, 0x29, 0x95, 0x21, 0xa9, 0x92, 0x54, 0x54, 0x90, 0x57, 0x84, 0x0f, 0x94,
        0xdf, 0x61, 0x03, 0xfa, 0x0b, 0x05, 0xfa, 0xb3, 0xe5, 0x4d, 0x51, 0x62, 0x50, 0x73, 0x79, 0xdf,
        0x1c, 0x74, 0xee, 0xa4, 0x5c, 0x14, 0x01, 0xf7, 0xc0, 0x7b, 0x90, 0xc3, 0x14, 0x71, 0x0a, 0xbf,
        0xc4, 0x8c, 0xf5, 0xf0, 0x94, 0x50, 0xad, 0x48, 0x34, 0x02, 0x72, 0x2c, 0xd3, 0x0f, 0x44, 0x46,
        0xfd, 0x98, 0xb5, 0xc8, 0x33, 0x02, 0x34, 0x8a, 0xa6, 0xa7, 0xb4, 0x08, 0xf2, 0x8d, 0x02, 0xfc,
        0x72, 0xf2, 0xb3, 0x7a, 0x0d, 0x84, 0x2e, 0x75, 0x41, 0x09, 0x69, 0x7f, 0x10, 0x77, 0x1b, 0x31 },
      .mod      = {
        0x00, 0x00, 0x00, 0x00, 0x00, 0x00, 0x00, 0x00, 0x00, 0x00, 0x00, 0x00, 0x00, 0x00, 0x00, 0x00,
        0x00, 0x00, 0x00, 0x00, 0x00, 0x00, 0x00, 0x00, 0x00, 0x00, 0x00, 0x00, 0x00, 0x00, 0x00, 0x00,
        0x00, 0x00, 0x00, 0x00, 0x00, 0x00, 0x00, 0x00, 0x00, 0x00, 0x00, 0x00, 0x00, 0x00, 0x00, 0x00,
        0x00, 0x00, 0x00, 0x00, 0x00, 0x00, 0x00, 0x00, 0x00, 0x00, 0x00, 0x00, 0x00, 0x00, 0x00, 0x00,
        0x00, 0x00, 0x00, 0x00, 0x00, 0x00, 0x00, 0x00, 0x00, 0x00, 0x00, 0x00, 0x00, 0x00, 0x00, 0x00,
        0x00, 0x00, 0x00, 0x00, 0x00, 0x00, 0x00, 0x00, 0x00, 0x00, 0x00, 0x00, 0x00, 0x00, 0x00, 0x00,
        0x00, 0x00, 0x00, 0x00, 0x00, 0x00, 0x00, 0x00, 0x00, 0x00, 0x00, 0x00, 0x00, 0x00, 0x00, 0x00,
        0x00, 0x00, 0x00, 0x00, 0x00, 0x00, 0x00, 0x00, 0x00, 0x00, 0x00, 0x00, 0x00, 0x00, 0x00, 0x00,
        0x00, 0x00, 0x00, 0x00, 0x00, 0x00, 0x00, 0x00, 0x00, 0x00, 0x00, 0x00, 0x00, 0x00, 0x00, 0x00,
        0x00, 0x00, 0x00, 0x00, 0x00, 0x00, 0x00, 0x00, 0x00, 0x00, 0x00, 0x00, 0x00, 0x00, 0x00, 0x00,
        0x00, 0x00, 0x00, 0x00, 0x00, 0x00, 0x00, 0x00, 0x00, 0x00, 0x00, 0x00, 0x00, 0x00, 0x00, 0x00,
        0x00, 0x00, 0x00, 0x00, 0x00, 0x00, 0x00, 0x00, 0x00, 0x00, 0x00, 0x00, 0x00, 0x00, 0x00, 0x00,
        0x00, 0x00, 0x00, 0x00, 0x00, 0x00, 0x00, 0x00, 0x00, 0x00, 0x00, 0x00, 0x00, 0x00, 0x00, 0x00,
        0x00, 0x00, 0x00, 0x00, 0x00, 0x00, 0x00, 0x00, 0x00, 0x00, 0x00, 0x00, 0x00, 0x00, 0x00, 0x00,
        0x00, 0x00, 0x00, 0x00, 0x00, 0x00, 0x00, 0x00, 0x00, 0x00, 0x00, 0x00, 0x00, 0x00, 0x00, 0x00,
        0x00, 0x00, 0x00, 0x00, 0x00, 0x00, 0x00, 0x00, 0x00, 0x00, 0x00, 0x00, 0x00, 0x00, 0x00, 0x00,
        0x00, 0x00, 0x00, 0x00, 0x00, 0x00, 0x00, 0x00, 0x00, 0x00, 0x00, 0x00, 0x00, 0x00, 0x00, 0x00,
        0x00, 0x00, 0x00, 0x00, 0x00, 0x00, 0x00, 0x00, 0x00, 0x00, 0x00, 0x00, 0x00, 0x00, 0x00, 0x00,
        0x00, 0x00, 0x00, 0x00, 0x00, 0x00, 0x00, 0x00, 0x00, 0x00, 0x00, 0x00, 0x00, 0x00, 0x00, 0x00,
        0x00, 0x00, 0x00, 0x00, 0x00, 0x00, 0x00, 0x00, 0x00, 0x00, 0x00, 0x00, 0x00, 0x00, 0x00, 0x00,
        0x00, 0x00, 0x00, 0x00, 0x00, 0x00, 0x00, 0x00, 0x00, 0x00, 0x00, 0x00, 0x00, 0x00, 0x00, 0x00,
        0x00, 0x00, 0x00, 0x00, 0x00, 0x00, 0x00, 0x00, 0x00, 0x00, 0x00, 0x00, 0x00, 0x00, 0x00, 0x00,
        0x00, 0x00, 0x00, 0x00, 0x00, 0x00, 0x00, 0x00, 0x00, 0x00, 0x00, 0x00, 0x00, 0x00, 0x00, 0x00,
        0x00, 0x00, 0x00, 0x00, 0x00, 0x00, 0x00, 0x00, 0x00, 0x00, 0x00, 0x00, 0x00, 0x00, 0x00, 0x00,
        0xfa, 0x90, 0x24, 0x09, 0x72, 0xcd, 0x45, 0x1f, 0x89, 0xf7, 0xb5, 0x02, 0x31, 0xf9, 0x47, 0x33,
        0xed, 0x34, 0x50, 0x85, 0x79, 0x79, 0xd7, 0xe3, 0xf8, 0x13, 0x18, 0xff, 0x2b, 0x82, 0x1d, 0xb6,
        0xb0, 0x76, 0xdf, 0x69, 0x93, 0xb3, 0x21, 0x56, 0x09, 0x38, 0xda, 0x58, 0xa2, 0xd0, 0x6e, 0x43,
        0xc0, 0x4b, 0x3c, 0xff, 0xc7, 0x0a, 0xee, 0xb8, 0x0f, 0x39, 0xff, 0x72, 0x47, 0xcc, 0x37, 0xf5,
        0xd6, 0xd7, 0x6a, 0x62, 0x09, 0x63, 0xff, 0x6d, 0x6a, 0x3f, 0x0b, 0x0c, 0x49, 0x6e, 0xe2, 0x92,
        0x50, 0xa8, 0x58, 0x0c, 0x1a, 0xaf, 0x8d, 0x40, 0xe4, 0x64, 0x9e, 0x38, 0x91, 0xae, 0xc1, 0x9c,
        0x10, 0xc3, 0x01, 0xfe, 0x38, 0xdf, 0xfe, 0x4c, 0xe0, 0xfc, 0xdd, 0x66, 0x91, 0xf0, 0x1e, 0xbb,
        0x86, 0x93, 0xde, 0xfd, 0x86, 0xe6, 0xa1, 0x13, 0xc9, 0xfc, 0xd4, 0xda, 0x4f, 0x03, 0xcd, 0x21 },
      .expected = {
        0x00, 0x00, 0x00, 0x00, 0x00, 0x00, 0x00, 0x00, 0x00, 0x00, 0x00, 0x00, 0x00, 0x00, 0x00, 0x00,
        0x00, 0x00, 0x00, 0x00, 0x00, 0x00, 0x00, 0x00, 0x00, 0x00, 0x00, 0x00, 0x00, 0x00, 0x00, 0x00,
        0x00, 0x00, 0x00, 0x00, 0x00, 0x00, 0x00, 0x00, 0x00, 0x00, 0x00, 0x00, 0x00, 0x00, 0x00, 0x00,
        0x00, 0x00, 0x00, 0x00, 0x00, 0x00, 0x00, 0x00, 0x00, 0x00, 0x00, 0x00, 0x00, 0x00, 0x00, 0x00,
        0x00, 0x00, 0x00, 0x00, 0x00, 0x00, 0x00, 0x00, 0x00, 0x00, 0x00, 0x00, 0x00, 0x00, 0x00, 0x00,
        0x00, 0x00, 0x00, 0x00, 0x00, 0x00, 0x00, 0x00, 0x00, 0x00, 0x00, 0x00, 0x00, 0x00, 0x00, 0x00,
        0x00, 0x00, 0x00, 0x00, 0x00, 0x00, 0x00, 0x00, 0x00, 0x00, 0x00, 0x00, 0x00, 0x00, 0x00, 0x00,
        0x00, 0x00, 0x00, 0x00, 0x00, 0x00, 0x00, 0x00, 0x00, 0x00, 0x00, 0x00, 0x00, 0x00, 0x00, 0x00,
        0x00, 0x00, 0x00, 0x00, 0x00, 0x00, 0x00, 0x00, 0x00, 0x00, 0x00, 0x00, 0x00, 0x00, 0x00, 0x00,
        0x00, 0x00, 0x00, 0x00, 0x00, 0x00, 0x00, 0x00, 0x00, 0x00, 0x00, 0x00, 0x00, 0x00, 0x00, 0x00,
        0x00, 0x00, 0x00, 0x00, 0x00, 0x00, 0x00, 0x00, 0x00, 0x00, 0x00, 0x00, 0x00, 0x00, 0x00, 0x00,
        0x00, 0x00, 0x00, 0x00, 0x00, 0x00, 0x00, 0x00, 0x00, 0x00, 0x00, 0x00, 0x00, 0x00, 0x00, 0x00,
        0x00, 0x00, 0x00, 0x00, 0x00, 0x00, 0x00, 0x00, 0x00, 0x00, 0x00, 0x00, 0x00, 0x00, 0x00, 0x00,
        0x00, 0x00, 0x00, 0x00, 0x00, 0x00, 0x00, 0x00, 0x00, 0x00, 0x00, 0x00, 0x00, 0x00, 0x00, 0x00,
        0x00, 0x00, 0x00, 0x00, 0x00, 0x00, 0x00, 0x00, 0x00, 0x00, 0x00, 0x00, 0x00, 0x00, 0x00, 0x00,
        0x00, 0x00, 0x00, 0x00, 0x00, 0x00, 0x00, 0x00, 0x00, 0x00, 0x00, 0x00, 0x00, 0x00, 0x00, 0x00,
        0x00, 0x00, 0x00, 0x00, 0x00, 0x00, 0x00, 0x00, 0x00, 0x00, 0x00, 0x00, 0x00, 0x00, 0x00, 0x00,
        0x00, 0x00, 0x00, 0x00, 0x00, 0x00, 0x00, 0x00, 0x00, 0x00, 0x00, 0x00, 0x00, 0x00, 0x00, 0x00,
        0x00, 0x00, 0x00, 0x00, 0x00, 0x00, 0x00, 0x00, 0x00, 0x00, 0x00, 0x00, 0x00, 0x00, 0x00, 0x00,
        0x00, 0x00, 0x00, 0x00, 0x00, 0x00, 0x00, 0x00, 0x00, 0x00, 0x00, 0x00, 0x00, 0x00, 0x00, 0x00,
        0x00, 0x00, 0x00, 0x00, 0x00, 0x00, 0x00, 0x00, 0x00, 0x00, 0x00, 0x00, 0x00, 0x00, 0x00, 0x00,
        0x00, 0x00, 0x00, 0x00, 0x00, 0x00, 0x00, 0x00, 0x00, 0x00, 0x00, 0x00, 0x00, 0x00, 0x00, 0x00,
        0x00, 0x00, 0x00, 0x00, 0x00, 0x00, 0x00, 0x00, 0x00, 0x00, 0x00, 0x00, 0x00, 0x00, 0x00, 0x00,
        0x00, 0x00, 0x00, 0x00, 0x00, 0x00, 0x00, 0x00, 0x00, 0x00, 0x00, 0x00, 0x00, 0x00, 0x00, 0x00,
        0xc7, 0xdc, 0xfe, 0xf6, 0x2f, 0xba, 0x12, 0x07, 0xa9, 0x81, 0xac, 0x57, 0x77, 0x3f, 0x91, 0x62,
        0x8a, 0x55, 0xbc, 0xc6, 0xac, 0x15, 0x4c, 0xf9, 0x74, 0x81, 0xfc, 0xfa, 0x31, 0x8d, 0x80, 0xc2,
        0x17, 0xb7, 0xd8, 0xcc, 0xad, 0x95, 0x22, 0xac, 0xe7, 0xaf, 0xf7, 0x41, 0xaa, 0x19, 0xab, 0xc8,
        0xe6, 0xcf, 0x57, 0x78, 0x2c, 0x88, 0xd9, 0xce, 0x1c, 0xf5, 0xdc, 0x2b, 0x29, 0x92, 0xfe, 0x89,
        0x3b, 0xb2, 0xcc, 0x28, 0x8b, 0x01, 0xd5, 0x84, 0x33, 0xa8, 0x89, 0x65, 0x2d, 0xe1, 0xa2, 0x2f,
        0xce, 0x11, 0xe4, 0xf7, 0xa9, 0xf6, 0x18, 0x97, 0x53, 0xcc, 0xa9, 0x7a, 0x83, 0x79, 0x42, 0x67,
        0x7d, 0x66, 0xf5, 0x57, 0xd4, 0xc6, 0x05, 0x83, 0x84, 0x1f, 0xc7, 0xdb, 0xef, 0x2e, 0xb6, 0x91,
        0x0f, 0x43, 0x82, 0xac, 0x0d, 0x6b, 0x92, 0xce, 0x32, 0x1e, 0x49, 0xb1, 0x37, 0x83, 0xa5, 0x37 } },
    /* random 2048-bit mod, 24-bit exp */
    { .n_len = 256,
      .full_exp = false,
      .base     = {
        0x00, 0x00, 0x00, 0x00, 0x00, 0x00, 0x00, 0x00, 0x00, 0x00, 0x00, 0x00, 0x00, 0x00, 0x00, 0x00,
        0x00, 0x00, 0x00, 0x00, 0x00, 0x00, 0x00, 0x00, 0x00, 0x00, 0x00, 0x00, 0x00, 0x00, 0x00, 0x00,
        0x00, 0x00, 0x00, 0x00, 0x00, 0x00, 0x00, 0x00, 0x00, 0x00, 0x00, 0x00, 0x00, 0x00, 0x00, 0x00,
        0x00, 0x00, 0x00, 0x00, 0x00, 0x00, 0x00, 0x00, 0x00, 0x00, 0x00, 0x00, 0x00, 0x00, 0x00, 0x00,
        0x00, 0x00, 0x00, 0x00, 0x00, 0x00, 0x00, 0x00, 0x00, 0x00, 0x00, 0x00, 0x00, 0x00, 0x00, 0x00,
        0x00, 0x00, 0x00, 0x00, 0x00, 0x00, 0x00, 0x00, 0x00, 0x00, 0x00, 0x00, 0x00, 0x00, 0x00, 0x00,
        0x00, 0x00, 0x00, 0x00, 0x00, 0x00, 0x00, 0x00, 0x00, 0x00, 0x00, 0x00, 0x00, 0x00, 0x00, 0x00,
        0x00, 0x00, 0x00, 0x00, 0x00, 0x00, 0x00, 0x00, 0x00, 0x00, 0x00, 0x00, 0x00, 0x00, 0x00, 0x00,
        0x00, 0x00, 0x00, 0x00, 0x00, 0x00, 0x00, 0x00, 0x00, 0x00, 0x00, 0x00, 0x00, 0x00, 0x00, 0x00,
        0x00, 0x00, 0x00, 0x00, 0x00, 0x00, 0x00, 0x00, 0x00, 0x00, 0x00, 0x00, 0x00, 0x00, 0x00, 0x00,
        0x00, 0x00, 0x00, 0x00, 0x00, 0x00, 0x00, 0x00, 0x00, 0x00, 0x00, 0x00, 0x00, 0x00, 0x00, 0x00,
        0x00, 0x00, 0x00, 0x00, 0x00, 0x00, 0x00, 0x00, 0x00, 0x00, 0x00, 0x00, 0x00, 0x00, 0x00, 0x00,
        0x00, 0x00, 0x00, 0x00, 0x00, 0x00, 0x00, 0x00, 0x00, 0x00, 0x00, 0x00, 0x00, 0x00, 0x00, 0x00,
        0x00, 0x00, 0x00, 0x00, 0x00, 0x00, 0x00, 0x00, 0x00, 0x00, 0x00, 0x00, 0x00, 0x00, 0x00, 0x00,
        0x00, 0x00, 0x00, 0x00, 0x00, 0x00, 0x00, 0x00, 0x00, 0x00, 0x00, 0x00, 0x00, 0x00, 0x00, 0x00,
        0x00, 0x00, 0x00, 0x00, 0x00, 0x00, 0x00, 0x00, 0x00, 0x00, 0x00, 0x00, 0x00, 0x00, 0x00, 0x00,
        0xd7, 0x21, 0x54, 0xcb, 0x12, 0x85, 0xad, 0x8c, 0x22, 0xc4, 0xf8, 0xd9, 0xa0, 0x15, 0xa2, 0xff,
        0x70, 0x02, 0x53, 0x5d, 0xeb, 0x63, 0x49, 0xb0, 0x49, 0x7b, 0xdc, 0x04, 0xed, 0x37, 0x31, 0x1f,
        0x45, 0x8f, 0x11, 0xbf, 0xab, 0x96, 0xde, 0x18, 0x24, 0xe4, 0xf0, 0x7a, 0x5c, 0xfa, 0x5d, 0x53,
        0x6a, 0x66, 0xe0, 0xc8, 0xb9, 0x9c, 0x40, 0xba, 0x94, 0x98, 0xf5, 0x2e, 0x5e, 0x3f, 0x55, 0x89,
        0x58, 0x3e, 0xad, 0x8d, 0xfe, 0x93, 0xb7, 0x8f, 0xd9, 0x34, 0x8a, 0x3a, 0x52, 0x7c, 0xd3, 0x0e,
        0xb1, 0xe3, 0xbe, 0x3c, 0x0e, 0x49, 0x9d, 0x35, 0xfa, 0x4e, 0xb6, 0x39, 0xdd, 0x66, 0xde, 0x85,
        0xba, 0x49, 0x22, 0xfb, 0x26, 0x16, 0x4f, 0xb5, 0x48, 0x3d, 0x15, 0x5d, 0x61, 0x00, 0xc6, 0x31,
        0x7c, 0xf6, 0xf1, 0xd3, 0x41, 0x61, 0xaf, 0xa6, 0xfb, 0x0e, 0x6b, 0x47, 0x17, 0xad, 0x27, 0x5e,
        0xe1, 0xa8, 0x3e, 0xe6, 0xc2, 0xc0, 0x70, 0x00, 0xb9, 0x4a, 0xc2, 0x93, 0x79, 0x6b, 0x78, 0x55,
        0x6a, 0x25, 0x74, 0x4b, 0x41, 0xf5, 0x3d, 0xa9, 0x74, 0x00, 0xde, 0xcf, 0x7a, 0x05, 0x4d, 0x6c,
        0xfc, 0x55, 0xb8, 0x80, 0x57, 0xfc, 0xac, 0xf1, 0x82, 0x88, 0x8c, 0xa7, 0xc7, 0xa7, 0xc4, 0x53,
        0x08, 0xd1, 0xff, 0x7e, 0x07, 0x35, 0xdc, 0xe0, 0x79, 0xa6, 0x4d, 0x41, 0x19, 0xd2, 0xf0, 0x3f,
        0xce, 0x6b, 0x99, 0x8d, 0x89, 0x3f, 0x5a, 0x48, 0x58, 0x74, 0x6a, 0xab, 0x26, 0xbb, 0xa7, 0x5f,
        0xf5, 0x89, 0x72, 0xcf, 0xdb, 0x5a, 0x10, 0x06, 0x5e, 0xab, 0xcf, 0xeb, 0x6b, 0x2b, 0xa3, 0x2c,
        0x5a, 0xc8, 0x51, 0xbe, 0x55, 0x1f, 0xa4, 0x32, 0x8b, 0xc0, 0x29, 0xfb, 0x92, 0xe8, 0xac, 0x54,
        0x1e, 0x08, 0x13, 0xaa, 0x42, 0xdd, 0x3d, 0x2e, 0x26, 0x12, 0xe0, 0x55, 0x8c, 0x42, 0xe7, 0xb8 },
      .exp      = {
        0x00, 0x00, 0x00, 0x00, 0x00, 0x00, 0x00, 0x00, 0x00, 0x00, 0x00, 0x00, 0x00, 0x00, 0x00, 0x00,
        0x00, 0x00, 0x00, 0x00, 0x00, 0x00, 0x00, 0x00, 0x00, 0x00, 0x00, 0x00, 0x00, 0x00, 0x00, 0x00,
        0x00, 0x00, 0x00, 0x00, 0x00, 0x00, 0x00, 0x00, 0x00, 0x00, 0x00, 0x00, 0x00, 0x00, 0x00, 0x00,
        0x00, 0x00, 0x00, 0x00, 0x00, 0x00, 0x00, 0x00, 0x00, 0x00, 0x00, 0x00, 0x00, 0x00, 0x00, 0x00,
        0x00, 0x00, 0x00, 0x00, 0x00, 0x00, 0x00, 0x00, 0x00, 0x00, 0x00, 0x00, 0x00, 0x00, 0x00, 0x00,
        0x00, 0x00, 0x00, 0x00, 0x00, 0x00, 0x00, 0x00, 0x00, 0x00, 0x00, 0x00, 0x00, 0x00, 0x00, 0x00,
        0x00, 0x00, 0x00, 0x00, 0x00, 0x00, 0x00, 0x00, 0x00, 0x00, 0x00, 0x00, 0x00, 0x00, 0x00, 0x00,
        0x00, 0x00, 0x00, 0x00, 0x00, 0x00, 0x00, 0x00, 0x00, 0x00, 0x00, 0x00, 0x00, 0x00, 0x00, 0x00,
        0x00, 0x00, 0x00, 0x00, 0x00, 0x00, 0x00, 0x00, 0x00, 0x00, 0x00, 0x00, 0x00, 0x00, 0x00, 0x00,
        0x00, 0x00, 0x00, 0x00, 0x00, 0x00, 0x00, 0x00, 0x00, 0x00, 0x00, 0x00, 0x00, 0x00, 0x00, 0x00,
        0x00, 0x00, 0x00, 0x00, 0x00, 0x00, 0x00, 0x00, 0x00, 0x00, 0x00, 0x00, 0x00, 0x00, 0x00, 0x00,
        0x00, 0x00, 0x00, 0x00, 0x00, 0x00, 0x00, 0x00, 0x00, 0x00, 0x00, 0x00, 0x00, 0x00, 0x00, 0x00,
        0x00, 0x00, 0x00, 0x00, 0x00, 0x00, 0x00, 0x00, 0x00, 0x00, 0x00, 0x00, 0x00, 0x00, 0x00, 0x00,
        0x00, 0x00, 0x00, 0x00, 0x00, 0x00, 0x00, 0x00, 0x00, 0x00, 0x00, 0x00, 0x00, 0x00, 0x00, 0x00,
        0x00, 0x00, 0x00, 0x00, 0x00, 0x00, 0x00, 0x00, 0x00, 0x00, 0x00, 0x00, 0x00, 0x00, 0x00, 0x00,
        0x00, 0x00, 0x00, 0x00, 0x00, 0x00, 0x00, 0x00, 0x00, 0x00, 0x00, 0x00, 0x00, 0x00, 0x00, 0x00,
        0x00, 0x00, 0x00, 0x00, 0x00, 0x00, 0x00, 0x00, 0x00, 0x00, 0x00, 0x00, 0x00, 0x00, 0x00, 0x00,
        0x00, 0x00, 0x00, 0x00, 0x00, 0x00, 0x00, 0x00, 0x00, 0x00, 0x00, 0x00, 0x00, 0x00, 0x00, 0x00,
        0x00, 0x00, 0x00, 0x00, 0x00, 0x00, 0x00, 0x00, 0x00, 0x00, 0x00, 0x00, 0x00, 0x00, 0x00, 0x00,
        0x00, 0x00, 0x00, 0x00, 0x00, 0x00, 0x00, 0x00, 0x00, 0x00, 0x00, 0x00, 0x00, 0x00, 0x00, 0x00,
        0x00, 0x00, 0x00, 0x00, 0x00, 0x00, 0x00, 0x00, 0x00, 0x00, 0x00, 0x00, 0x00, 0x00, 0x00, 0x00,
        0x00, 0x00, 0x00, 0x00, 0x00, 0x00, 0x00, 0x00, 0x00, 0x00, 0x00, 0x00, 0x00, 0x00, 0x00, 0x00,
        0x00, 0x00, 0x00, 0x00, 0x00, 0x00, 0x00, 0x00, 0x00, 0x00, 0x00, 0x00, 0x00, 0x00, 0x00, 0x00,
        0x00, 0x00, 0x00, 0x00, 0x00, 0x00, 0x00, 0x00, 0x00, 0x00, 0x00, 0x00, 0x00, 0x00, 0x00, 0x00,
        0x00, 0x00, 0x00, 0x00, 0x00, 0x00, 0x00, 0x00, 0x00, 0x00, 0x00, 0x00, 0x00, 0x00, 0x00, 0x00,
        0x00, 0x00, 0x00, 0x00, 0x00, 0x00, 0x00, 0x00, 0x00, 0x00, 0x00, 0x00, 0x00, 0x00, 0x00, 0x00,
        0x00, 0x00, 0x00, 0x00, 0x00, 0x00, 0x00, 0x00, 0x00, 0x00, 0x00, 0x00, 0x00, 0x00, 0x00, 0x00,
        0x00, 0x00, 0x00, 0x00, 0x00, 0x00, 0x00, 0x00, 0x00, 0x00, 0x00, 0x00, 0x00, 0x00, 0x00, 0x00,
        0x00, 0x00, 0x00, 0x00, 0x00, 0x00, 0x00, 0x00, 0x00, 0x00, 0x00, 0x00, 0x00, 0x00, 0x00, 0x00,
        0x00, 0x00, 0x00, 0x00, 0x00, 0x00, 0x00, 0x00, 0x00, 0x00, 0x00, 0x00, 0x00, 0x00, 0x00, 0x00,
        0x00, 0x00, 0x00, 0x00, 0x00, 0x00, 0x00, 0x00, 0x00, 0x00, 0x00, 0x00, 0x00, 0x00, 0x00, 0x00,
        0x00, 0x00, 0x00, 0x00, 0x00, 0x00, 0x00, 0x00, 0x00, 0x00, 0x00, 0x00, 0x00, 0xbf, 0xe9, 0x62 },
      .mod      = {
        0x00, 0x00, 0x00, 0x00, 0x00, 0x00, 0x00, 0x00, 0x00, 0x00, 0x00, 0x00, 0x00, 0x00, 0x00, 0x00,
        0x00, 0x00, 0x00, 0x00, 0x00, 0x00, 0x00, 0x00, 0x00, 0x00, 0x00, 0x00, 0x00, 0x00, 0x00, 0x00,
        0x00, 0x00, 0x00, 0x00, 0x00, 0x00, 0x00, 0x00, 0x00, 0x00, 0x00, 0x00, 0x00, 0x00, 0x00, 0x00,
        0x00, 0x00, 0x00, 0x00, 0x00, 0x00, 0x00, 0x00, 0x00, 0x00, 0x00, 0x00, 0x00, 0x00, 0x00, 0x00,
        0x00, 0x00, 0x00, 0x00, 0x00, 0x00, 0x00, 0x00, 0x00, 0x00, 0x00, 0x00, 0x00, 0x00, 0x00, 0x00,
        0x00, 0x00, 0x00, 0x00, 0x00, 0x00, 0x00, 0x00, 0x00, 0x00, 0x00, 0x00, 0x00, 0x00, 0x00, 0x00,
        0x00, 0x00, 0x00, 0x00, 0x00, 0x00, 0x00, 0x00, 0x00, 0x00, 0x00, 0x00, 0x00, 0x00, 0x00, 0x00,
        0x00, 0x00, 0x00, 0x00, 0x00, 0x00, 0x00, 0x00, 0x00, 0x00, 0x00, 0x00, 0x00, 0x00, 0x00, 0x00,
        0x00, 0x00, 0x00, 0x00, 0x00, 0x00, 0x00, 0x00, 0x00, 0x00, 0x00, 0x00, 0x00, 0x00, 0x00, 0x00,
        0x00, 0x00, 0x00, 0x00, 0x00, 0x00, 0x00, 0x00, 0x00, 0x00, 0x00, 0x00, 0x00, 0x00, 0x00, 0x00,
        0x00, 0x00, 0x00, 0x00, 0x00, 0x00, 0x00, 0x00, 0x00, 0x00, 0x00, 0x00, 0x00, 0x00, 0x00, 0x00,
        0x00, 0x00, 0x00, 0x00, 0x00, 0x00, 0x00, 0x00, 0x00, 0x00, 0x00, 0x00, 0x00, 0x00, 0x00, 0x00,
        0x00, 0x00, 0x00, 0x00, 0x00, 0x00, 0x00, 0x00, 0x00, 0x00, 0x00, 0x00, 0x00, 0x00, 0x00, 0x00,
        0x00, 0x00, 0x00, 0x00, 0x00, 0x00, 0x00, 0x00, 0x00, 0x00, 0x00, 0x00, 0x00, 0x00, 0x00, 0x00,
        0x00, 0x00, 0x00, 0x00, 0x00, 0x00, 0x00, 0x00, 0x00, 0x00, 0x00, 0x00, 0x00, 0x00, 0x00, 0x00,
        0x00, 0x00, 0x00, 0x00, 0x00, 0x00, 0x00, 0x00, 0x00, 0x00, 0x00, 0x00, 0x00, 0x00, 0x00, 0x00,
        0xdc, 0x2d, 0x91, 0x41, 0x9c, 0xdf, 0x58, 0x12, 0x1c, 0x55, 0x4c, 0x8f, 0x1b, 0x7f, 0xd1, 0x2b,
        0x85, 0xe7, 0xb4, 0x06, 0xb8, 0xb4, 0x57, 0x67, 0x2e, 0x18, 0x1c, 0xe7, 0x43, 0x86, 0x05, 0xb3,
        0x8b, 0x3e, 0x3c, 0x0e, 0x01, 0x81, 0x67, 0x9e, 0x1a, 0x41, 0x6c, 0x30, 0x66, 0x2f, 0xed, 0xa9,
        0xd1, 0x0c, 0x09, 0xb8, 0xda, 0xac, 0xac, 0x27, 0xb2, 0x2d, 0x55, 0x90, 0xb8, 0xf9, 0xf9, 0xd2,
        0xb9, 0x80, 0x1f, 0xd0, 0x18, 0xef, 0x4b, 0x1f, 0x77, 0xa0, 0xe0, 0x99, 0x67, 0x6d, 0x46, 0xb0,
        0x75, 0xbc, 0x10, 0x4b, 0xd0, 0x64, 0xbf, 0x9a, 0x75, 0xc6, 0x08, 0x20, 0x47, 0x3c, 0x06, 0x9d,
        0x90, 0x52, 0xa9, 0xc0, 0x18, 0xbe, 0x19, 0x9f, 0x8c, 0xf6, 0x2e, 0xf1, 0xa0, 0x69, 0x4a, 0x78,
        0xe2, 0x06, 0x4d, 0x7c, 0x5b, 0x95, 0x5e, 0x11, 0x22, 0x7e, 0x44, 0x9b, 0xc1, 0x3a, 0x43, 0xa6,
        0x99, 0x51, 0x98, 0x9a, 0xfb, 0x9c, 0x17, 0xd1, 0x30, 0x75, 0x27, 0xac, 0xca, 0x61, 0xd8, 0x1b,
        0x09, 0x1d, 0xa0, 0x67, 0x14, 0x6f, 0x83, 0x9e, 0xfe, 0xce, 0x3f, 0x46, 0x4e, 0x25, 0xa6, 0xb5,
        0x8d, 0x19, 0x4c, 0x1d, 0xb2, 0x4a, 0x44, 0xfe, 0x87, 0x68, 0xb4, 0xa6, 0x35, 0x73, 0x94, 0x17,
        0xb3, 0x4f, 0xb9, 0x53, 0xb7, 0x79, 0x01, 0x4d, 0xf6, 0x4e, 0x16, 0x78, 0xb2, 0x4d, 0x73, 0x50,
        0x7e, 0xcb, 0x0c, 0x9a, 0x37, 0xa7, 0x2f, 0x42, 0xd1, 0xf9, 0x55, 0xac, 0x83, 0x52, 0x60, 0x95,
        0xa0, 0xf5, 0xf3, 0x84, 0x83, 0xec, 0x82, 0x1e, 0xde, 0xc6, 0xd5, 0x2d, 0xff, 0x3b, 0xe3, 0x32,
        0x4a, 0x4a, 0x63, 0x37, 0xa7, 0x6b, 0xd5, 0x1b, 0x3d, 0x76, 0x34, 0xfc, 0x2c, 0x69, 0xd5, 0xb0,
        0x6c, 0xda, 0xef, 0xab, 0x79, 0xc0, 0xb6, 0x3b, 0xbc, 0x07, 0xbb, 0x11, 0x59, 0x53, 0x53, 0x93 },
      .expected = {
        0x00, 0x00, 0x00, 0x00, 0x00, 0x00, 0x00, 0x00, 0x00, 0x00, 0x00, 0x00, 0x00, 0x00, 0x00, 0x00,
        0x00, 0x00, 0x00, 0x00, 0x00, 0x00, 0x00, 0x00, 0x00, 0x00, 0x00, 0x00, 0x00, 0x00, 0x00, 0x00,
        0x00, 0x00, 0x00, 0x00, 0x00, 0x00, 0x00, 0x00, 0x00, 0x00, 0x00, 0x00, 0x00, 0x00, 0x00, 0x00,
        0x00, 0x00, 0x00, 0x00, 0x00, 0x00, 0x00, 0x00, 0x00, 0x00, 0x00, 0x00, 0x00, 0x00, 0x00, 0x00,
        0x00, 0x00, 0x00, 0x00, 0x00, 0x00, 0x00, 0x00, 0x00, 0x00, 0x00, 0x00, 0x00, 0x00, 0x00, 0x00,
        0x00, 0x00, 0x00, 0x00, 0x00, 0x00, 0x00, 0x00, 0x00, 0x00, 0x00, 0x00, 0x00, 0x00, 0x00, 0x00,
        0x00, 0x00, 0x00, 0x00, 0x00, 0x00, 0x00, 0x00, 0x00, 0x00, 0x00, 0x00, 0x00, 0x00, 0x00, 0x00,
        0x00, 0x00, 0x00, 0x00, 0x00, 0x00, 0x00, 0x00, 0x00, 0x00, 0x00, 0x00, 0x00, 0x00, 0x00, 0x00,
        0x00, 0x00, 0x00, 0x00, 0x00, 0x00, 0x00, 0x00, 0x00, 0x00, 0x00, 0x00, 0x00, 0x00, 0x00, 0x00,
        0x00, 0x00, 0x00, 0x00, 0x00, 0x00, 0x00, 0x00, 0x00, 0x00, 0x00, 0x00, 0x00, 0x00, 0x00, 0x00,
        0x00, 0x00, 0x00, 0x00, 0x00, 0x00, 0x00, 0x00, 0x00, 0x00, 0x00, 0x00, 0x00, 0x00, 0x00, 0x00,
        0x00, 0x00, 0x00, 0x00, 0x00, 0x00, 0x00, 0x00, 0x00, 0x00, 0x00, 0x00, 0x00, 0x00, 0x00, 0x00,
        0x00, 0x00, 0x00, 0x00, 0x00, 0x00, 0x00, 0x00, 0x00, 0x00, 0x00, 0x00, 0x00, 0x00, 0x00, 0x00,
        0x00, 0x00, 0x00, 0x00, 0x00, 0x00, 0x00, 0x00, 0x00, 0x00, 0x00, 0x00, 0x00, 0x00, 0x00, 0x00,
        0x00, 0x00, 0x00, 0x00, 0x00, 0x00, 0x00, 0x00, 0x00, 0x00, 0x00, 0x00, 0x00, 0x00, 0x00, 0x00,
        0x00, 0x00, 0x00, 0x00, 0x00, 0x00, 0x00, 0x00, 0x00, 0x00, 0x00, 0x00, 0x00, 0x00, 0x00, 0x00,
        0x64, 0x50, 0xf5, 0x33, 0x4d, 0x6a, 0x80, 0x8a, 0x84, 0x32, 0xb7, 0x0b, 0xf0, 0x67, 0x13, 0x1b,
        0xc7, 0x1e, 0x87, 0xd1, 0x36, 0x0b, 0xa1, 0xc9, 0x62, 0x4a, 0xd9, 0xbb, 0x61, 0x12, 0xb9, 0x66,
        0x45, 0x77, 0x29, 0x3e, 0x1b, 0xf5, 0x9b, 0x44, 0x8d, 0xdc, 0xeb, 0xd1, 0xd2, 0x81, 0xdf, 0x31,
        0x3c, 0x80, 0xcd, 0x63, 0xfe, 0xb3, 0xcc, 0x9f, 0x5f, 0xfe, 0x72, 0x9c, 0xb1, 0xdb, 0x64, 0x8a,
        0x86, 0x0d, 0x4f, 0x0d, 0x76, 0xf6, 0x0d, 0x37, 0x05, 0xa0, 0xc0, 0xf1, 0xca, 0x36, 0xcb, 0x72,
        0xc9, 0xb5, 0x5f, 0x22, 0x7d, 0x8e, 0x53, 0x76, 0xc1, 0x79, 0xfd, 0xa8, 0x13, 0x47, 0x2a, 0x46,
        0x8b, 0xe2, 0x99, 0xad, 0x32, 0x47, 0xb9, 0x90, 0x70, 0x52, 0xb4, 0x83, 0xe9, 0x4c, 0x48, 0xb6,
        0x94, 0x86, 0x83, 0x83, 0x42, 0x2f, 0x05, 0xd1, 0x90, 0x64, 0x02, 0xef, 0xb3, 0x2b, 0x90, 0xe8,
        0xcb, 0x89, 0x8c, 0xce, 0x91, 0x38, 0xc7, 0xa1, 0xe1, 0xbc, 0xf1, 0x1f, 0x34, 0xbb, 0x98, 0xa7,
        0xb8, 0x5d, 0xd9, 0x46, 0xb2, 0xbb, 0xff, 0xf9, 0xaa, 0x26, 0x49, 0x45, 0x76, 0xd4, 0x41, 0x21,
        0x2c, 0xc2, 0x05, 0x3e, 0x65, 0x84, 0x0a, 0xbe, 0x34, 0xb0, 0xdc, 0x38, 0xb0, 0x55, 0x67, 0x43,
        0x2b, 0x45, 0xbe, 0x7d, 0x5c, 0x90, 0x8a, 0x6a, 0x19, 0xe7, 0x87, 0x6b, 0xd3, 0x08, 0xb0, 0x5e,
        0xc1, 0x5d, 0x80, 0x9c, 0xec, 0x02, 0x28, 0x5c, 0xba, 0xd1, 0x33, 0x36, 0x44, 0xbc, 0xae, 0x27,
        0x23, 0xb9, 0x8d, 0x24, 0x3d, 0xc9, 0x21, 0xc5, 0xf7, 0x5b, 0xcd, 0x86, 0x55, 0x54, 0x3e, 0x3d,
        0xfe, 0x8b, 0x37, 0xbf, 0xd7, 0xf9, 0x40, 0xaa, 0xcb, 0x15, 0x9c, 0xad, 0x76, 0x60, 0xf2, 0x40,
        0x59, 0x36, 0xb1, 0x48, 0xca, 0xc3, 0x13, 0xc2, 0xf6, 0xe0, 0xd8, 0x5e, 0xf7, 0xf2, 0x2a, 0x0d } },
    /* random 2048-bit mod, full-width exp */
    { .n_len = 256,
      .full_exp = true,
      .base     = {
        0x00, 0x00, 0x00, 0x00, 0x00, 0x00, 0x00, 0x00, 0x00, 0x00, 0x00, 0x00, 0x00, 0x00, 0x00, 0x00,
        0x00, 0x00, 0x00, 0x00, 0x00, 0x00, 0x00, 0x00, 0x00, 0x00, 0x00, 0x00, 0x00, 0x00, 0x00, 0x00,
        0x00, 0x00, 0x00, 0x00, 0x00, 0x00, 0x00, 0x00, 0x00, 0x00, 0x00, 0x00, 0x00, 0x00, 0x00, 0x00,
        0x00, 0x00, 0x00, 0x00, 0x00, 0x00, 0x00, 0x00, 0x00, 0x00, 0x00, 0x00, 0x00, 0x00, 0x00, 0x00,
        0x00, 0x00, 0x00, 0x00, 0x00, 0x00, 0x00, 0x00, 0x00, 0x00, 0x00, 0x00, 0x00, 0x00, 0x00, 0x00,
        0x00, 0x00, 0x00, 0x00, 0x00, 0x00, 0x00, 0x00, 0x00, 0x00, 0x00, 0x00, 0x00, 0x00, 0x00, 0x00,
        0x00, 0x00, 0x00, 0x00, 0x00, 0x00, 0x00, 0x00, 0x00, 0x00, 0x00, 0x00, 0x00, 0x00, 0x00, 0x00,
        0x00, 0x00, 0x00, 0x00, 0x00, 0x00, 0x00, 0x00, 0x00, 0x00, 0x00, 0x00, 0x00, 0x00, 0x00, 0x00,
        0x00, 0x00, 0x00, 0x00, 0x00, 0x00, 0x00, 0x00, 0x00, 0x00, 0x00, 0x00, 0x00, 0x00, 0x00, 0x00,
        0x00, 0x00, 0x00, 0x00, 0x00, 0x00, 0x00, 0x00, 0x00, 0x00, 0x00, 0x00, 0x00, 0x00, 0x00, 0x00,
        0x00, 0x00, 0x00, 0x00, 0x00, 0x00, 0x00, 0x00, 0x00, 0x00, 0x00, 0x00, 0x00, 0x00, 0x00, 0x00,
        0x00, 0x00, 0x00, 0x00, 0x00, 0x00, 0x00, 0x00, 0x00, 0x00, 0x00, 0x00, 0x00, 0x00, 0x00, 0x00,
        0x00, 0x00, 0x00, 0x00, 0x00, 0x00, 0x00, 0x00, 0x00, 0x00, 0x00, 0x00, 0x00, 0x00, 0x00, 0x00,
        0x00, 0x00, 0x00, 0x00, 0x00, 0x00, 0x00, 0x00, 0x00, 0x00, 0x00, 0x00, 0x00, 0x00, 0x00, 0x00,
        0x00, 0x00, 0x00, 0x00, 0x00, 0x00, 0x00, 0x00, 0x00, 0x00, 0x00, 0x00, 0x00, 0x00, 0x00, 0x00,
        0x00, 0x00, 0x00, 0x00, 0x00, 0x00, 0x00, 0x00, 0x00, 0x00, 0x00, 0x00, 0x00, 0x00, 0x00, 0x00,
        0x46, 0x8d, 0x5f, 0x4b, 0x05, 0x3e, 0xca, 0x19, 0xec, 0xda, 0x8c, 0x17, 0x59, 0x28, 0x57, 0x3f,
        0xf9, 0x59, 0x6e, 0x5a, 0xdb, 0x28, 0xe0, 0x67, 0x48, 0x55, 0xcf, 0xcc, 0x08, 0x2f, 0x34, 0x39,
        0x44, 0xf9, 0x4b, 0x49, 0x12, 0x44, 0xb7, 0x6d, 0x71, 0x5b, 0x03, 0xfc, 0xae, 0x00, 0x48, 0xba,
        0xe2, 0x40, 0xdf, 0xfc, 0x9b, 0x20, 0xb6, 0x0c, 0xad, 0xfb, 0x89, 0x95, 0x19, 0x2f, 0xd2, 0x32,
        0x85, 0x30, 0xe1, 0x7c, 0x1a, 0xe7, 0x0a, 0x62, 0x4d, 0x0a, 0x91, 0xea, 0x15, 0x2e, 0x73, 0xd3,
        0xd3, 0x4b, 0xeb, 0xd7, 0x19, 0xa2, 0x99, 0xe6, 0xc7, 0xc2, 0x98, 0x71, 0x15, 0xa8, 0xf0, 0xa5,
        0x10, 0x9c, 0x79, 0x9b, 0x7e, 0xab, 0xb2, 0xe2, 0xc4, 0x14, 0x72, 0xad, 0x56, 0xc7, 0x6f, 0xe0,
        0xc7, 0xcc, 0xa4, 0x7d, 0xcc, 0xc5, 0x32, 0xc8, 0xab, 0x34, 0x27, 0x99, 0x4f, 0xdf, 0x02, 0xa7,
        0x3f, 0xc4, 0xd0, 0x37, 0x47, 0x9e, 0x57, 0x95, 0x25, 0x1b, 0x7b, 0xa0, 0x54, 0x9a, 0x7a, 0x3f,
        0x2a, 0xc4, 0xfd, 0xe7, 0x0c, 0xc4, 0x2b, 0xcd, 0x20, 0x8d, 0x0e, 0x33, 0x19, 0x04, 0x59, 0x31,
        0xcd, 0x90, 0x23, 0xe4, 0x37, 0x92, 0xdc, 0x37, 0x9e, 0xfa, 0x5b, 0x57, 0x8b, 0xcc, 0xa2, 0xbd,
        0x6b, 0x16, 0x2d, 0x66, 0x30, 0x66, 0x7e, 0x69, 0xa1, 0x07, 0x49, 0xc2, 0x61, 0x0a, 0xb3, 0x53,
        0x25, 0x33, 0x59, 0x81, 0x6e, 0x68, 0xbf, 0xa0, 0xa2, 0xd9, 0xc6, 0x9b, 0xd4, 0x0b, 0xb2, 0x3d,
        0x1e, 0xad, 0x26, 0x01, 0x6f, 0xc0, 0x21, 0x2c, 0xf3, 0x42, 0x53, 0x25, 0xa0, 0x25, 0xca, 0x1c,
        0x17, 0x13, 0xa1, 0x7e, 0x8d, 0x10, 0x48, 0xd1, 0x6c, 0x04, 0xaf, 0xd7, 0x9c, 0x55, 0x4c, 0x26,
        0xbc, 0xfd, 0xfb, 0x49, 0x67, 0x21, 0x84, 0xc0, 0x52, 0xfc, 0xeb, 0x32, 0xa1, 0x1c, 0x7c, 0x4f },
      .exp      = {
        0x00, 0x00, 0x00, 0x00, 0x00, 0x00, 0x00, 0x00, 0x00, 0x00, 0x00, 0x00, 0x00, 0x00, 0x00, 0x00,
        0x00, 0x00, 0x00, 0x00, 0x00, 0x00, 0x00, 0x00, 0x00, 0x00, 0x00, 0x00, 0x00, 0x00, 0x00, 0x00,
        0x00, 0x00, 0x00, 0x00, 0x00, 0x00, 0x00, 0x00, 0x00, 0x00, 0x00, 0x00, 0x00, 0x00, 0x00, 0x00,
        0x00, 0x00, 0x00, 0x00, 0x00, 0x00, 0x00, 0x00, 0x00, 0x00, 0x00, 0x00, 0x00, 0x00, 0x00, 0x00,
        0x00, 0x00, 0x00, 0x00, 0x00, 0x00, 0x00, 0x00, 0x00, 0x00, 0x00, 0x00, 0x00, 0x00, 0x00, 0x00,
        0x00, 0x00, 0x00, 0x00, 0x00, 0x00, 0x00, 0x00, 0x00, 0x00, 0x00, 0x00, 0x00, 0x00, 0x00, 0x00,
        0x00, 0x00, 0x00, 0x00, 0x00, 0x00, 0x00, 0x00, 0x00, 0x00, 0x00, 0x00, 0x00, 0x00, 0x00, 0x00,
        0x00, 0x00, 0x00, 0x00, 0x00, 0x00, 0x00, 0x00, 0x00, 0x00, 0x00, 0x00, 0x00, 0x00, 0x00, 0x00,
        0x00, 0x00, 0x00, 0x00, 0x00, 0x00, 0x00, 0x00, 0x00, 0x00, 0x00, 0x00, 0x00, 0x00, 0x00, 0x00,
        0x00, 0x00, 0x00, 0x00, 0x00, 0x00, 0x00, 0x00, 0x00, 0x00, 0x00, 0x00, 0x00, 0x00, 0x00, 0x00,
        0x00, 0x00, 0x00, 0x00, 0x00, 0x00, 0x00, 0x00, 0x00, 0x00, 0x00, 0x00, 0x00, 0x00, 0x00, 0x00,
        0x00, 0x00, 0x00, 0x00, 0x00, 0x00, 0x00, 0x00, 0x00, 0x00, 0x00, 0x00, 0x00, 0x00, 0x00, 0x00,
        0x00, 0x00, 0x00, 0x00, 0x00, 0x00, 0x00, 0x00, 0x00, 0x00, 0x00, 0x00, 0x00, 0x00, 0x00, 0x00,
        0x00, 0x00, 0x00, 0x00, 0x00, 0x00, 0x00, 0x00, 0x00, 0x00, 0x00, 0x00, 0x00, 0x00, 0x00, 0x00,
        0x00, 0x00, 0x00, 0x00, 0x00, 0x00, 0x00, 0x00, 0x00, 0x00, 0x00, 0x00, 0x00, 0x00, 0x00, 0x00,
        0x00, 0x00, 0x00, 0x00, 0x00, 0x00, 0x00, 0x00, 0x00, 0x00, 0x00, 0x00, 0x00, 0x00, 0x00, 0x00,
        0xd6, 0xfd, 0x62, 0x87, 0x42, 0xa7, 0xfa, 0x54, 0xe3, 0xaf, 0x69, 0x5d, 0x80, 0x2c, 0x0c, 0x6a,
        0x80, 0x39, 0x02, 0x3a, 0x2f, 0x06, 0x25, 0x27, 0xed, 0x7f, 0xbc, 0xb2, 0x39, 0x8c, 0xf9, 0x23,
        0x4a, 0x9f, 0x39, 0xfb, 0xcf, 0x85, 0xaf, 0x4d, 0x7c, 0x03, 0xdd, 0xb2, 0x19, 0x9d, 0x19, 0xba,
        0x14, 0x21, 0xde, 0x55, 0xcb, 0xdd, 0x7a, 0x81, 0x39, 0x0d, 0x00, 0x45, 0x1f, 0x28, 0x4b, 0x4f,
        0xe1, 0x40, 0xf3, 0x5d, 0xd7, 0x89, 0x8d, 0xc0, 0xa7, 0x63, 0x53, 0x4c, 0x52, 0xbf, 0xce, 0x7e,
        0xe6, 0xaa, 0x41, 0x47, 0x81, 0x73, 0xaa, 0xdf, 0x9f, 0xb4, 0xf7, 0xf5, 0x95, 0xe1, 0x4a, 0x82,
        0xf3, 0x77, 0x78, 0x13, 0xfb, 0x26, 0x85, 0x02, 0x15, 0x48, 0x00, 0x80, 0x77, 0x00, 0x90, 0x49,
        0x52, 0x3a, 0xff, 0x5f, 0x54, 0x6c, 0xe3, 0x71, 0x67, 0x15, 0x25, 0x14, 0xf3, 0xaa, 0x29, 0x98,
        0xa5, 0x1c, 0xcf, 0xa7, 0xb3, 0xf4, 0x57, 0x21, 0x98, 0x53, 0xc5, 0xd8, 0x79, 0x32, 0x58, 0x37,
        0xf2, 0xaf, 0x61, 0x3a, 0x2c, 0xeb, 0xb4, 0x1c, 0xf8, 0xca, 0x80, 0x01, 0xcb, 0x61, 0x2c, 0xfb,
        0x5f, 0x84, 0x55, 0x8a, 0x88, 0xb6, 0x7f, 0xa3, 0x7c, 0xb9, 0x4e, 0xe3, 0x21, 0x40, 0x9c, 0x03,
        0x0e, 0xfd, 0xe0, 0xe0, 0x63, 0x6c, 0x9e, 0x02, 0x54, 0xe8, 0xea, 0x29, 0xb0, 0xce, 0xd0, 0xe1,
        0x9e, 0x7c, 0xdb, 0x5d, 0xc7, 0xe6, 0x7e, 0x7d, 0x19, 0x0c, 0x45, 0xe7, 0x69, 0xa5, 0x5e, 0xb5,
        0xcc, 0x25, 0xd9, 0x9d, 0x25, 0xe2, 0x86, 0xfd, 0x9c, 0x7f, 0x9c, 0xd7, 0xad, 0x5c, 0x71, 0xb8,
        0xa9, 0x17, 0xb8, 0x3f, 0xa7, 0x38, 0x5f, 0xa1, 0x93, 0x46, 0x92, 0x02, 0x1a, 0xda, 0xcb, 0x13,
        0xc6, 0xa1, 0x29, 0xc7, 0x76, 0x02, 0xa5, 0xf9, 0xea, 0x49, 0x05, 0x18, 0x00, 0x92, 0xfd, 0x42 },
      .mod      = {
        0x00, 0x00, 0x00, 0x00, 0x00, 0x00, 0x00, 0x00, 0x00, 0x00, 0x00, 0x00, 0x00, 0x00, 0x00, 0x00,
        0x00, 0x00, 0x00, 0x00, 0x00, 0x00, 0x00, 0x00, 0x00, 0x00, 0x00, 0x00, 0x00, 0x00, 0x00, 0x00,
        0x00, 0x00, 0x00, 0x00, 0x00, 0x00, 0x00, 0x00, 0x00, 0x00, 0x00, 0x00, 0x00, 0x00, 0x00, 0x00,
        0x00, 0x00, 0x00, 0x00, 0x00, 0x00, 0x00, 0x00, 0x00, 0x00, 0x00, 0x00, 0x00, 0x00, 0x00, 0x00,
        0x00, 0x00, 0x00, 0x00, 0x00, 0x00, 0x00, 0x00, 0x00, 0x00, 0x00, 0x00, 0x00, 0x00, 0x00, 0x00,
        0x00, 0x00, 0x00, 0x00, 0x00, 0x00, 0x00, 0x00, 0x00, 0x00, 0x00, 0x00, 0x00, 0x00, 0x00, 0x00,
        0x00, 0x00, 0x00, 0x00, 0x00, 0x00, 0x00, 0x00, 0x00, 0x00, 0x00, 0x00, 0x00, 0x00, 0x00, 0x00,
        0x00, 0x00, 0x00, 0x00, 0x00, 0x00, 0x00, 0x00, 0x00, 0x00, 0x00, 0x00, 0x00, 0x00, 0x00, 0x00,
        0x00, 0x00, 0x00, 0x00, 0x00, 0x00, 0x00, 0x00, 0x00, 0x00, 0x00, 0x00, 0x00, 0x00, 0x00, 0x00,
        0x00, 0x00, 0x00, 0x00, 0x00, 0x00, 0x00, 0x00, 0x00, 0x00, 0x00, 0x00, 0x00, 0x00, 0x00, 0x00,
        0x00, 0x00, 0x00, 0x00, 0x00, 0x00, 0x00, 0x00, 0x00, 0x00, 0x00, 0x00, 0x00, 0x00, 0x00, 0x00,
        0x00, 0x00, 0x00, 0x00, 0x00, 0x00, 0x00, 0x00, 0x00, 0x00, 0x00, 0x00, 0x00, 0x00, 0x00, 0x00,
        0x00, 0x00, 0x00, 0x00, 0x00, 0x00, 0x00, 0x00, 0x00, 0x00, 0x00, 0x00, 0x00, 0x00, 0x00, 0x00,
        0x00, 0x00, 0x00, 0x00, 0x00, 0x00, 0x00, 0x00, 0x00, 0x00, 0x00, 0x00, 0x00, 0x00, 0x00, 0x00,
        0x00, 0x00, 0x00, 0x00, 0x00, 0x00, 0x00, 0x00, 0x00, 0x00, 0x00, 0x00, 0x00, 0x00, 0x00, 0x00,
        0x00, 0x00, 0x00, 0x00, 0x00, 0x00, 0x00, 0x00, 0x00, 0x00, 0x00, 0x00, 0x00, 0x00, 0x00, 0x00,
        0xdd, 0x7b, 0x08, 0x2a, 0x0d, 0xae, 0x17, 0x62, 0xd4, 0x49, 0xa3, 0xb8, 0x92, 0xc7, 0xbc, 0xd7,
        0x09, 0xdc, 0x92, 0xbe, 0x36, 0xc2, 0xcc, 0x3f, 0x5f, 0x8d, 0x8c, 0x0c, 0x54, 0xf5, 0xc6, 0x0b,
        0x5f, 0x39, 0xa8, 0x5c, 0xed, 0x3f, 0x5a, 0xfc, 0x32, 0x3b, 0x14, 0x19, 0x7b, 0x9f, 0xb3, 0x65,
        0xe7, 0x1f, 0x42, 0x65, 0x64, 0xe7, 0x22, 0x43, 0x39, 0x20, 0xaf, 0xe2, 0xe2, 0x45, 0xc5, 0xfb,
        0x93, 0x44, 0xa5, 0xb1, 0x65, 0x5e, 0x35, 0xd9, 0x67, 0xb2, 0x2f, 0x30, 0x47, 0x09, 0xca, 0xe8,
        0x07, 0x03, 0x8a, 0xe6, 0x5a, 0xb4, 0xb7, 0xcd, 0x61, 0xad, 0xc2, 0xa9, 0x0b, 0x20, 0x0a, 0xc3,
        0xfe, 0x3f, 0xb4, 0x9e, 0xd6, 0x17, 0xe0, 0x13, 0x88, 0xe7, 0x25, 0xbb, 0xc5, 0x90, 0x70, 0x79,
        0x53, 0x4c, 0xf7, 0xc3, 0x99, 0x82, 0x4c, 0x77, 0xa4, 0x17, 0x59, 0x96, 0x12, 0x8b, 0x58, 0xfd,
        0xb3, 0x16, 0xd7, 0xb5, 0x0e, 0x7b, 0x9e, 0x42, 0x2f, 0x0a, 0x23, 0x69, 0x1c, 0x44, 0x6d, 0x35,
        0x9f, 0xdf, 0x90, 0x48, 0xda, 0xd2, 0xbf, 0xcd, 0x8a, 0x87, 0x91, 0x05, 0x1d, 0x60, 0x3d, 0x9f,
        0x74, 0xda, 0x2f, 0xc2, 0x04, 0x14, 0x46, 0x2b, 0x97, 0x63, 0x44, 0xfe, 0x83, 0x8a, 0xcc, 0x4c,
        0xe2, 0x63, 0x83, 0xa4, 0xcb, 0xcb, 0x31, 0x4b, 0xf7, 0x8d, 0xa0, 0x77, 0x4c, 0x7e, 0x9a, 0x7f,
        0x56, 0x2c, 0x16, 0x28, 0x22, 0x4d, 0x4b, 0x51, 0xdd, 0x6e, 0x80, 0xbf, 0x26, 0x45, 0xe0, 0xb5,
        0xef, 0x4c, 0xea, 0x7e, 0x86, 0xfb, 0xac, 0x32, 0xe5, 0xe0, 0x82, 0x77, 0x7b, 0x5b, 0x19, 0x05,
        0x7c, 0x8f, 0x48, 0x6a, 0x15, 0xe3, 0x94, 0xb0, 0x89, 0x15, 0x65, 0xb3, 0x1d, 0x0e, 0x4e, 0x9e,
        0x0a, 0x52, 0x0c, 0x0f, 0x82, 0x01, 0xab, 0x9e, 0x0d, 0x12, 0xae, 0x7d, 0x06, 0x1e, 0xc4, 0xa9 },
      .expected = {
        0x00, 0x00, 0x00, 0x00, 0x00, 0x00, 0x00, 0x00, 0x00, 0x00, 0x00, 0x00, 0x00, 0x00, 0x00, 0x00,
        0x00, 0x00, 0x00, 0x00, 0x00, 0x00, 0x00, 0x00, 0x00, 0x00, 0x00, 0x00, 0x00, 0x00, 0x00, 0x00,
        0x00, 0x00, 0x00, 0x00, 0x00, 0x00, 0x00, 0x00, 0x00, 0x00, 0x00, 0x00, 0x00, 0x00, 0x00, 0x00,
        0x00, 0x00, 0x00, 0x00, 0x00, 0x00, 0x00, 0x00, 0x00, 0x00, 0x00, 0x00, 0x00, 0x00, 0x00, 0x00,
        0x00, 0x00, 0x00, 0x00, 0x00, 0x00, 0x00, 0x00, 0x00, 0x00, 0x00, 0x00, 0x00, 0x00, 0x00, 0x00,
        0x00, 0x00, 0x00, 0x00, 0x00, 0x00, 0x00, 0x00, 0x00, 0x00, 0x00, 0x00, 0x00, 0x00, 0x00, 0x00,
        0x00, 0x00, 0x00, 0x00, 0x00, 0x00, 0x00, 0x00, 0x00, 0x00, 0x00, 0x00, 0x00, 0x00, 0x00, 0x00,
        0x00, 0x00, 0x00, 0x00, 0x00, 0x00, 0x00, 0x00, 0x00, 0x00, 0x00, 0x00, 0x00, 0x00, 0x00, 0x00,
        0x00, 0x00, 0x00, 0x00, 0x00, 0x00, 0x00, 0x00, 0x00, 0x00, 0x00, 0x00, 0x00, 0x00, 0x00, 0x00,
        0x00, 0x00, 0x00, 0x00, 0x00, 0x00, 0x00, 0x00, 0x00, 0x00, 0x00, 0x00, 0x00, 0x00, 0x00, 0x00,
        0x00, 0x00, 0x00, 0x00, 0x00, 0x00, 0x00, 0x00, 0x00, 0x00, 0x00, 0x00, 0x00, 0x00, 0x00, 0x00,
        0x00, 0x00, 0x00, 0x00, 0x00, 0x00, 0x00, 0x00, 0x00, 0x00, 0x00, 0x00, 0x00, 0x00, 0x00, 0x00,
        0x00, 0x00, 0x00, 0x00, 0x00, 0x00, 0x00, 0x00, 0x00, 0x00, 0x00, 0x00, 0x00, 0x00, 0x00, 0x00,
        0x00, 0x00, 0x00, 0x00, 0x00, 0x00, 0x00, 0x00, 0x00, 0x00, 0x00, 0x00, 0x00, 0x00, 0x00, 0x00,
        0x00, 0x00, 0x00, 0x00, 0x00, 0x00, 0x00, 0x00, 0x00, 0x00, 0x00, 0x00, 0x00, 0x00, 0x00, 0x00,
        0x00, 0x00, 0x00, 0x00, 0x00, 0x00, 0x00, 0x00, 0x00, 0x00, 0x00, 0x00, 0x00, 0x00, 0x00, 0x00,
        0x9c, 0xdb, 0x6c, 0x01, 0xd1, 0x1c, 0x10, 0xd1, 0xe8, 0x51, 0x0f, 0xa1, 0xcf, 0x29, 0x92, 0x7a,
        0x54, 0x50, 0x8a, 0xdd, 0xa1, 0xed, 0x31, 0x06, 0x9d, 0xe5, 0x06, 0x20, 0xab, 0xdb, 0x68, 0x21,
        0x64, 0x1c, 0x8b, 0x31, 0x0d, 0x65, 0xdd, 0x30, 0xe2, 0x23, 0x97, 0xcc, 0x53, 0x92, 0xeb, 0x4e,
        0x6d, 0x9b, 0xc8, 0xd5, 0xa3, 0xea, 0xa9, 0x64, 0x04, 0x54, 0x58, 0xee, 0x1a, 0x8a, 0xe3, 0x51,
        0xa6, 0x8f, 0xeb, 0x69, 0xb8, 0xca, 0x57, 0xc9, 0x98, 0xfa, 0x06, 0x44, 0x9c, 0x09, 0x69, 0x8c,
        0xb6, 0xaf, 0x9d, 0xb1, 0x7b, 0xa2, 0x6d, 0x6a, 0x4c, 0x2f, 0xf2, 0xa8, 0xae, 0xce, 0x8a, 0x82,
        0x8b, 0x16, 0xc4, 0x23, 0x10, 0xad, 0xd0, 0x1c, 0x44, 0x27, 0x7c, 0xfb, 0xc6, 0xff, 0x3b, 0x49,
        0xdb, 0xcb, 0xae, 0x3d, 0x64, 0xa8, 0x5a, 0x63, 0x12, 0x25, 0x60, 0xc6, 0x93, 0xcc, 0x5f, 0xce,
        0x63, 0x7b, 0x8f, 0xec, 0x6c, 0x61, 0x04, 0xba, 0xeb, 0x4a, 0x13, 0xdc, 0x50, 0x1d, 0x24, 0xe7,
        0xea, 0x46, 0x4a, 0x43, 0x0b, 0x04, 0xa8, 0xc1, 0x92, 0xf6, 0xa5, 0xf4, 0x82, 0x0d, 0x2c, 0xa7,
        0x53, 0x03, 0xce, 0xc6, 0x34, 0x55, 0xc8, 0x78, 0xd9, 0xe1, 0x59, 0x0d, 0x98, 0xad, 0xee, 0x18,
        0x6a, 0x49, 0xcd, 0xf4, 0xcd, 0xaa, 0xb5, 0xea, 0x6a, 0x3d, 0x27, 0x4f, 0x34, 0x64, 0xa5, 0x4e,
        0xf1, 0xdf, 0xdc, 0x2c, 0x94, 0x2b, 0x4d, 0xee, 0x68, 0x35, 0xf3, 0xb3, 0x71, 0x41, 0xe1, 0xd5,
        0xa9, 0x18, 0x5d, 0x14, 0xee, 0x63, 0xbe, 0x43, 0x87, 0xaa, 0x99, 0xa4, 0x41, 0xb2, 0x0a, 0x4f,
        0xf1, 0x6e, 0x7a, 0x3d, 0xf6, 0x5f, 0x0d, 0xd6, 0x5a, 0x71, 0x29, 0x9e, 0x69, 0xb0, 0xab, 0x17,
        0x44, 0x97, 0x76, 0x63, 0xc0, 0xa6, 0x8d, 0x27, 0x35, 0xd6, 0xda, 0xfb, 0x8e, 0x50, 0x2f, 0x36 } },
    /* random 2048-bit mod, full-width exp (b) */
    { .n_len = 256,
      .full_exp = true,
      .base     = {
        0x00, 0x00, 0x00, 0x00, 0x00, 0x00, 0x00, 0x00, 0x00, 0x00, 0x00, 0x00, 0x00, 0x00, 0x00, 0x00,
        0x00, 0x00, 0x00, 0x00, 0x00, 0x00, 0x00, 0x00, 0x00, 0x00, 0x00, 0x00, 0x00, 0x00, 0x00, 0x00,
        0x00, 0x00, 0x00, 0x00, 0x00, 0x00, 0x00, 0x00, 0x00, 0x00, 0x00, 0x00, 0x00, 0x00, 0x00, 0x00,
        0x00, 0x00, 0x00, 0x00, 0x00, 0x00, 0x00, 0x00, 0x00, 0x00, 0x00, 0x00, 0x00, 0x00, 0x00, 0x00,
        0x00, 0x00, 0x00, 0x00, 0x00, 0x00, 0x00, 0x00, 0x00, 0x00, 0x00, 0x00, 0x00, 0x00, 0x00, 0x00,
        0x00, 0x00, 0x00, 0x00, 0x00, 0x00, 0x00, 0x00, 0x00, 0x00, 0x00, 0x00, 0x00, 0x00, 0x00, 0x00,
        0x00, 0x00, 0x00, 0x00, 0x00, 0x00, 0x00, 0x00, 0x00, 0x00, 0x00, 0x00, 0x00, 0x00, 0x00, 0x00,
        0x00, 0x00, 0x00, 0x00, 0x00, 0x00, 0x00, 0x00, 0x00, 0x00, 0x00, 0x00, 0x00, 0x00, 0x00, 0x00,
        0x00, 0x00, 0x00, 0x00, 0x00, 0x00, 0x00, 0x00, 0x00, 0x00, 0x00, 0x00, 0x00, 0x00, 0x00, 0x00,
        0x00, 0x00, 0x00, 0x00, 0x00, 0x00, 0x00, 0x00, 0x00, 0x00, 0x00, 0x00, 0x00, 0x00, 0x00, 0x00,
        0x00, 0x00, 0x00, 0x00, 0x00, 0x00, 0x00, 0x00, 0x00, 0x00, 0x00, 0x00, 0x00, 0x00, 0x00, 0x00,
        0x00, 0x00, 0x00, 0x00, 0x00, 0x00, 0x00, 0x00, 0x00, 0x00, 0x00, 0x00, 0x00, 0x00, 0x00, 0x00,
        0x00, 0x00, 0x00, 0x00, 0x00, 0x00, 0x00, 0x00, 0x00, 0x00, 0x00, 0x00, 0x00, 0x00, 0x00, 0x00,
        0x00, 0x00, 0x00, 0x00, 0x00, 0x00, 0x00, 0x00, 0x00, 0x00, 0x00, 0x00, 0x00, 0x00, 0x00, 0x00,
        0x00, 0x00, 0x00, 0x00, 0x00, 0x00, 0x00, 0x00, 0x00, 0x00, 0x00, 0x00, 0x00, 0x00, 0x00, 0x00,
        0x00, 0x00, 0x00, 0x00, 0x00, 0x00, 0x00, 0x00, 0x00, 0x00, 0x00, 0x00, 0x00, 0x00, 0x00, 0x00,
        0x48, 0x3a, 0xd1, 0x22, 0x64, 0x94, 0xbd, 0x78, 0x8c, 0x06, 0x6e, 0x66, 0xe4, 0x26, 0x73, 0xc8,
        0x79, 0x2a, 0x20, 0xb9, 0xd5, 0x87, 0x07, 0x89, 0x8f, 0xea, 0xf3, 0x63, 0x4f, 0x2b, 0x62, 0x10,
        0xd3, 0x9f, 0x57, 0x6f, 0x25, 0x5e, 0x72, 0xb5, 0x36, 0x6f, 0x16, 0xea, 0x85, 0x64, 0x58, 0x67,
        0xc6, 0x66, 0xbd, 0xc3, 0x86, 0x63, 0xd8, 0xf0, 0x04, 0xad, 0xb6, 0x93, 0x26, 0x3c, 0xcd, 0x94,
        0x6f, 0x29, 0x24, 0x67, 0x80, 0x84, 0xfa, 0x74, 0x03, 0x71, 0x20, 0xe5, 0xde, 0xca, 0xc8, 0x00,
        0xa1, 0xae, 0xbd, 0x23, 0xd7, 0xd0, 0x3a, 0x9c, 0xf3, 0x80, 0x65, 0x59, 0xba, 0xbe, 0xd9, 0x9e,
        0x88, 0x7c, 0x9a, 0xfd, 0xd1, 0xba, 0x56, 0x77, 0x3d, 0x2a, 0x68, 0x8e, 0x61, 0x2f, 0x38, 0x77,
        0x2a, 0x81, 0xe8, 0x92, 0xb0, 0x10, 0xf9, 0x4f, 0xf1, 0xf7, 0x6c, 0x2b, 0x36, 0x2f, 0x99, 0xc3,
        0xac, 0x7c, 0x11, 0xae, 0x89, 0x8e, 0xa5, 0xf2, 0xcc, 0x27, 0x40, 0x54, 0x0d, 0x5d, 0xc0, 0x52,
        0x44, 0xbd, 0x56, 0xac, 0xe3, 0xb8, 0xa7, 0x2c, 0xa1, 0x1c, 0x9d, 0xd0, 0x86, 0x45, 0xd0, 0x83,
        0x2f, 0xeb, 0x65, 0x29, 0x6f, 0xff, 0x2c, 0xcb, 0xfa, 0x2a, 0xf6, 0x59, 0x77, 0x4d, 0xb3, 0x43,
        0x60, 0x57, 0xce, 0xc4, 0xc3, 0x2c, 0x53, 0xd2, 0xa6, 0x38, 0x4a, 0x56, 0xdc, 0x79, 0xf9, 0xb5,
        0x4c, 0x1f, 0xef, 0x3c, 0xfe, 0x48, 0x64, 0x69, 0xfe, 0x31, 0x31, 0x39, 0xcb, 0xe8, 0x00, 0xc3,
        0x7e, 0x0b, 0x33, 0x67, 0xd9, 0x4d, 0xdc, 0xc6, 0x47, 0x0c, 0xae, 0x52, 0x3b, 0x7f, 0x12, 0x68,
        0x8c, 0xc3, 0x2d, 0xda, 0x2f, 0xb5, 0xd0, 0x29, 0x2f, 0xb9, 0xfe, 0x0c, 0x38, 0xa7, 0xd5, 0x21,
        0x6d, 0x28, 0xe9, 0x25, 0x73, 0x39, 0xef, 0xf2, 0x2a, 0x7a, 0xc8, 0x35, 0x47, 0x92, 0x33, 0xe6 },
      .exp      = {
        0x00, 0x00, 0x00, 0x00, 0x00, 0x00, 0x00, 0x00, 0x00, 0x00, 0x00, 0x00, 0x00, 0x00, 0x00, 0x00,
        0x00, 0x00, 0x00, 0x00, 0x00, 0x00, 0x00, 0x00, 0x00, 0x00, 0x00, 0x00, 0x00, 0x00, 0x00, 0x00,
        0x00, 0x00, 0x00, 0x00, 0x00, 0x00, 0x00, 0x00, 0x00, 0x00, 0x00, 0x00, 0x00, 0x00, 0x00, 0x00,
        0x00, 0x00, 0x00, 0x00, 0x00, 0x00, 0x00, 0x00, 0x00, 0x00, 0x00, 0x00, 0x00, 0x00, 0x00, 0x00,
        0x00, 0x00, 0x00, 0x00, 0x00, 0x00, 0x00, 0x00, 0x00, 0x00, 0x00, 0x00, 0x00, 0x00, 0x00, 0x00,
        0x00, 0x00, 0x00, 0x00, 0x00, 0x00, 0x00, 0x00, 0x00, 0x00, 0x00, 0x00, 0x00, 0x00, 0x00, 0x00,
        0x00, 0x00, 0x00, 0x00, 0x00, 0x00, 0x00, 0x00, 0x00, 0x00, 0x00, 0x00, 0x00, 0x00, 0x00, 0x00,
        0x00, 0x00, 0x00, 0x00, 0x00, 0x00, 0x00, 0x00, 0x00, 0x00, 0x00, 0x00, 0x00, 0x00, 0x00, 0x00,
        0x00, 0x00, 0x00, 0x00, 0x00, 0x00, 0x00, 0x00, 0x00, 0x00, 0x00, 0x00, 0x00, 0x00, 0x00, 0x00,
        0x00, 0x00, 0x00, 0x00, 0x00, 0x00, 0x00, 0x00, 0x00, 0x00, 0x00, 0x00, 0x00, 0x00, 0x00, 0x00,
        0x00, 0x00, 0x00, 0x00, 0x00, 0x00, 0x00, 0x00, 0x00, 0x00, 0x00, 0x00, 0x00, 0x00, 0x00, 0x00,
        0x00, 0x00, 0x00, 0x00, 0x00, 0x00, 0x00, 0x00, 0x00, 0x00, 0x00, 0x00, 0x00, 0x00, 0x00, 0x00,
        0x00, 0x00, 0x00, 0x00, 0x00, 0x00, 0x00, 0x00, 0x00, 0x00, 0x00, 0x00, 0x00, 0x00, 0x00, 0x00,
        0x00, 0x00, 0x00, 0x00, 0x00, 0x00, 0x00, 0x00, 0x00, 0x00, 0x00, 0x00, 0x00, 0x00, 0x00, 0x00,
        0x00, 0x00, 0x00, 0x00, 0x00, 0x00, 0x00, 0x00, 0x00, 0x00, 0x00, 0x00, 0x00, 0x00, 0x00, 0x00,
        0x00, 0x00, 0x00, 0x00, 0x00, 0x00, 0x00, 0x00, 0x00, 0x00, 0x00, 0x00, 0x00, 0x00, 0x00, 0x00,
        0x71, 0xe2, 0xb0, 0x2f, 0xd3, 0x21, 0xba, 0x89, 0xd1, 0x17, 0x48, 0x19, 0x93, 0xe4, 0xcb, 0x75,
        0x60, 0xe3, 0x84, 0xe9, 0x81, 0xfd, 0xca, 0xcf, 0x89, 0x67, 0xc2, 0x1b, 0xba, 0x79, 0xba, 0x4d,
        0x28, 0xd0, 0xef, 0x93, 0xf3, 0xfb, 0xa0, 0x3e, 0xc2, 0x6e, 0x0f, 0x51, 0x9f, 0x85, 0xaf, 0x0f,
        0x0c, 0xa1, 0x7c, 0x9d, 0x29, 0xac, 0xeb, 0x3d, 0x04, 0x53, 0xce, 0xeb, 0xe7, 0x6f, 0x7f, 0xe4,
        0x05, 0x8d, 0x4e, 0x77, 0x5b, 0x74, 0x53, 0xd1, 0xcd, 0x5c, 0xf6, 0x06, 0xde, 0x10, 0x63, 0x0c,
        0xa7, 0x48, 0xcf, 0xd4, 0xbe, 0xb3, 0x71, 0xd6, 0x3e, 0x70, 0x54, 0x90, 0xf9, 0x1b, 0xca, 0xc5,
        0x3d, 0xe5, 0x51, 0x42, 0x01, 0x1d, 0x0e, 0x87, 0xa1, 0xaf, 0x24, 0xcb, 0x13, 0xcf, 0x37, 0xcc,
        0x6e, 0xe0, 0x76, 0xf7, 0x36, 0x7a, 0xbd, 0x73, 0xea, 0xf0, 0xb7, 0x5f, 0x80, 0x91, 0x03, 0xa9,
        0x76, 0x13, 0x3f, 0x1d, 0x71, 0xce, 0x83, 0x25, 0xbe, 0x0e, 0xb9, 0xa6, 0xc6, 0xa3, 0x9a, 0x7a,
        0xe2, 0x69, 0x7c, 0xcc, 0x78, 0xd8, 0xda, 0xc4, 0x11, 0x1b, 0x8f, 0x67, 0xc7, 0x22, 0xff, 0x4b,
        0xb3, 0x1a, 0x19, 0xd1, 0x39, 0x3f, 0x59, 0x03, 0x6d, 0x60, 0xe0, 0x01, 0x6c, 0xe7, 0x59, 0xee,
        0x2e, 0xc0, 0x57, 0xff, 0xf1, 0x98, 0xfd, 0xf1, 0xdb, 0x3c, 0x4e, 0x02, 0xdb, 0xdb, 0xd2, 0xc5,
        0x68, 0xc9, 0x73, 0xd8, 0xb4, 0x92, 0x9c, 0xcd, 0x5b, 0xd5, 0x07, 0x7d, 0x02, 0xc2, 0xc7, 0xc8,
        0x2b, 0x49, 0xc2, 0x44, 0xe0, 0xa5, 0xc3, 0xd9, 0x00, 0x18, 0x6d, 0x3a, 0x6d, 0x57, 0x0d, 0x0e,
        0xb6, 0x10, 0xa5, 0x80, 0xcf, 0x15, 0xcc, 0xab, 0xf1, 0xd9, 0x66, 0x52, 0x17, 0x51, 0xdb, 0x09,
        0xcc, 0xc1, 0x0e, 0xd1, 0x07, 0x4c, 0x59, 0xdb, 0x5e, 0xb2, 0xb9, 0x4e, 0xa3, 0xbb, 0xd7, 0xee },
      .mod      = {
        0x00, 0x00, 0x00, 0x00, 0x00, 0x00, 0x00, 0x00, 0x00, 0x00, 0x00, 0x00, 0x00, 0x00, 0x00, 0x00,
        0x00, 0x00, 0x00, 0x00, 0x00, 0x00, 0x00, 0x00, 0x00, 0x00, 0x00, 0x00, 0x00, 0x00, 0x00, 0x00,
        0x00, 0x00, 0x00, 0x00, 0x00, 0x00, 0x00, 0x00, 0x00, 0x00, 0x00, 0x00, 0x00, 0x00, 0x00, 0x00,
        0x00, 0x00, 0x00, 0x00, 0x00, 0x00, 0x00, 0x00, 0x00, 0x00, 0x00, 0x00, 0x00, 0x00, 0x00, 0x00,
        0x00, 0x00, 0x00, 0x00, 0x00, 0x00, 0x00, 0x00, 0x00, 0x00, 0x00, 0x00, 0x00, 0x00, 0x00, 0x00,
        0x00, 0x00, 0x00, 0x00, 0x00, 0x00, 0x00, 0x00, 0x00, 0x00, 0x00, 0x00, 0x00, 0x00, 0x00, 0x00,
        0x00, 0x00, 0x00, 0x00, 0x00, 0x00, 0x00, 0x00, 0x00, 0x00, 0x00, 0x00, 0x00, 0x00, 0x00, 0x00,
        0x00, 0x00, 0x00, 0x00, 0x00, 0x00, 0x00, 0x00, 0x00, 0x00, 0x00, 0x00, 0x00, 0x00, 0x00, 0x00,
        0x00, 0x00, 0x00, 0x00, 0x00, 0x00, 0x00, 0x00, 0x00, 0x00, 0x00, 0x00, 0x00, 0x00, 0x00, 0x00,
        0x00, 0x00, 0x00, 0x00, 0x00, 0x00, 0x00, 0x00, 0x00, 0x00, 0x00, 0x00, 0x00, 0x00, 0x00, 0x00,
        0x00, 0x00, 0x00, 0x00, 0x00, 0x00, 0x00, 0x00, 0x00, 0x00, 0x00, 0x00, 0x00, 0x00, 0x00, 0x00,
        0x00, 0x00, 0x00, 0x00, 0x00, 0x00, 0x00, 0x00, 0x00, 0x00, 0x00, 0x00, 0x00, 0x00, 0x00, 0x00,
        0x00, 0x00, 0x00, 0x00, 0x00, 0x00, 0x00, 0x00, 0x00, 0x00, 0x00, 0x00, 0x00, 0x00, 0x00, 0x00,
        0x00, 0x00, 0x00, 0x00, 0x00, 0x00, 0x00, 0x00, 0x00, 0x00, 0x00, 0x00, 0x00, 0x00, 0x00, 0x00,
        0x00, 0x00, 0x00, 0x00, 0x00, 0x00, 0x00, 0x00, 0x00, 0x00, 0x00, 0x00, 0x00, 0x00, 0x00, 0x00,
        0x00, 0x00, 0x00, 0x00, 0x00, 0x00, 0x00, 0x00, 0x00, 0x00, 0x00, 0x00, 0x00, 0x00, 0x00, 0x00,
        0xa2, 0xcb, 0x2d, 0x27, 0x6f, 0x55, 0x10, 0x5f, 0x43, 0x3e, 0xce, 0xd4, 0x06, 0x2a, 0x4f, 0x9b,
        0x8e, 0xc0, 0xa3, 0x32, 0xed, 0x0f, 0x9b, 0xf1, 0xda, 0x08, 0xac, 0xfa, 0x84, 0x85, 0x0a, 0x95,
        0x15, 0xd4, 0xb1, 0x8b, 0x33, 0xa1, 0xf2, 0x75, 0x52, 0x9a, 0xd1, 0x89, 0x8a, 0x12, 0xda, 0xff,
        0x55, 0x6f, 0xe6, 0xca, 0x29, 0x43, 0xf9, 0xa9, 0x10, 0xa8, 0x11, 0x1b, 0xab, 0xf5, 0xeb, 0xd9,
        0xd5, 0x04, 0x05, 0xee, 0x0f, 0x56, 0x86, 0x20, 0x9d, 0xee, 0x2b, 0x1c, 0xda, 0xd9, 0xd4, 0x22,
        0x46, 0x42, 0x96, 0xe6, 0x26, 0xcd, 0x60, 0xb8, 0xca, 0x8a, 0x99, 0x5a, 0x8c, 0xdf, 0x5e, 0x1f,
        0x50, 0xb3, 0xfd, 0xb4, 0xe1, 0xbb, 0xd3, 0x60, 0xc8, 0x40, 0x87, 0x91, 0x0d, 0x0e, 0xf8, 0xda,
        0xa4, 0x30, 0x8e, 0x15, 0x32, 0xe5, 0x9e, 0x2b, 0x7c, 0x34, 0xc4, 0xb6, 0xb8, 0x66, 0xe6, 0x92,
        0xdb, 0x67, 0x47, 0xc1, 0x0a, 0x60, 0xae, 0xde, 0x00, 0xb7, 0xd2, 0x09, 0xd2, 0x08, 0xad, 0x27,
        0x66, 0x5f, 0xb6, 0x83, 0x91, 0x57, 0xf1, 0x11, 0x4b, 0x5c, 0xe2, 0x31, 0x1b, 0x66, 0x5c, 0x58,
        0x71, 0xb5, 0xb4, 0x91, 0x21, 0xdb, 0xbe, 0xfb, 0xa1, 0x5b, 0x68, 0x56, 0xd1, 0x85, 0x69, 0xee,
        0x4a, 0x14, 0xfb, 0x4b, 0x98, 0x24, 0xbd, 0xba, 0x88, 0x43, 0xe5, 0x53, 0x80, 0xb0, 0x23, 0x9d,
        0x1e, 0xde, 0xe8, 0xf6, 0xf1, 0x71, 0x43, 0x55, 0x64, 0x26, 0x86, 0x1a, 0x91, 0x51, 0x7f, 0xc8,
        0xe2, 0xd5, 0x32, 0x5d, 0x7f, 0xd0, 0x3a, 0x29, 0x46, 0x57, 0xeb, 0x45, 0x68, 0xbb, 0x08, 0x41,
        0x0d, 0x1c, 0x8b, 0xed, 0x6f, 0x1b, 0x4c, 0xc5, 0xac, 0x47, 0xe0, 0xf0, 0x24, 0x28, 0xb8, 0x09,
        0xef, 0x3f, 0x35, 0x4f, 0x68, 0xaf, 0x3b, 0xdd, 0x53, 0x7f, 0x5f, 0x33, 0x7f, 0x40, 0xad, 0xb3 },
      .expected = {
        0x00, 0x00, 0x00, 0x00, 0x00, 0x00, 0x00, 0x00, 0x00, 0x00, 0x00, 0x00, 0x00, 0x00, 0x00, 0x00,
        0x00, 0x00, 0x00, 0x00, 0x00, 0x00, 0x00, 0x00, 0x00, 0x00, 0x00, 0x00, 0x00, 0x00, 0x00, 0x00,
        0x00, 0x00, 0x00, 0x00, 0x00, 0x00, 0x00, 0x00, 0x00, 0x00, 0x00, 0x00, 0x00, 0x00, 0x00, 0x00,
        0x00, 0x00, 0x00, 0x00, 0x00, 0x00, 0x00, 0x00, 0x00, 0x00, 0x00, 0x00, 0x00, 0x00, 0x00, 0x00,
        0x00, 0x00, 0x00, 0x00, 0x00, 0x00, 0x00, 0x00, 0x00, 0x00, 0x00, 0x00, 0x00, 0x00, 0x00, 0x00,
        0x00, 0x00, 0x00, 0x00, 0x00, 0x00, 0x00, 0x00, 0x00, 0x00, 0x00, 0x00, 0x00, 0x00, 0x00, 0x00,
        0x00, 0x00, 0x00, 0x00, 0x00, 0x00, 0x00, 0x00, 0x00, 0x00, 0x00, 0x00, 0x00, 0x00, 0x00, 0x00,
        0x00, 0x00, 0x00, 0x00, 0x00, 0x00, 0x00, 0x00, 0x00, 0x00, 0x00, 0x00, 0x00, 0x00, 0x00, 0x00,
        0x00, 0x00, 0x00, 0x00, 0x00, 0x00, 0x00, 0x00, 0x00, 0x00, 0x00, 0x00, 0x00, 0x00, 0x00, 0x00,
        0x00, 0x00, 0x00, 0x00, 0x00, 0x00, 0x00, 0x00, 0x00, 0x00, 0x00, 0x00, 0x00, 0x00, 0x00, 0x00,
        0x00, 0x00, 0x00, 0x00, 0x00, 0x00, 0x00, 0x00, 0x00, 0x00, 0x00, 0x00, 0x00, 0x00, 0x00, 0x00,
        0x00, 0x00, 0x00, 0x00, 0x00, 0x00, 0x00, 0x00, 0x00, 0x00, 0x00, 0x00, 0x00, 0x00, 0x00, 0x00,
        0x00, 0x00, 0x00, 0x00, 0x00, 0x00, 0x00, 0x00, 0x00, 0x00, 0x00, 0x00, 0x00, 0x00, 0x00, 0x00,
        0x00, 0x00, 0x00, 0x00, 0x00, 0x00, 0x00, 0x00, 0x00, 0x00, 0x00, 0x00, 0x00, 0x00, 0x00, 0x00,
        0x00, 0x00, 0x00, 0x00, 0x00, 0x00, 0x00, 0x00, 0x00, 0x00, 0x00, 0x00, 0x00, 0x00, 0x00, 0x00,
        0x00, 0x00, 0x00, 0x00, 0x00, 0x00, 0x00, 0x00, 0x00, 0x00, 0x00, 0x00, 0x00, 0x00, 0x00, 0x00,
        0x45, 0x14, 0x98, 0xb5, 0x11, 0x43, 0x96, 0xb4, 0x07, 0x8b, 0x3a, 0x1d, 0x94, 0x8f, 0xa6, 0x40,
        0x35, 0xb0, 0xd1, 0x4a, 0x71, 0x29, 0x2c, 0x1f, 0xdc, 0xb8, 0x93, 0xe6, 0x80, 0x8a, 0xbb, 0x21,
        0xf9, 0xef, 0xe6, 0x1e, 0x0f, 0x88, 0x32, 0x69, 0x3a, 0x82, 0x3a, 0x49, 0x67, 0x79, 0xb4, 0x6b,
        0x72, 0x97, 0x1f, 0xcc, 0x2c, 0x3e, 0x9d, 0x72, 0x94, 0x68, 0xb1, 0xce, 0x46, 0x5c, 0x86, 0x0c,
        0xc6, 0xb6, 0x4b, 0x11, 0x68, 0xc8, 0xce, 0xb0, 0x2e, 0xd2, 0xe7, 0xb2, 0xb1, 0x85, 0x19, 0x4d,
        0x2a, 0x20, 0x2c, 0x4f, 0x26, 0x94, 0x77, 0xd2, 0x4a, 0x78, 0xf1, 0x13, 0xef, 0x94, 0xc6, 0x12,
        0xae, 0x18, 0x76, 0x32, 0x56, 0xd6, 0x12, 0xb4, 0xd8, 0x81, 0xc0, 0x20, 0xba, 0xbd, 0x24, 0x08,
        0x38, 0x8b, 0xd4, 0xd2, 0xe6, 0xf2, 0x48, 0xb1, 0xf7, 0xd8, 0x03, 0xba, 0x01, 0xf1, 0xa2, 0x58,
        0x56, 0x56, 0xcc, 0x3b, 0x8c, 0x86, 0x8f, 0xb3, 0x86, 0xe3, 0x7f, 0xd8, 0x6b, 0x22, 0x92, 0x90,
        0x24, 0x32, 0x9a, 0x88, 0xee, 0x5c, 0x59, 0x2f, 0xe2, 0xbd, 0xe5, 0x9b, 0xa4, 0x47, 0xc8, 0xbf,
        0x82, 0xe8, 0xb1, 0xdb, 0x2b, 0x63, 0x0d, 0x58, 0xf9, 0x43, 0xe3, 0x4b, 0x50, 0xdc, 0xb2, 0xba,
        0x19, 0x90, 0xd1, 0x6a, 0x6a, 0x33, 0xcb, 0xde, 0x02, 0xea, 0x1a, 0xe0, 0x62, 0xc0, 0xdf, 0xeb,
        0x5c, 0x95, 0xf3, 0xd5, 0x4b, 0xda, 0x00, 0xbe, 0xed, 0xee, 0xa2, 0x73, 0x8c, 0x96, 0x07, 0x3b,
        0xe9, 0x0e, 0x7e, 0x4a, 0xb3, 0xeb, 0xe8, 0x5b, 0x57, 0x3f, 0x68, 0xde, 0xa4, 0x71, 0xfa, 0xc1,
        0x99, 0xc2, 0x55, 0xe3, 0x61, 0x67, 0x36, 0x21, 0xa3, 0xfe, 0xc5, 0xb4, 0x0b, 0x3b, 0x48, 0x4a,
        0x6f, 0x80, 0x11, 0x4a, 0xc9, 0xa9, 0x91, 0xa6, 0xa3, 0x7d, 0x63, 0xb7, 0x7c, 0x00, 0xfc, 0x3a } },
    /* random 4096-bit mod, 24-bit exp */
    { .n_len = 512,
      .full_exp = false,
      .base     = {
        0x17, 0xd0, 0xe7, 0x95, 0x7e, 0x2a, 0x75, 0x1b, 0x80, 0xa7, 0x1a, 0x04, 0x8e, 0xf0, 0x03, 0x10,
        0xad, 0x56, 0xca, 0x7b, 0x73, 0xfe, 0xc9, 0x69, 0xcb, 0xf3, 0xe1, 0xe4, 0x19, 0x20, 0x1d, 0xc6,
        0x7d, 0xc5, 0x3b, 0xe5, 0xc0, 0xdd, 0xb9, 0x26, 0x56, 0x1a, 0xb7, 0xd6, 0x7f, 0x59, 0xd8, 0x54,
        0xd5, 0xee, 0x1d, 0x5a, 0xad, 0x37, 0x92, 0xf0, 0x5f, 0xf9, 0xe6, 0xa5, 0xd0, 0xa4, 0x88, 0x45,
        0x14, 0x4b, 0x38, 0xaf, 0x86, 0x75, 0xdc, 0xd1, 0xaa, 0x59, 0xc9, 0xa3, 0x4d, 0x80, 0xe8, 0xb4,
        0xb3, 0x6a, 0x1c, 0x9e, 0x85, 0x5f, 0x25, 0x67, 0xe8, 0x07, 0xd8, 0x8e, 0x65, 0x90, 0x7c, 0xa0,
        0x57, 0x7e, 0x58, 0x1b, 0x98, 0xcd, 0x60, 0x85, 0xe5, 0x15, 0xe6, 0x32, 0x6b, 0x9b, 0xd6, 0x4e,
        0x01, 0x57, 0x7f, 0xc4, 0xe4, 0x55, 0x06, 0x52, 0x0e, 0x36, 0xef, 0x0f, 0x5e, 0x58, 0x2f, 0x63,
        0x36, 0x12, 0xef, 0xb6, 0x70, 0x27, 0x38, 0x9d, 0xf5, 0xfe, 0xa9, 0xa9, 0x2f, 0x2c, 0x91, 0x1a,
        0x54, 0x08, 0x24, 0xff, 0x58, 0x86, 0x12, 0x73, 0x44, 0x20, 0x02, 0x17, 0xa4, 0x3b, 0x76, 0xab,
        0xed, 0xb0, 0x3e, 0x0a, 0x5f, 0x3b, 0x0f, 0xc1, 0x1a, 0x6d, 0x97, 0x9c, 0x73, 0x03, 0x76, 0xe6,
        0x07, 0xc5, 0xed, 0xbb, 0x9f, 0x48, 0x04, 0xa5, 0x02, 0x22, 0xca, 0x92, 0xf9, 0xa5, 0xb5, 0xb1,
        0x02, 0x97, 0xbd, 0x0e, 0x52, 0x82, 0xcc, 0x35, 0xe5, 0xd5, 0x8d, 0x58, 0xc2, 0xa8, 0xb2, 0x39,
        0x7b, 0x39, 0xc4, 0x58, 0xa7, 0x0b, 0x9a, 0xda, 0xe1, 0x1d, 0xc9, 0xef, 0x93, 0x78, 0xf6, 0xc5,
        0x26, 0x39, 0x22, 0xea, 0x6d, 0x2b, 0xd9, 0x3a, 0x92, 0x84, 0xa2, 0x09, 0x44, 0x21, 0x17, 0xe5,
        0xc9, 0xc5, 0x09, 0xc1, 0x4a, 0x77, 0x6b, 0xc9, 0x74, 0x59, 0x89, 0x9f, 0x98, 0x6f, 0xb3, 0x4d,
        0x01, 0x98, 0xf3, 0x60, 0xfe, 0x68, 0xbd, 0x6e, 0xae, 0xcf, 0x1f, 0xb9, 0x3b, 0xb0, 0xa4, 0xb4,
        0x2e, 0x13, 0x36, 0x39, 0xe3, 0xd4, 0x68, 0x71, 0x8a, 0xce, 0xb0, 0x18, 0x3a, 0x4c, 0x8c, 0x77,
        0xba, 0x06, 0xd2, 0x5f, 0xa7, 0x09, 0x1f, 0xec, 0x54, 0x9d, 0x51, 0x2a, 0xea, 0xb2, 0x97, 0x2b,
        0x97, 0x3b, 0x62, 0x88, 0x37, 0x75, 0xc9, 0x97, 0x9d, 0x33, 0x53, 0xb4, 0x1a, 0xb3, 0x23, 0x1c,
        0x81, 0x9a, 0x85, 0x45, 0x25, 0xcf, 0x5c, 0x30, 0x06, 0xe6, 0x9a, 0x18, 0x53, 0x59, 0x62, 0x51,
        0x7e, 0x7f, 0xd7, 0x22, 0x37, 0x1f, 0x56, 0x92, 0xa3, 0x5f, 0xf3, 0x67, 0xd4, 0x56, 0xdc, 0x20,
        0x2d, 0x5e, 0x60, 0xb9, 0xa2, 0x4e, 0x18, 0x19, 0x57, 0xd5, 0x07, 0xbf, 0x1e, 0x70, 0xa3, 0xca,
        0xfe, 0xd1, 0xc7, 0xdd, 0xd1, 0xd8, 0x40, 0x75, 0x26, 0xee, 0x56, 0xb2, 0xf4, 0x60, 0x77, 0xc9,
        0xce, 0x1d, 0x44, 0x13, 0xb2, 0xb4, 0x29, 0xa3, 0xb4, 0x79, 0x63, 0xa3, 0xbf, 0xb2, 0x36, 0xd0,
        0xa1, 0x5b, 0x07, 0xf3, 0xa6, 0x0a, 0x8d, 0xee, 0x5a, 0x1a, 0x46, 0x70, 0x26, 0x60, 0xe1, 0xae,
        0x7d, 0x9a, 0x1a, 0xe8, 0xc3, 0x27, 0x73, 0x51, 0x00, 0xab, 0x9f, 0xb5, 0x55, 0xc4, 0x3c, 0xc4,
        0x52, 0x3e, 0x34, 0x24, 0x28, 0x06, 0x08, 0xc6, 0x1d, 0xeb, 0x1c, 0xfd, 0xe8, 0xbb, 0x09, 0x45,
        0x35, 0x7d, 0xfb, 0xbf, 0x72, 0x02, 0x3e, 0x0c, 0xcb, 0x6f, 0xde, 0x16, 0xf4, 0x8b, 0x25, 0x68,
        0xec, 0xaa, 0x57, 0x00, 0xf1, 0x5e, 0x33, 0x05, 0x90, 0xc3, 0x8b, 0x98, 0x08, 0xa6, 0x33, 0x65,
        0x6e, 0x3d, 0x14, 0x9f, 0xb9, 0xe2, 0xd6, 0xd2, 0x44, 0x12, 0xca, 0x29, 0x7a, 0x20, 0x3c, 0x66,
        0x8e, 0x26, 0xb6, 0x92, 0xdb, 0x5a, 0xc9, 0xbf, 0x5f, 0xce, 0x03, 0xad, 0x0d, 0x44, 0x43, 0xa6 },
      .exp      = {
        0x00, 0x00, 0x00, 0x00, 0x00, 0x00, 0x00, 0x00, 0x00, 0x00, 0x00, 0x00, 0x00, 0x00, 0x00, 0x00,
        0x00, 0x00, 0x00, 0x00, 0x00, 0x00, 0x00, 0x00, 0x00, 0x00, 0x00, 0x00, 0x00, 0x00, 0x00, 0x00,
        0x00, 0x00, 0x00, 0x00, 0x00, 0x00, 0x00, 0x00, 0x00, 0x00, 0x00, 0x00, 0x00, 0x00, 0x00, 0x00,
        0x00, 0x00, 0x00, 0x00, 0x00, 0x00, 0x00, 0x00, 0x00, 0x00, 0x00, 0x00, 0x00, 0x00, 0x00, 0x00,
        0x00, 0x00, 0x00, 0x00, 0x00, 0x00, 0x00, 0x00, 0x00, 0x00, 0x00, 0x00, 0x00, 0x00, 0x00, 0x00,
        0x00, 0x00, 0x00, 0x00, 0x00, 0x00, 0x00, 0x00, 0x00, 0x00, 0x00, 0x00, 0x00, 0x00, 0x00, 0x00,
        0x00, 0x00, 0x00, 0x00, 0x00, 0x00, 0x00, 0x00, 0x00, 0x00, 0x00, 0x00, 0x00, 0x00, 0x00, 0x00,
        0x00, 0x00, 0x00, 0x00, 0x00, 0x00, 0x00, 0x00, 0x00, 0x00, 0x00, 0x00, 0x00, 0x00, 0x00, 0x00,
        0x00, 0x00, 0x00, 0x00, 0x00, 0x00, 0x00, 0x00, 0x00, 0x00, 0x00, 0x00, 0x00, 0x00, 0x00, 0x00,
        0x00, 0x00, 0x00, 0x00, 0x00, 0x00, 0x00, 0x00, 0x00, 0x00, 0x00, 0x00, 0x00, 0x00, 0x00, 0x00,
        0x00, 0x00, 0x00, 0x00, 0x00, 0x00, 0x00, 0x00, 0x00, 0x00, 0x00, 0x00, 0x00, 0x00, 0x00, 0x00,
        0x00, 0x00, 0x00, 0x00, 0x00, 0x00, 0x00, 0x00, 0x00, 0x00, 0x00, 0x00, 0x00, 0x00, 0x00, 0x00,
        0x00, 0x00, 0x00, 0x00, 0x00, 0x00, 0x00, 0x00, 0x00, 0x00, 0x00, 0x00, 0x00, 0x00, 0x00, 0x00,
        0x00, 0x00, 0x00, 0x00, 0x00, 0x00, 0x00, 0x00, 0x00, 0x00, 0x00, 0x00, 0x00, 0x00, 0x00, 0x00,
        0x00, 0x00, 0x00, 0x00, 0x00, 0x00, 0x00, 0x00, 0x00, 0x00, 0x00, 0x00, 0x00, 0x00, 0x00, 0x00,
        0x00, 0x00, 0x00, 0x00, 0x00, 0x00, 0x00, 0x00, 0x00, 0x00, 0x00, 0x00, 0x00, 0x00, 0x00, 0x00,
        0x00, 0x00, 0x00, 0x00, 0x00, 0x00, 0x00, 0x00, 0x00, 0x00, 0x00, 0x00, 0x00, 0x00, 0x00, 0x00,
        0x00, 0x00, 0x00, 0x00, 0x00, 0x00, 0x00, 0x00, 0x00, 0x00, 0x00, 0x00, 0x00, 0x00, 0x00, 0x00,
        0x00, 0x00, 0x00, 0x00, 0x00, 0x00, 0x00, 0x00, 0x00, 0x00, 0x00, 0x00, 0x00, 0x00, 0x00, 0x00,
        0x00, 0x00, 0x00, 0x00, 0x00, 0x00, 0x00, 0x00, 0x00, 0x00, 0x00, 0x00, 0x00, 0x00, 0x00, 0x00,
        0x00, 0x00, 0x00, 0x00, 0x00, 0x00, 0x00, 0x00, 0x00, 0x00, 0x00, 0x00, 0x00, 0x00, 0x00, 0x00,
        0x00, 0x00, 0x00, 0x00, 0x00, 0x00, 0x00, 0x00, 0x00, 0x00, 0x00, 0x00, 0x00, 0x00, 0x00, 0x00,
        0x00, 0x00, 0x00, 0x00, 0x00, 0x00, 0x00, 0x00, 0x00, 0x00, 0x00, 0x00, 0x00, 0x00, 0x00, 0x00,
        0x00, 0x00, 0x00, 0x00, 0x00, 0x00, 0x00, 0x00, 0x00, 0x00, 0x00, 0x00, 0x00, 0x00, 0x00, 0x00,
        0x00, 0x00, 0x00, 0x00, 0x00, 0x00, 0x00, 0x00, 0x00, 0x00, 0x00, 0x00, 0x00, 0x00, 0x00, 0x00,
        0x00, 0x00, 0x00, 0x00, 0x00, 0x00, 0x00, 0x00, 0x00, 0x00, 0x00, 0x00, 0x00, 0x00, 0x00, 0x00,
        0x00, 0x00, 0x00, 0x00, 0x00, 0x00, 0x00, 0x00, 0x00, 0x00, 0x00, 0x00, 0x00, 0x00, 0x00, 0x00,
        0x00, 0x00, 0x00, 0x00, 0x00, 0x00, 0x00, 0x00, 0x00, 0x00, 0x00, 0x00, 0x00, 0x00, 0x00, 0x00,
        0x00, 0x00, 0x00, 0x00, 0x00, 0x00, 0x00, 0x00, 0x00, 0x00, 0x00, 0x00, 0x00, 0x00, 0x00, 0x00,
        0x00, 0x00, 0x00, 0x00, 0x00, 0x00, 0x00, 0x00, 0x00, 0x00, 0x00, 0x00, 0x00, 0x00, 0x00, 0x00,
        0x00, 0x00, 0x00, 0x00, 0x00, 0x00, 0x00, 0x00, 0x00, 0x00, 0x00, 0x00, 0x00, 0x00, 0x00, 0x00,
        0x00, 0x00, 0x00, 0x00, 0x00, 0x00, 0x00, 0x00, 0x00, 0x00, 0x00, 0x00, 0x00, 0xc8, 0xe2, 0xe5 },
      .mod      = {
        0xa0, 0x80, 0x62, 0x13, 0x23, 0x76, 0x57, 0x58, 0xa4, 0x81, 0xf4, 0xfe, 0xf0, 0xdd, 0x95, 0xa0,
        0x48, 0x79, 0xcc, 0x8b, 0x5b, 0xe2, 0xc8, 0xec, 0x69, 0x7e, 0xeb, 0xec, 0x98, 0x11, 0x31, 0x5f,
        0x1b, 0xbe, 0x3c, 0x7f, 0x8c, 0x4c, 0x66, 0x15, 0xbf, 0x2e, 0xd9, 0xef, 0x46, 0xc9, 0x6d, 0x8c,
        0x00, 0xed, 0xa8, 0xf6, 0x09, 0x78, 0xe2, 0xb9, 0x07, 0x96, 0x6c, 0xa5, 0xd2, 0xaf, 0xd8, 0xc9,
        0x95, 0x69, 0x5b, 0x18, 0x51, 0x25, 0x54, 0xae, 0xee, 0xb6, 0x7d, 0xdb, 0x07, 0x80, 0x1d, 0x9b,
        0x45, 0xd5, 0xaa, 0x77, 0xea, 0x8c, 0x18, 0xe7, 0xe5, 0x0d, 0x39, 0x53, 0xe0, 0x0c, 0x87, 0x4d,
        0xae, 0xaa, 0xf3, 0x78, 0xb5, 0xed, 0x33, 0x27, 0x92, 0x7d, 0x27, 0x4b, 0x1b, 0xad, 0x09, 0xbd,
        0x2f, 0xdd, 0xe1, 0x5f, 0xc7, 0x9c, 0xea, 0xa8, 0x40, 0x4f, 0x9d, 0xc5, 0xb3, 0xbf, 0x72, 0x99,
        0x50, 0x23, 0x12, 0x53, 0xd4, 0x54, 0xa2, 0xda, 0xda, 0x74, 0x80, 0x59, 0xef, 0xee, 0xb3, 0x92,
        0x6a, 0xcd, 0x04, 0xd9, 0xa7, 0x5e, 0xb8, 0x80, 0x83, 0x9c, 0x0f, 0xd0, 0x16, 0x13, 0xbe, 0x2c,
        0x3b, 0xdf, 0xcb, 0x92, 0xf0, 0xa5, 0x2d, 0x8e, 0x71, 0x8c, 0x4f, 0x00, 0xfc, 0x87, 0x07, 0x77,
        0x93, 0xd8, 0x7c, 0x2d, 0xe7, 0xf4, 0x2a, 0x58, 0x0a, 0x1a, 0x7f, 0x94, 0x23, 0xbd, 0x48, 0x66,
        0x77, 0x42, 0xdd, 0xe2, 0xf6, 0x48, 0xe1, 0xfd, 0x5f, 0xbf, 0x95, 0xf9, 0xb4, 0x7b, 0x25, 0x2f,
        0x9d, 0xdd, 0x26, 0x1c, 0x6e, 0x7f, 0xe7, 0xab, 0xdd, 0x31, 0xc2, 0xc7, 0x21, 0xcb, 0x18, 0xab,
        0x49, 0x56, 0xd2, 0xdd, 0x33, 0xf1, 0x56, 0x80, 0xbb, 0x21, 0x7c, 0x5c, 0x0f, 0xf3, 0x10, 0xc7,
        0x4b, 0x8f, 0xea, 0x6d, 0x57, 0x5f, 0x36, 0x40, 0xa8, 0xdd, 0xeb, 0x3d, 0xd4, 0xa8, 0x32, 0x19,
        0x78, 0x84, 0xb4, 0x88, 0x29, 0x26, 0x59, 0xbf, 0xf6, 0x89, 0x3b, 0xbf, 0x12, 0x8e, 0xb7, 0x91,
        0xee, 0x56, 0x45, 0xab, 0x1a, 0xf4, 0x5a, 0xf2, 0xbd, 0x8c, 0x24, 0x12, 0x50, 0xe9, 0xf7, 0xf0,
        0x57, 0x3a, 0xf5, 0xef, 0x5c, 0xd9, 0x31, 0x65, 0xfb, 0x00, 0xc0, 0xb3, 0xa2, 0xa3, 0x3f, 0x77,
        0xfb, 0x8b, 0xcb, 0x52, 0x5a, 0x6a, 0x37, 0x57, 0x07, 0xc2, 0xcc, 0x4e, 0x27, 0xbb, 0x37, 0x46,
        0x9e, 0xd0, 0x10, 0xf6, 0xf2, 0xac, 0x54, 0xc7, 0x7b, 0x2d, 0xb3, 0x4d, 0x5e, 0x90, 0xd6, 0xbf,
        0x21, 0xb9, 0x56, 0xa3, 0x45, 0xc0, 0xc0, 0xac, 0xe7, 0x67, 0xd4, 0x7c, 0x88, 0xc8, 0x9d, 0xac,
        0x3a, 0x08, 0x4a, 0x7f, 0x78, 0x6a, 0x1b, 0xb2, 0xd4, 0x4e, 0x3c, 0xae, 0xc2, 0xb3, 0x0b, 0x79,
        0xd2, 0xf4, 0x0b, 0x4e, 0xb0, 0x7a, 0x24, 0x18, 0x96, 0x34, 0xd1, 0x6d, 0xd9, 0x9f, 0x95, 0x80,
        0x4a, 0xdb, 0x06, 0x00, 0xa2, 0xaa, 0xb9, 0x70, 0x78, 0xb2, 0x5b, 0x03, 0x29, 0x43, 0x23, 0xfb,
        0x00, 0xf5, 0x7a, 0x98, 0x02, 0x70, 0x49, 0x45, 0xec, 0x80, 0xd1, 0xbf, 0xb7, 0xf9, 0x82, 0xe4,
        0x25, 0x8e, 0xa0, 0xbe, 0xd1, 0x0a, 0x08, 0x24, 0x6d, 0x3b, 0xe9, 0x33, 0x0e, 0x48, 0xf7, 0xe8,
        0x14, 0xa0, 0x40, 0x42, 0x41, 0x48, 0x87, 0xe2, 0x16, 0xcc, 0xac, 0x79, 0xeb, 0x9d, 0x58, 0x24,
        0x57, 0xee, 0xc0, 0x29, 0x21, 0xe3, 0x44, 0x11, 0x6a, 0x22, 0x73, 0x51, 0x08, 0xe9, 0x1c, 0x26,
        0xcb, 0xc9, 0x40, 0x92, 0x84, 0x06, 0x9c, 0x69, 0x7f, 0xd0, 0xd2, 0x6c, 0xc2, 0x25, 0x7c, 0xc2,
        0x29, 0x18, 0xf7, 0xdc, 0xec, 0x9d, 0x55, 0xb9, 0x81, 0xb5, 0x1a, 0xe9, 0xe1, 0x91, 0x1c, 0xf4,
        0x75, 0x48, 0x46, 0xe0, 0xb5, 0xb8, 0x71, 0xdf, 0xf8, 0x14, 0x0f, 0xc6, 0xfe, 0x04, 0x55, 0x2d },
      .expected = {
        0x53, 0xb1, 0xe2, 0x53, 0x0c, 0x94, 0x82, 0x42, 0x78, 0x35, 0xbe, 0x98, 0x9d, 0xfb, 0x5d, 0x6d,
        0x49, 0x10, 0xb9, 0xcd, 0x39, 0x7b, 0x20, 0x88, 0xbf, 0xf7, 0x39, 0x34, 0x00, 0x08, 0x5f, 0xa9,
        0x66, 0xf3, 0x93, 0xd7, 0x13, 0x35, 0x21, 0x31, 0x0a, 0x82, 0x9e, 0x53, 0xcc, 0x13, 0xdc, 0x0a,
        0x6a, 0xab, 0x4f, 0x48, 0x9e, 0xce, 0xf5, 0xa4, 0x9b, 0xcd, 0x27, 0x16, 0x25, 0x5d, 0x57, 0x4c,
        0xee, 0x55, 0x92, 0x0e, 0x2c, 0xd2, 0x27, 0x48, 0x97, 0x24, 0x12, 0x42, 0x20, 0xe4, 0x85, 0x2a,
        0xc6, 0xf0, 0x49, 0x97, 0x44, 0x58, 0x2b, 0xad, 0x7f, 0x16, 0x1c, 0x2a, 0xdd, 0xe7, 0xae, 0x05,
        0x95, 0x6c, 0x97, 0x70, 0x63, 0x48, 0xc9, 0xf4, 0x6f, 0x10, 0xe0, 0x54, 0x1f, 0x7e, 0x1c, 0x1e,
        0x28, 0x7f, 0xa6, 0xd9, 0xae, 0x0d, 0x19, 0x22, 0xfd, 0x1f, 0xd2, 0x42, 0x1a, 0xdb, 0xc2, 0xb8,
        0x72, 0x93, 0x12, 0xc4, 0x25, 0x40, 0x8b, 0xbe, 0x38, 0xf0, 0x07, 0xbf, 0xf0, 0x3b, 0xcf, 0x49,
        0x49, 0x52, 0x01, 0x36, 0x6f, 0x51, 0x66, 0xb6, 0x91, 0xb7, 0x9d, 0x84, 0xbb, 0x71, 0x7a, 0xc3,
        0x96, 0xf5, 0x31, 0x1d, 0x7d, 0xf4, 0x5e, 0x51, 0xd5, 0x70, 0x03, 0xff, 0x47, 0x8c, 0x91, 0xd7,
        0xab, 0x01, 0x2a, 0x0c, 0x85, 0xd1, 0x90, 0x33, 0xef, 0xf9, 0x18, 0xba, 0x87, 0x97, 0xde, 0xff,
        0x73, 0x20, 0x0d, 0x4d, 0x32, 0x88, 0x37, 0x28, 0x15, 0xb2, 0x2f, 0x65, 0x2f, 0xf7, 0x35, 0x18,
        0x28, 0x31, 0x3d, 0xdf, 0x9c, 0x12, 0x06, 0xc9, 0x8a, 0x9d, 0x5e, 0xb4, 0x5d, 0x04, 0x84, 0x72,
        0x0c, 0x99, 0xcf, 0xa9, 0x40, 0x63, 0x49, 0x64, 0x58, 0x9c, 0x43, 0x05, 0xf1, 0x5e, 0x80, 0xd3,
        0x05, 0x43, 0x14, 0x02, 0x8d, 0x5d, 0xef, 0x76, 0x6e, 0x8c, 0x24, 0xc0, 0x04, 0x51, 0x11, 0x58,
        0x1e, 0x16, 0xbf, 0x24, 0x0f, 0xcf, 0xe7, 0xe3, 0x68, 0x9f, 0x75, 0x92, 0xe6, 0x69, 0x68, 0x26,
        0x8d, 0x83, 0xfc, 0x7d, 0x17, 0xd1, 0xcc, 0x81, 0x92, 0xfc, 0x3d, 0x35, 0x4b, 0x4f, 0xfe, 0x25,
        0xb2, 0xb9, 0x1a, 0x87, 0x3a, 0x3f, 0xb5, 0x9e, 0xd7, 0xf8, 0xc5, 0x9a, 0x19, 0x50, 0xa6, 0x9c,
        0xec, 0xf5, 0xdc, 0x3e, 0x1d, 0x6a, 0xda, 0x57, 0x9e, 0x3c, 0xb7, 0xc7, 0x24, 0x89, 0x23, 0x51,
        0x04, 0x60, 0x4f, 0x6b, 0x54, 0x62, 0x88, 0x80, 0x42, 0xff, 0x57, 0xaf, 0xdb, 0xf1, 0x36, 0x87,
        0x7b, 0xaa, 0xda, 0x39, 0x10, 0x03, 0x76, 0xa8, 0x68, 0x88, 0xf0, 0x95, 0xc5, 0xf5, 0x43, 0xc6,
        0xac, 0xaf, 0xf9, 0xb8, 0xc1, 0xaa, 0x5f, 0xc0, 0xae, 0x9d, 0x1e, 0xce, 0x1a, 0xaf, 0x7f, 0x80,
        0x56, 0x94, 0x39, 0x4e, 0x3e, 0x10, 0x19, 0x22, 0x30, 0xfc, 0x2d, 0xf9, 0xb7, 0x84, 0x96, 0xab,
        0x84, 0xdf, 0x6c, 0xff, 0x4d, 0xc5, 0xce, 0xe8, 0x2e, 0x68, 0x5c, 0x90, 0x3b, 0x19, 0xc3, 0x2e,
        0x0f, 0xd7, 0xde, 0x97, 0x7c, 0x6e, 0x2a, 0x6a, 0x66, 0xcb, 0xd9, 0x5d, 0x42, 0x47, 0xdb, 0xfa,
        0x7c, 0xce, 0x7c, 0x61, 0xbc, 0x81, 0x56, 0xbe, 0x22, 0x35, 0xd8, 0xc9, 0xde, 0xae, 0x7c, 0x1c,
        0x45, 0x5d, 0x38, 0xcb, 0x77, 0xc3, 0xef, 0x9b, 0xb8, 0x7d, 0x02, 0x4e, 0x04, 0xc4, 0x1c, 0xe0,
        0x79, 0x88, 0xd4, 0x10, 0xd4, 0x76, 0xb0, 0x61, 0x7a, 0x53, 0xa6, 0x69, 0x4f, 0x70, 0xb7, 0x7b,
        0x29, 0xa8, 0x69, 0xde, 0x64, 0x8e, 0xee, 0xb9, 0x23, 0x18, 0xe1, 0xa9, 0x14, 0x70, 0xc9, 0xc4,
        0x45, 0x78, 0xcf, 0xf5, 0xf3, 0xb2, 0x50, 0x15, 0xd9, 0x78, 0x6d, 0x18, 0xf1, 0x3b, 0xb7, 0xeb,
        0x54, 0x3b, 0x56, 0x45, 0x44, 0x69, 0xf1, 0x65, 0xb9, 0x76, 0xd3, 0x6c, 0x08, 0x76, 0x80, 0xad } },
    /* random 4096-bit mod, 24-bit exp (b) */
    { .n_len = 512,
      .full_exp = false,
      .base     = {
        0x69, 0x1d, 0x75, 0x55, 0x2f, 0xfb, 0xd8, 0xe5, 0xd3, 0x77, 0x3c, 0xdc, 0x36, 0xfc, 0x86, 0x92,
        0xa6, 0x41, 0x56, 0xbf, 0xcb, 0x70, 0x9b, 0xa8, 0xbf, 0xd4, 0xaf, 0x95, 0xcb, 0xbc, 0x05, 0x7a,
        0x9f, 0xd6, 0x6f, 0xc3, 0x7f, 0x09, 0xda, 0x82, 0x87, 0x97, 0x8d, 0x11, 0xc0, 0xd2, 0xd6, 0x12,
        0x3f, 0x2e, 0x96, 0xfa, 0x32, 0xa5, 0x8a, 0xb1, 0xc2, 0x38, 0x33, 0xdd, 0xbf, 0x22, 0xf7, 0x8b,
        0x57, 0x78, 0x54, 0xa3, 0x1a, 0x97, 0x9f, 0xd4, 0xdf, 0xfd, 0xe8, 0x3f, 0x3b, 0x5a, 0xff, 0x86,
        0x36, 0xd6, 0x44, 0xd6, 0x8c, 0x41, 0x0c, 0x07, 0xe0, 0x6f, 0x53, 0x21, 0xd8, 0xdc, 0xbc, 0x18,
        0xfa, 0xdc, 0xe5, 0x5e, 0x1d, 0x58, 0xc6, 0x5f, 0x9f, 0xd1, 0x61, 0x01, 0x98, 0xee, 0x78, 0xb4,
        0x76, 0xd5, 0x14, 0x21, 0x61, 0x31, 0xc6, 0xbf, 0x00, 0xc5, 0x9a, 0x76, 0x91, 0x3b, 0xe0, 0xe2,
        0xda, 0xed, 0x8d, 0x5c, 0x6f, 0x1e, 0x3d, 0x4c, 0x58, 0x10, 0x47, 0x25, 0xd8, 0x58, 0x99, 0x06,
        0x2b, 0xf9, 0xff, 0x6a, 0xac, 0xdc, 0x78, 0x0c, 0x66, 0xca, 0x35, 0x83, 0x54, 0xfe, 0xc3, 0x81,
        0xaf, 0x61, 0xac, 0x08, 0x3a, 0xc7, 0xb3, 0xaf, 0xd1, 0xfe, 0xec, 0x96, 0x61, 0xca, 0xae, 0x3c,
        0x83, 0xf6, 0x7d, 0xc3, 0x6c, 0x8e, 0xf5, 0xb1, 0xba, 0xe2, 0xaf, 0x3f, 0xa6, 0xaa, 0x63, 0x14,
        0x7f, 0x7c, 0xea, 0x62, 0xfc, 0x1b, 0xef, 0x4e, 0xf4, 0xf8, 0x52, 0x58, 0x53, 0x15, 0x7e, 0xf2,
        0x84, 0x92, 0xc9, 0xb9, 0x71, 0xa4, 0xa4, 0x3e, 0x4b, 0x37, 0xc4, 0x14, 0x1c, 0xb6, 0xc9, 0x71,
        0xd8, 0xef, 0x4f, 0xc1, 0x66, 0xe8, 0x9a, 0xc7, 0x61, 0x14, 0xbe, 0x2a, 0x2e, 0x43, 0x2a, 0x29,
        0x5a, 0x5e, 0x23, 0x8e, 0xe8, 0xec, 0x0f, 0x1d, 0xbc, 0x4c, 0x63, 0xd5, 0x45, 0xdd, 0xc6, 0xeb,
        0xff, 0xdd, 0x5c, 0x6b, 0x16, 0x3c, 0xb8, 0x28, 0x88, 0x8a, 0x9b, 0x2e, 0x00, 0x77, 0xd2, 0x85,
        0xb0, 0x10, 0xad, 0xbe, 0x44, 0xce, 0x20, 0xf5, 0x73, 0xcc, 0xcb, 0x87, 0xf1, 0x13, 0x7f, 0x51,
        0xbb, 0x83, 0x1f, 0xb1, 0xd8, 0xd9, 0x21, 0xa7, 0x7f, 0xe3, 0x2f, 0xf1, 0xd4, 0xad, 0x4e, 0x06,
        0xba, 0xb3, 0x8a, 0xc0, 0x7c, 0xf9, 0x20, 0xd9, 0xe8, 0xf3, 0x5c, 0xa9, 0x88, 0xa1, 0xb5, 0x5a,
        0x29, 0x20, 0x73, 0xbe, 0x69, 0x47, 0x75, 0x92, 0x4f, 0xb3, 0x32, 0xc6, 0xba, 0x9b, 0x8f, 0xcc,
        0x93, 0x8f, 0x9e, 0x79, 0xf4, 0x81, 0x6c, 0x23, 0xdf, 0x1e, 0x58, 0x2a, 0xe3, 0xd8, 0x18, 0x0c,
        0x45, 0x35, 0x96, 0x49, 0xe6, 0xf2, 0xd3, 0xb3, 0x76, 0x3d, 0xbb, 0x9b, 0x5e, 0x5e, 0x7e, 0x90,
        0x5d, 0x03, 0xce, 0xce, 0x10, 0xe3, 0x55, 0x66, 0xea, 0x8f, 0x28, 0xd6, 0x0e, 0xd7, 0x01, 0x26,
        0xaa, 0x8f, 0x48, 0x76, 0x9b, 0xac, 0x7f, 0x6d, 0xe5, 0x72, 0x5d, 0xca, 0xca, 0xf1, 0xba, 0x3a,
        0x1b, 0x44, 0x6a, 0xb9, 0x44, 0x12, 0x50, 0x4a, 0x29, 0xed, 0x3d, 0x6c, 0x01, 0x4a, 0x56, 0x80,
        0xb4, 0x93, 0x82, 0x2e, 0xd8, 0x57, 0x9d, 0x09, 0x60, 0x74, 0xa5, 0xc4, 0x21, 0x4d, 0xfb, 0x31,
        0xbb, 0x3f, 0x5e, 0x04, 0x00, 0xe7, 0x66, 0x29, 0x7e, 0xea, 0x8a, 0xec, 0x6a, 0x98, 0x5e, 0xc4,
        0x39, 0x5f, 0xd4, 0x49, 0x78, 0x85, 0x64, 0x1e, 0x39, 0xbc, 0x23, 0xfd, 0xaf, 0xbd, 0x9e, 0x87,
        0x24, 0xf3, 0x3c, 0x3a, 0x97, 0xac, 0x64, 0xc9, 0xc6, 0xa0, 0x46, 0xd7, 0xe8, 0xb2, 0x27, 0xcb,
        0x69, 0x3c, 0x4c, 0xcf, 0xe2, 0xfa, 0xef, 0x84, 0x6a, 0x04, 0x6b, 0xa5, 0x08, 0xb7, 0x41, 0x0e,
        0x7d, 0xb8, 0x1d, 0x0c, 0x7e, 0x78, 0x50, 0x84, 0x3c, 0x0a, 0x01, 0x5d, 0xd8, 0x12, 0x36, 0x89 },
      .exp      = {
        0x00, 0x00, 0x00, 0x00, 0x00, 0x00, 0x00, 0x00, 0x00, 0x00, 0x00, 0x00, 0x00, 0x00, 0x00, 0x00,
        0x00, 0x00, 0x00, 0x00, 0x00, 0x00, 0x00, 0x00, 0x00, 0x00, 0x00, 0x00, 0x00, 0x00, 0x00, 0x00,
        0x00, 0x00, 0x00, 0x00, 0x00, 0x00, 0x00, 0x00, 0x00, 0x00, 0x00, 0x00, 0x00, 0x00, 0x00, 0x00,
        0x00, 0x00, 0x00, 0x00, 0x00, 0x00, 0x00, 0x00, 0x00, 0x00, 0x00, 0x00, 0x00, 0x00, 0x00, 0x00,
        0x00, 0x00, 0x00, 0x00, 0x00, 0x00, 0x00, 0x00, 0x00, 0x00, 0x00, 0x00, 0x00, 0x00, 0x00, 0x00,
        0x00, 0x00, 0x00, 0x00, 0x00, 0x00, 0x00, 0x00, 0x00, 0x00, 0x00, 0x00, 0x00, 0x00, 0x00, 0x00,
        0x00, 0x00, 0x00, 0x00, 0x00, 0x00, 0x00, 0x00, 0x00, 0x00, 0x00, 0x00, 0x00, 0x00, 0x00, 0x00,
        0x00, 0x00, 0x00, 0x00, 0x00, 0x00, 0x00, 0x00, 0x00, 0x00, 0x00, 0x00, 0x00, 0x00, 0x00, 0x00,
        0x00, 0x00, 0x00, 0x00, 0x00, 0x00, 0x00, 0x00, 0x00, 0x00, 0x00, 0x00, 0x00, 0x00, 0x00, 0x00,
        0x00, 0x00, 0x00, 0x00, 0x00, 0x00, 0x00, 0x00, 0x00, 0x00, 0x00, 0x00, 0x00, 0x00, 0x00, 0x00,
        0x00, 0x00, 0x00, 0x00, 0x00, 0x00, 0x00, 0x00, 0x00, 0x00, 0x00, 0x00, 0x00, 0x00, 0x00, 0x00,
        0x00, 0x00, 0x00, 0x00, 0x00, 0x00, 0x00, 0x00, 0x00, 0x00, 0x00, 0x00, 0x00, 0x00, 0x00, 0x00,
        0x00, 0x00, 0x00, 0x00, 0x00, 0x00, 0x00, 0x00, 0x00, 0x00, 0x00, 0x00, 0x00, 0x00, 0x00, 0x00,
        0x00, 0x00, 0x00, 0x00, 0x00, 0x00, 0x00, 0x00, 0x00, 0x00, 0x00, 0x00, 0x00, 0x00, 0x00, 0x00,
        0x00, 0x00, 0x00, 0x00, 0x00, 0x00, 0x00, 0x00, 0x00, 0x00, 0x00, 0x00, 0x00, 0x00, 0x00, 0x00,
        0x00, 0x00, 0x00, 0x00, 0x00, 0x00, 0x00, 0x00, 0x00, 0x00, 0x00, 0x00, 0x00, 0x00, 0x00, 0x00,
        0x00, 0x00, 0x00, 0x00, 0x00, 0x00, 0x00, 0x00, 0x00, 0x00, 0x00, 0x00, 0x00, 0x00, 0x00, 0x00,
        0x00, 0x00, 0x00, 0x00, 0x00, 0x00, 0x00, 0x00, 0x00, 0x00, 0x00, 0x00, 0x00, 0x00, 0x00, 0x00,
        0x00, 0x00, 0x00, 0x00, 0x00, 0x00, 0x00, 0x00, 0x00, 0x00, 0x00, 0x00, 0x00, 0x00, 0x00, 0x00,
        0x00, 0x00, 0x00, 0x00, 0x00, 0x00, 0x00, 0x00, 0x00, 0x00, 0x00, 0x00, 0x00, 0x00, 0x00, 0x00,
        0x00, 0x00, 0x00, 0x00, 0x00, 0x00, 0x00, 0x00, 0x00, 0x00, 0x00, 0x00, 0x00, 0x00, 0x00, 0x00,
        0x00, 0x00, 0x00, 0x00, 0x00, 0x00, 0x00, 0x00, 0x00, 0x00, 0x00, 0x00, 0x00, 0x00, 0x00, 0x00,
        0x00, 0x00, 0x00, 0x00, 0x00, 0x00, 0x00, 0x00, 0x00, 0x00, 0x00, 0x00, 0x00, 0x00, 0x00, 0x00,
        0x00, 0x00, 0x00, 0x00, 0x00, 0x00, 0x00, 0x00, 0x00, 0x00, 0x00, 0x00, 0x00, 0x00, 0x00, 0x00,
        0x00, 0x00, 0x00, 0x00, 0x00, 0x00, 0x00, 0x00, 0x00, 0x00, 0x00, 0x00, 0x00, 0x00, 0x00, 0x00,
        0x00, 0x00, 0x00, 0x00, 0x00, 0x00, 0x00, 0x00, 0x00, 0x00, 0x00, 0x00, 0x00, 0x00, 0x00, 0x00,
        0x00, 0x00, 0x00, 0x00, 0x00, 0x00, 0x00, 0x00, 0x00, 0x00, 0x00, 0x00, 0x00, 0x00, 0x00, 0x00,
        0x00, 0x00, 0x00, 0x00, 0x00, 0x00, 0x00, 0x00, 0x00, 0x00, 0x00, 0x00, 0x00, 0x00, 0x00, 0x00,
        0x00, 0x00, 0x00, 0x00, 0x00, 0x00, 0x00, 0x00, 0x00, 0x00, 0x00, 0x00, 0x00, 0x00, 0x00, 0x00,
        0x00, 0x00, 0x00, 0x00, 0x00, 0x00, 0x00, 0x00, 0x00, 0x00, 0x00, 0x00, 0x00, 0x00, 0x00, 0x00,
        0x00, 0x00, 0x00, 0x00, 0x00, 0x00, 0x00, 0x00, 0x00, 0x00, 0x00, 0x00, 0x00, 0x00, 0x00, 0x00,
        0x00, 0x00, 0x00, 0x00, 0x00, 0x00, 0x00, 0x00, 0x00, 0x00, 0x00, 0x00, 0x00, 0xa8, 0x2d, 0xcf },
      .mod      = {
        0x99, 0xa3, 0x3c, 0xa3, 0xa3, 0x46, 0x60, 0xac, 0x9d, 0x7b, 0xd9, 0x85, 0x29, 0x2d, 0x92, 0x8a,
        0x24, 0x3e, 0xe6, 0x93, 0x1a, 0x5b, 0x05, 0xfb, 0x2b, 0xc2, 0xec, 0x5e, 0x5c, 0xb1, 0x51, 0x7b,
        0x1b, 0xea, 0x58, 0xff, 0xce, 0x87, 0x7a, 0x8c, 0x74, 0xb3, 0x31, 0xd7, 0x36, 0xff, 0x40, 0xaf,
        0xeb, 0x2c, 0x4b, 0x1e, 0xf5, 0xf8, 0x95, 0x3a, 0x50, 0x55, 0x73, 0x53, 0xa8, 0xb8, 0xfc, 0x23,
        0xa9, 0x3d, 0x3f, 0x5d, 0xdd, 0x38, 0xbb, 0xcf, 0xb9, 0x1a, 0xd4, 0xd2, 0x39, 0xdc, 0x6e, 0xdd,
        0x64, 0x9e, 0x71, 0x42, 0xf0, 0x4c, 0x25, 0x87, 0x74, 0x36, 0xa6, 0xec, 0x92, 0xd2, 0xa2, 0xcb,
        0x0e, 0x19, 0x6f, 0xdf, 0xa2, 0xca, 0x04, 0x2b, 0xd8, 0x27, 0x48, 0x73, 0xbb, 0x5c, 0x73, 0x3d,
        0x0d, 0xee, 0xcc, 0x7d, 0x71, 0xc5, 0xf5, 0x49, 0x14, 0xb5, 0x6b, 0xb9, 0xa3, 0x31, 0x96, 0x1d,
        0x96, 0x5c, 0x39, 0x3a, 0x41, 0x08, 0x98, 0x2f, 0x5b, 0x7a, 0x51, 0x85, 0x91, 0xc1, 0xa5, 0xdb,
        0xf2, 0x5a, 0x27, 0x54, 0x9c, 0xb9, 0xb6, 0x21, 0xb2, 0xeb, 0x0d, 0x05, 0x2e, 0xd6, 0xc1, 0x43,
        0xe2, 0x41, 0x12, 0x24, 0x57, 0xd3, 0x67, 0x94, 0x88, 0x50, 0x1c, 0x9a, 0x7d, 0x26, 0xcb, 0xbd,
        0x71, 0x25, 0x74, 0x18, 0x2a, 0x86, 0xa2, 0x5d, 0x2f, 0xc1, 0x33, 0x08, 0x1b, 0xd4, 0x0b, 0xa1,
        0x9b, 0x1e, 0x0a, 0x7c, 0xdb, 0x1e, 0xab, 0xcc, 0xfc, 0x90, 0x7a, 0xec, 0x87, 0x4b, 0xee, 0xd9,
        0x41, 0xe9, 0x85, 0x41, 0x43, 0x59, 0x2d, 0xdb, 0x2a, 0x75, 0xd7, 0xd9, 0x19, 0xea, 0x20, 0xb0,
        0x18, 0x46, 0x22, 0xc8, 0xe3, 0xa9, 0xb4, 0x36, 0x93, 0xc8, 0x3b, 0xde, 0x2a, 0x09, 0x61, 0x8e,
        0xd5, 0x9d, 0x80, 0xbf, 0x0e, 0xd7, 0x5f, 0x2c, 0x3a, 0xc9, 0xb2, 0xdd, 0xcc, 0x0d, 0x56, 0x32,
        0x4c, 0x42, 0x1b, 0xe7, 0x59, 0xd6, 0xdb, 0x5c, 0x5e, 0x50, 0xb1, 0x4d, 0x09, 0x32, 0x6b, 0xe1,
        0xed, 0xc9, 0xcb, 0x74, 0x65, 0xf2, 0xc3, 0x57, 0x60, 0x79, 0xc9, 0x61, 0x6e, 0xa6, 0x5a, 0xbe,
        0xcd, 0xe5, 0x24, 0xed, 0xa8, 0xf5, 0x74, 0x67, 0xeb, 0x73, 0xb8, 0x66, 0xb8, 0x8b, 0xfa, 0xe4,
        0xed, 0x1b, 0x6f, 0x15, 0x13, 0xa8, 0x73, 0xcd, 0xd6, 0xfd, 0xf9, 0xba, 0xf7, 0xef, 0xce, 0xaf,
        0xe2, 0x14, 0x0f, 0x57, 0xfd, 0x3f, 0x11, 0x4f, 0x16, 0xc3, 0x8d, 0xdf, 0xca, 0x55, 0x61, 0xa0,
        0x11, 0x49, 0x7f, 0x9d, 0xe3, 0xcb, 0x4e, 0xb5, 0xe7, 0x67, 0xda, 0x45, 0xd2, 0xfe, 0xfa, 0xff,
        0xce, 0x59, 0x07, 0x88, 0xc4, 0x9e, 0xb5, 0x05, 0x9a, 0x34, 0x25, 0x50, 0x92, 0xfb, 0xeb, 0x4e,
        0x10, 0x7e, 0x86, 0xd1, 0xb4, 0x69, 0xd9, 0x6b, 0xbe, 0x26, 0xde, 0x6a, 0x6d, 0x21, 0x99, 0x5f,
        0x77, 0x87, 0x01, 0x02, 0x3e, 0x13, 0xb3, 0x10, 0xb2, 0x23, 0x89, 0xd8, 0xa1, 0x6b, 0x37, 0x8a,
        0x6b, 0x7a, 0xb2, 0x8a, 0x1c, 0x03, 0x4e, 0xe4, 0xde, 0x28, 0xb2, 0x5f, 0x72, 0x1a, 0x8b, 0xdf,
        0xca, 0x13, 0x66, 0x08, 0x3b, 0xef, 0xfc, 0x79, 0x01, 0x59, 0x43, 0x17, 0x6c, 0xd7, 0x95, 0x4c,
        0x18, 0xe9, 0x39, 0x36, 0xef, 0x4f, 0x47, 0xe9, 0xd4, 0x5d, 0x83, 0x1a, 0xab, 0x86, 0x39, 0x87,
        0x78, 0x98, 0x65, 0xf9, 0xbd, 0xbd, 0x59, 0xeb, 0xb7, 0x1f, 0x31, 0x58, 0xa4, 0x8a, 0x17, 0xee,
        0xb9, 0x44, 0x98, 0xfe, 0x9d, 0x06, 0xba, 0x44, 0xe0, 0x12, 0x64, 0x09, 0x7c, 0xb0, 0x30, 0xba,
        0xb3, 0x42, 0x2c, 0xaa, 0x1f, 0x1e, 0x50, 0x53, 0x56, 0xe9, 0xb4, 0x7c, 0x8f, 0x03, 0x5e, 0x01,
        0x5a, 0x21, 0xf1, 0x6f, 0x35, 0xd9, 0x67, 0xfe, 0x66, 0xf6, 0x3f, 0x25, 0x57, 0xa3, 0xf7, 0x07 },
      .expected = {
        0x89, 0x2d, 0xfd, 0xa1, 0xf9, 0x69, 0x50, 0x1d, 0xcc, 0x3b, 0x8d, 0x11, 0x51, 0x88, 0x2f, 0xc6,
        0x6d, 0x19, 0xc1, 0x72, 0x64, 0xe0, 0x47, 0x48, 0x72, 0x15, 0x29, 0xea, 0x6a, 0x32, 0xc8, 0x57,
        0xd0, 0xfd, 0xc9, 0x28, 0x4c, 0x76, 0xf3, 0x39, 0x95, 0xf1, 0x75, 0x7e, 0x65, 0x3f, 0xcf, 0x58,
        0x2a, 0x64, 0x64, 0x63, 0xa6, 0x90, 0xfb, 0x1b, 0x87, 0x3a, 0xab, 0x69, 0xb9, 0x5f, 0xfa, 0x90,
        0x3b, 0xac, 0x26, 0x35, 0x00, 0x13, 0xba, 0xb4, 0xa0, 0xf9, 0x66, 0x3c, 0x4d, 0x21, 0xd1, 0x5a,
        0x02, 0x4d, 0xea, 0x38, 0x7a, 0x21, 0xea, 0x62, 0x4b, 0xf6, 0xb4, 0x02, 0xc6, 0x95, 0x11, 0xb3,
        0x11, 0x4f, 0x13, 0xb8, 0xbe, 0xcc, 0xc6, 0xb6, 0x84, 0x25, 0x90, 0x4f, 0x77, 0x77, 0x06, 0xee,
        0x67, 0xa9, 0x8e, 0xd3, 0x69, 0x59, 0x77, 0x74, 0x89, 0x5d, 0x4a, 0xd0, 0x70, 0x20, 0x06, 0x21,
        0x45, 0x43, 0xb5, 0xef, 0x6d, 0x1f, 0x26, 0x80, 0x54, 0x4a, 0x40, 0x78, 0x6e, 0x2d, 0xa5, 0xf2,
        0x39, 0xfa, 0xbf, 0xa7, 0x8a, 0x36, 0x69, 0x58, 0x3d, 0x58, 0xa8, 0xdf, 0xe3, 0x7f, 0x8f, 0x8d,
        0x03, 0x68, 0x56, 0x4c, 0x4e, 0xb8, 0x91, 0x5b, 0xc9, 0x50, 0xa3, 0xaa, 0x93, 0x61, 0x5a, 0xac,
        0xad, 0x3f, 0xed, 0x7a, 0xf1, 0x8c, 0x90, 0xef, 0xd9, 0x76, 0x00, 0xdb, 0x42, 0x59, 0xd6, 0x47,
        0x6f, 0x00, 0xd5, 0x15, 0x45, 0x14, 0x77, 0x8c, 0x59, 0x61, 0x41, 0xee, 0x67, 0x5a, 0xd2, 0xd5,
        0x43, 0xbe, 0x6e, 0xde, 0xbf, 0x0f, 0x04, 0x8f, 0xcd, 0xe9, 0x4b, 0xbb, 0xd4, 0xe1, 0xb7, 0x43,
        0xb9, 0x70, 0xda, 0xdb, 0xef, 0x00, 0x23, 0xfe, 0x4c, 0xf5, 0xf9, 0xd2, 0xaa, 0x2a, 0x09, 0x7c,
        0x20, 0xcd, 0x6b, 0x85, 0x1d, 0x8c, 0xd7, 0xa8, 0x1a, 0x60, 0x89, 0x20, 0x7d, 0xb9, 0xaa, 0x3e,
        0xf5, 0xa0, 0x68, 0x88, 0x4f, 0x9a, 0xb2, 0xe6, 0xa9, 0xf8, 0x06, 0x2c, 0x47, 0x60, 0xe4, 0x21,
        0x6d, 0x4f, 0xdc, 0x4e, 0xd7, 0x89, 0x3b, 0x12, 0x31, 0xa9, 0x01, 0x5c, 0x7c, 0xc7, 0xe6, 0x20,
        0xbf, 0x6c, 0xf8, 0x78, 0x5a, 0x1b, 0x46, 0x87, 0xde, 0xe4, 0xe1, 0x34, 0x69, 0x40, 0x5e, 0x6a,
        0xa5, 0xc3, 0xf6, 0x6f, 0xe3, 0x72, 0xa6, 0xb0, 0x1b, 0x8b, 0x64, 0xad, 0xf9, 0xdc, 0xce, 0x00,
        0xb6, 0xdd, 0xf8, 0xe6, 0x04, 0x29, 0x87, 0xeb, 0x6a, 0x7c, 0x09, 0x4e, 0x63, 0x69, 0x34, 0x8d,
        0x01, 0x26, 0xd3, 0x4e, 0x07, 0x3a, 0x13, 0x10, 0x4b, 0x6a, 0xfa, 0x7e, 0x43, 0x1c, 0x7f, 0xf5,
        0xe3, 0x30, 0x0e, 0x9a, 0x44, 0xe5, 0x77, 0xda, 0x34, 0x52, 0x11, 0xb8, 0x76, 0x5a, 0xca, 0xf6,
        0xf6, 0x5d, 0x2e, 0xac, 0x71, 0xa0, 0x23, 0xde, 0xdd, 0x9f, 0xfe, 0x37, 0xe7, 0x2b, 0x88, 0x28,
        0x58, 0x09, 0x0f, 0xbb, 0x4b, 0x0d, 0xf8, 0xd5, 0x01, 0x8e, 0xce, 0x0f, 0xea, 0x34, 0xb2, 0x41,
        0xbf, 0x93, 0x5b, 0x05, 0x56, 0x27, 0x89, 0x5e, 0xfb, 0x76, 0xbd, 0xa9, 0x65, 0x3a, 0x6c, 0xbe,
        0xb9, 0xc1, 0x54, 0xe9, 0x67, 0x6b, 0xf9, 0x52, 0x13, 0xa8, 0xe0, 0x3b, 0xf8, 0xe8, 0x9f, 0x7d,
        0xa6, 0xe8, 0xf0, 0xb8, 0xae, 0x91, 0x3f, 0x23, 0x63, 0x45, 0xe4, 0xde, 0x43, 0x27, 0xe6, 0x6c,
        0x96, 0xf9, 0x48, 0xb6, 0x05, 0xe0, 0x59, 0x57, 0x0e, 0xdf, 0x5a, 0xc0, 0x4a, 0x9f, 0xd7, 0x8d,
        0x11, 0x43, 0x1f, 0xce, 0x9d, 0xd8, 0xa0, 0xb4, 0xea, 0x33, 0xcf, 0xb8, 0xa4, 0x2e, 0xee, 0x22,
        0xff, 0x28, 0x46, 0x61, 0xe8, 0x80, 0xf2, 0x0e, 0x2f, 0xde, 0xe5, 0x37, 0xaa, 0x3d, 0x38, 0x7d,
        0x63, 0xfa, 0xc0, 0x9d, 0xaf, 0x07, 0x29, 0xf7, 0xfc, 0x66, 0x79, 0xee, 0x22, 0x71, 0x97, 0x15 } },
    /* random 4096-bit mod, full-width exp */
    { .n_len = 512,
      .full_exp = true,
      .base     = {
        0x9a, 0x47, 0x34, 0xaf, 0x26, 0x85, 0x51, 0xb1, 0x49, 0x62, 0x3b, 0xb3, 0xeb, 0x05, 0x51, 0xe4,
        0x24, 0xe2, 0x25, 0xd2, 0x36, 0xad, 0x94, 0x43, 0x77, 0xd4, 0xda, 0xa6, 0x4a, 0x71, 0x8a, 0x3a,
        0x8d, 0xa7, 0xd4, 0xa6, 0x38, 0xcf, 0x7d, 0x9e, 0xf9, 0x45, 0x93, 0x5d, 0x28, 0xe6, 0xaa, 0xc3,
        0x89, 0x8d, 0xb4, 0xed, 0xfd, 0x6a, 0xa2, 0x24, 0xaa, 0xcb, 0x2e, 0x25, 0xfb, 0xdf, 0x00, 0x19,
        0x66, 0xfd, 0xed, 0xab, 0x6f, 0x52, 0x91, 0x3c, 0x69, 0x39, 0xb5, 0x3b, 0x90, 0x96, 0x6a, 0x2c,
        0x88, 0x5e, 0x98, 0xbd, 0x79, 0xaf, 0x57, 0xc3, 0x14, 0x18, 0x2e, 0xf8, 0x40, 0xe8, 0x99, 0xed,
        0xa6, 0x9f, 0x8b, 0xba, 0x21, 0x5f, 0xba, 0x4b, 0xb2, 0x4b, 0x66, 0x76, 0x69, 0xa1, 0x33, 0x90,
        0x13, 0xc7, 0x8e, 0x70, 0x29, 0x12, 0x68, 0x22, 0x97, 0xd0, 0x6a, 0xe5, 0x86, 0xfc, 0x16, 0x31,
        0x89, 0x99, 0x70, 0x45, 0x19, 0x71, 0x39, 0x30, 0xbb, 0xdd, 0x3c, 0x26, 0x78, 0x7e, 0xf6, 0x1c,
        0x9e, 0x4f, 0xd1, 0xdd, 0x45, 0x75, 0x1b, 0xb3, 0x6a, 0xef, 0x8f, 0xea, 0xac, 0x04, 0xff, 0x6d,
        0x4e, 0xb3, 0x18, 0x7c, 0xb2, 0xbd, 0xd3, 0x3c, 0x48, 0x21, 0x51, 0xd3, 0xb2, 0x6e, 0x3d, 0x59,
        0x59, 0x01, 0x36, 0x0d, 0x3c, 0xf5, 0xab, 0x70, 0x79, 0x14, 0xda, 0xf5, 0x01, 0x7a, 0x9f, 0x7d,
        0x07, 0x58, 0x81, 0xbf, 0x09, 0x8a, 0x1e, 0x55, 0x3f, 0x5d, 0x4f, 0x1b, 0x1f, 0x0a, 0x9e, 0x73,
        0xe8, 0xef, 0x9a, 0xa8, 0x66, 0x91, 0xa1, 0xbf, 0x3e, 0x1b, 0xbe, 0x6b, 0x4f, 0xea, 0x42, 0xd7,
        0x9e, 0x63, 0x7a, 0xb9, 0x13, 0x9b, 0x4a, 0x38, 0x64, 0x1a, 0xc2, 0x2d, 0xa2, 0xe9, 0x46, 0x73,
        0x39, 0xfa, 0x43, 0xb4, 0x8a, 0x98, 0xfc, 0x28, 0xa8, 0xc7, 0x73, 0xb7, 0xe1, 0xc7, 0x07, 0x78,
        0x5d, 0x6a, 0x05, 0x20, 0x4a, 0xbb, 0x1b, 0x2c, 0x6e, 0x67, 0x88, 0x28, 0x5f, 0xe8, 0x04, 0x28,
        0xf7, 0x55, 0xbb, 0xd0, 0xf8, 0x6c, 0x93, 0x62, 0xad, 0xde, 0xd7, 0x6f, 0x17, 0xce, 0xec, 0xb6,
        0xe6, 0x54, 0xa8, 0x5c, 0xfa, 0x59, 0xbd, 0x5c, 0xe0, 0xd2, 0xdd, 0xc4, 0xbf, 0x21, 0x33, 0x0d,
        0x2d, 0x40, 0xd7, 0x50, 0xa6, 0x87, 0x16, 0x13, 0xbd, 0x57, 0xcf, 0xa1, 0x6c, 0x52, 0xe0, 0x48,
        0x53, 0x44, 0x72, 0x58, 0x28, 0x44, 0x35, 0xff, 0xc3, 0x70, 0xab, 0x51, 0xbd, 0xa5, 0xda, 0xb1,
        0xa6, 0x4e, 0xbb, 0x2d, 0xae, 0x20, 0x9e, 0x1e, 0xe7, 0x30, 0x13, 0x5c, 0x0f, 0x74, 0x21, 0x59,
        0xbf, 0xf5, 0x3f, 0xa2, 0x0c, 0x80, 0x2b, 0x06, 0x63, 0x68, 0x41, 0x20, 0x76, 0x21, 0x47, 0xa4,
        0x8a, 0x27, 0x7e, 0x5b, 0x17, 0xb5, 0xaa, 0x5a, 0x77, 0x70, 0xe4, 0xcd, 0xb5, 0x8e, 0xf2, 0x5e,
        0xcf, 0x6f, 0xa8, 0x29, 0x8a, 0x3e, 0xf3, 0x25, 0xb2, 0x16, 0xef, 0x4f, 0x9f, 0xed, 0x1e, 0x81,
        0x9e, 0xea, 0x7d, 0x76, 0x62, 0xa3, 0xd6, 0x8c, 0x58, 0x80, 0x61, 0x06, 0x86, 0x67, 0xac, 0xc0,
        0xd5, 0x37, 0xe4, 0x66, 0xa2, 0x9d, 0x44, 0x16, 0x99, 0x1a, 0xcc, 0x32, 0x19, 0x76, 0xb1, 0xb1,
        0x75, 0xc3, 0x9d, 0xc6, 0xc7, 0x41, 0x21, 0x18, 0xa5, 0xc2, 0xc5, 0x93, 0xf1, 0xc1, 0x34, 0x38,
        0xb1, 0x6f, 0xe9, 0x7a, 0x01, 0xe4, 0xcf, 0xa5, 0xaf, 0xaa, 0x6e, 0x59, 0x22, 0xc9, 0xa5, 0x71,
        0x81, 0x5c, 0xe7, 0xc7, 0x38, 0x5b, 0x4b, 0xbd, 0xa9, 0x4e, 0x7e, 0x50, 0xfe, 0x52, 0xe3, 0xfe,
        0x22, 0x72, 0xef, 0x9a, 0xdf, 0xcf, 0xd6, 0x7c, 0x06, 0xc8, 0x23, 0x18, 0x72, 0x4e, 0xdb, 0xeb,
        0xeb, 0xdd, 0xe4, 0x28, 0xc1, 0x7d, 0x9f, 0x92, 0xc8, 0x6f, 0xe5, 0x9a, 0x01, 0x07, 0x83, 0x84 },
      .exp      = {
        0x4d, 0x5f, 0xb2, 0x59, 0x9e, 0x0f, 0x73, 0x6b, 0xe4, 0xa2, 0x26, 0xfc, 0x96, 0x7a, 0xb3, 0x06,
        0xfe, 0x46, 0xde, 0xe9, 0x5a, 0x37, 0x45, 0xc8, 0xb1, 0x75, 0x74, 0x20, 0xa6, 0x89, 0x57, 0x63,
        0x66, 0x1c, 0x7e, 0x66, 0xc6, 0xd1, 0x24, 0xb6, 0x6b, 0x5a, 0x77, 0xc9, 0x8f, 0x00, 0xb6, 0x18,
        0x0b, 0x04, 0x46, 0x48, 0x02, 0xf5, 0xb2, 0xad, 0x7c, 0x7f, 0x74, 0xc5, 0xf0, 0xae, 0xfd, 0x3e,
        0xc3, 0xbb, 0xa1, 0x52, 0x3b, 0x58, 0xb2, 0x79, 0xff, 0x94, 0x61, 0x5c, 0xd2, 0x93, 0x59, 0xd3,
        0x9b, 0xb3, 0x62, 0x2b, 0x5c, 0xab, 0x05, 0x85, 0x84, 0x1d, 0x27, 0x2d, 0xe9, 0x47, 0x0d, 0xe1,
        0x7c, 0x7b, 0x03, 0x91, 0xc8, 0xbb, 0x35, 0x6a, 0x3d, 0x66, 0xf0, 0x80, 0x0d, 0xa5, 0x5c, 0x29,
        0x81, 0xee, 0x2d, 0xe1, 0x78, 0x76, 0x76, 0xa0, 0x69, 0xae, 0xdf, 0x7a, 0x1f, 0x6b, 0x1a, 0xb3,
        0xf7, 0x4c, 0xd7, 0x72, 0x23, 0x14, 0xf0, 0xf6, 0x26, 0x65, 0xe3, 0xe9, 0xf1, 0x7e, 0x13, 0xce,
        0x4a, 0x71, 0xd1, 0x4b, 0x8e, 0x30, 0x3d, 0x0c, 0x72, 0x3e, 0xc1, 0xaf, 0xfb, 0xaf, 0xda, 0x48,
        0xcd, 0x9e, 0x4a, 0x4e, 0x47, 0x0f, 0x1a, 0xa4, 0xf3, 0xde, 0x01, 0xdd, 0x4e, 0xca, 0x43, 0x6b,
        0xc9, 0x86, 0xf4, 0x91, 0xa5, 0x0c, 0x77, 0x29, 0xc5, 0x27, 0xa8, 0x52, 0x4f, 0x1a, 0x9a, 0x63,
        0xa6, 0x03, 0x63, 0xf7, 0x1d, 0xfa, 0x57, 0x13, 0x13, 0x73, 0xb8, 0xc9, 0xcf, 0x3e, 0x5c, 0xa6,
        0xba, 0xa4, 0xfb, 0x5f, 0xb6, 0x47, 0x98, 0x11, 0x53, 0x08, 0x1b, 0x4a, 0xe6, 0x0a, 0x14, 0xb6,
        0xc5, 0x09, 0x8c, 0x96, 0xcc, 0x44, 0xf7, 0x8f, 0xdd, 0xfb, 0xda, 0x99, 0xdd, 0x3c, 0x61, 0xcb,
        0x4d, 0xdd, 0xf7, 0xd3, 0x6a, 0x90, 0x73, 0x1b, 0x22, 0xb7, 0xb7, 0xf2, 0x78, 0x6b, 0xaa, 0x9e,
        0xe7, 0xdf, 0xce, 0x33, 0xf3, 0x97, 0xb3, 0x29, 0x29, 0x76, 0x6c, 0x5b, 0x6a, 0xd7, 0x0f, 0x6a,
        0x0b, 0x5f, 0x1f, 0x68, 0x35, 0x32, 0x84, 0xce, 0x6c, 0x12, 0x02, 0xf5, 0x8f, 0xef, 0x2e, 0xeb,
        0xe2, 0x0a, 0xed, 0x45, 0x22, 0x04, 0x9b, 0xd3, 0xec, 0x9b, 0x23, 0xcc, 0x24, 0x6c, 0xad, 0xa3,
        0x82, 0x57, 0x66, 0x80, 0x8b, 0xcb, 0xf7, 0x09, 0x9a, 0x2c, 0x82, 0xe4, 0x0e, 0xd0, 0xb2, 0xf4,
        0x75, 0xe0, 0x2f, 0x44, 0x35, 0x13, 0x0e, 0xa2, 0xed, 0x07, 0xa8, 0x8d, 0x17, 0xe6, 0x11, 0x8a,
        0x8b, 0x8b, 0x50, 0x26, 0x50, 0xcf, 0xe4, 0x33, 0x5c, 0x12, 0xef, 0xb0, 0xca, 0x01, 0x2b, 0x9d,
        0x29, 0x49, 0xb9, 0x5a, 0x9d, 0x6e, 0x9e, 0x5c, 0x38, 0xf4, 0x81, 0xc1, 0x91, 0x02, 0x63, 0x7b,
        0x1f, 0x8e, 0xc3, 0x64, 0x0f, 0xc2, 0x56, 0x4d, 0xf0, 0x6e, 0xd9, 0xfe, 0xbf, 0x36, 0xf2, 0x66,
        0x8e, 0xe0, 0x77, 0xff, 0x8e, 0x60, 0x8c, 0x87, 0x3a, 0x29, 0xeb, 0x65, 0x7b, 0x2b, 0xca, 0x2d,
        0x0e, 0x2b, 0x71, 0xab, 0xdc, 0x87, 0xc7, 0x0b, 0x4a, 0x7b, 0xb3, 0x7a, 0x6a, 0xe6, 0x94, 0x1d,
        0x8b, 0xca, 0xee, 0xeb, 0xdc, 0xf6, 0xf8, 0xfe, 0x54, 0x7e, 0xb1, 0x71, 0x99, 0x55, 0x19, 0xb9,
        0x41, 0x3e, 0xfa, 0x3c, 0x11, 0x4f, 0x81, 0x59, 0xf7, 0xda, 0xad, 0xd3, 0x23, 0xfc, 0x05, 0x12,
        0x25, 0x98, 0x55, 0x8f, 0x55, 0xcd, 0x92, 0x3f, 0xbb, 0xcd, 0xc9, 0x98, 0x91, 0x3e, 0x1a, 0x45,
        0xac, 0xca, 0x42, 0x15, 0x6b, 0xd6, 0x44, 0xf9, 0x9f, 0xc5, 0x72, 0x29, 0x55, 0x63, 0x46, 0xc1,
        0x39, 0xa3, 0x6e, 0xe8, 0x66, 0xec, 0xa3, 0xd4, 0xd0, 0x24, 0x4c, 0x89, 0x28, 0x76, 0x89, 0x5d,
        0x6b, 0xc1, 0xaa, 0x63, 0x88, 0x37, 0xa7, 0xf7, 0x74, 0x0f, 0xbf, 0x77, 0x06, 0xec, 0xda, 0xc8 },
      .mod      = {
        0xa1, 0xb9, 0x6d, 0xf3, 0x53, 0x70, 0xc4, 0x2d, 0x68, 0x5e, 0x3e, 0x91, 0xc0, 0x86, 0xa3, 0x49,
        0x6a, 0xd2, 0xd0, 0xed, 0x74, 0x4b, 0xd4, 0x27, 0xae, 0x0a, 0x26, 0xa2, 0x13, 0x47, 0x44, 0x45,
        0xda, 0x39, 0xcd, 0x41, 0xf0, 0xa0, 0xdb, 0xc4, 0x7f, 0x2e, 0xd1, 0x38, 0xe1, 0xe9, 0x18, 0x39,
        0xfc, 0x00, 0x06, 0xb0, 0x81, 0xa4, 0x83, 0xad, 0x4d, 0x53, 0x04, 0x86, 0xba, 0xad, 0xf4, 0x91,
        0xf2, 0x3f, 0xe2, 0x66, 0xc1, 0xd5, 0xdf, 0x33, 0xf9, 0x52, 0x5b, 0x76, 0xfe, 0xc3, 0xab, 0xc6,
        0xf1, 0x5d, 0xf1, 0xb1, 0x04, 0x10, 0xde, 0x59, 0x83, 0x3e, 0xed, 0x4d, 0x42, 0xb9, 0xab, 0x7b,
        0xef, 0xdf, 0x13, 0xf1, 0x9b, 0x04, 0xd9, 0x46, 0xc8, 0x25, 0x99, 0x51, 0x29, 0x6c, 0x61, 0xf3,
        0x4c, 0xe5, 0x2a, 0x6f, 0xb2, 0x4d, 0x77, 0x67, 0xd2, 0xe8, 0x9c, 0xa5, 0x01, 0x85, 0x7e, 0x0a,
        0x45, 0x52, 0x37, 0x7b, 0x6c, 0xe0, 0xd0, 0x3c, 0xc3, 0x42, 0x11, 0x65, 0x23, 0xc7, 0x28, 0x29,
        0xb6, 0x91, 0x55, 0xcd, 0x98, 0x4c, 0x1a, 0x6a, 0x64, 0xc5, 0x1e, 0xec, 0x82, 0x51, 0xe8, 0x65,
        0x77, 0xba, 0xbf, 0x7f, 0x79, 0x5b, 0x55, 0x3f, 0xc2, 0x16, 0x4f, 0x60, 0xec, 0xca, 0x9d, 0x4c,
        0x73, 0x40, 0xcb, 0x1d, 0x0b, 0x8a, 0x6e, 0x04, 0x54, 0xb1, 0xab, 0x3b, 0xc2, 0x4a, 0xf3, 0x74,
        0x00, 0xc8, 0x5a, 0xae, 0x5d, 0xbb, 0x4c, 0x2f, 0xa9, 0xf1, 0x01, 0xff, 0x74, 0xe9, 0x95, 0x1d,
        0x90, 0xaa, 0xc0, 0x56, 0x25, 0x2b, 0xc1, 0xd2, 0x77, 0xfb, 0x52, 0xa9, 0xeb, 0xa9, 0xa1, 0xe0,
        0x13, 0xb3, 0x4d, 0xdd, 0xf6, 0x9f, 0x19, 0x08, 0x10, 0xf5, 0xd6, 0x82, 0x97, 0x6b, 0xc0, 0xb7,
        0x13, 0x63, 0x48, 0x6a, 0xc9, 0xc1, 0x87, 0x4a, 0xe7, 0xb6, 0x42, 0x40, 0xd7, 0x94, 0x70, 0xa0,
        0x73, 0x3f, 0x19, 0x15, 0x6d, 0x60, 0xfe, 0x66, 0x01, 0x4d, 0x1a, 0x81, 0x56, 0xf7, 0xa0, 0x35,
        0xc0, 0xbc, 0xa9, 0xde, 0xdf, 0xd5, 0xed, 0xce, 0x28, 0xdf, 0xfb, 0x5d, 0x0b, 0x6e, 0x16, 0x7e,
        0x40, 0x83, 0x32, 0xdb, 0x5a, 0x18, 0x1f, 0x99, 0x3c, 0x03, 0x57, 0xcb, 0x89, 0x9c, 0x5a, 0x54,
        0x54, 0x81, 0xa0, 0xeb, 0x5f, 0xd2, 0xa7, 0x4a, 0x40, 0xdd, 0x62, 0x6c, 0x4a, 0x0f, 0xed, 0xda,
        0x5f, 0x13, 0x0d, 0x73, 0x45, 0xa1, 0x17, 0x2d, 0xa7, 0x2f, 0xf1, 0xa6, 0x2b, 0xf0, 0x7f, 0xe0,
        0x48, 0x58, 0x73, 0xdc, 0x32, 0x4b, 0x74, 0x4a, 0xb5, 0x04, 0xe4, 0x18, 0x5d, 0xca, 0xf4, 0x1f,
        0x0a, 0x91, 0x73, 0xcc, 0x69, 0xe3, 0x54, 0x07, 0x3d, 0x31, 0x38, 0x10, 0xa0, 0xd2, 0x08, 0xc7,
        0x90, 0x26, 0x3b, 0xac, 0x56, 0x8d, 0x10, 0xec, 0xed, 0x32, 0x69, 0x3a, 0x3b, 0x78, 0x05, 0x00,
        0x00, 0xaa, 0xde, 0x93, 0x43, 0x06, 0x9b, 0xb9, 0x48, 0x98, 0xf9, 0x0a, 0x5c, 0x6f, 0x46, 0xeb,
        0xe7, 0xf8, 0x20, 0x5e, 0x26, 0x9d, 0x48, 0x9b, 0x5d, 0xef, 0xaa, 0x24, 0x0a, 0x57, 0xd5, 0x7a,
        0x6e, 0x07, 0x60, 0xb8, 0x75, 0xe6, 0x1e, 0x5f, 0x4c, 0x3b, 0x82, 0xef, 0x4c, 0x49, 0xc1, 0x48,
        0xbd, 0xe4, 0xe2, 0x09, 0x95, 0x8b, 0xd1, 0xe8, 0x4d, 0xcc, 0x86, 0x9c, 0x01, 0x90, 0x75, 0x21,
        0x3c, 0x37, 0x29, 0x92, 0xaf, 0x14, 0x41, 0x4c, 0xfb, 0x16, 0x8d, 0xe2, 0xb1, 0x9d, 0x57, 0x0f,
        0x4f, 0x47, 0x34, 0x94, 0x76, 0xbc, 0x38, 0x68, 0xb2, 0x7c, 0x64, 0x55, 0xbf, 0x07, 0x8f, 0xf8,
        0x26, 0xa1, 0x0f, 0x5a, 0x32, 0x79, 0xe9, 0x4f, 0x76, 0xad, 0x9b, 0x75, 0x9a, 0x57, 0x43, 0x8a,
        0x8c, 0xc0, 0x9d, 0xea, 0xdd, 0xe4, 0x27, 0xbe, 0x19, 0xd1, 0x5f, 0xb1, 0x52, 0x3b, 0xe8, 0x4d },
      .expected = {
        0x26, 0x8f, 0x72, 0x77, 0x33, 0xff, 0xe5, 0x47, 0xef, 0x5f, 0xbb, 0x16, 0x1f, 0xe3, 0x23, 0x40,
        0x01, 0xfb, 0xf6, 0xfa, 0xad, 0x80, 0x58, 0x78, 0x3f, 0x8e, 0x24, 0x99, 0xce, 0xfa, 0xac, 0x64,
        0x63, 0x25, 0xb4, 0xe2, 0x49, 0xeb, 0xa6, 0x13, 0x9e, 0xa5, 0x7c, 0xea, 0xe3, 0x41, 0xc6, 0x97,
        0x34, 0x88, 0x5e, 0x98, 0xc5, 0xf0, 0xc4, 0x2e, 0x9b, 0x31, 0x2a, 0x5d, 0x0f, 0xbc, 0xbb, 0x1c,
        0xa0, 0x9f, 0x1e, 0x05, 0xca, 0xa4, 0x36, 0xec, 0x16, 0xbd, 0x40, 0xb1, 0xae, 0x88, 0x15, 0x57,
        0x39, 0xd8, 0x36, 0x81, 0x77, 0x9f, 0xdb, 0x79, 0x43, 0x05, 0x65, 0xbd, 0x78, 0xab, 0xc4, 0x08,
        0xe9, 0xf3, 0x2c, 0x4c, 0x55, 0xdf, 0x2b, 0x19, 0x54, 0xf3, 0xfa, 0x4b, 0x8c, 0x5e, 0x74, 0x08,
        0x9b, 0x62, 0xe7, 0x73, 0xd6, 0x89, 0xcd, 0xe0, 0x81, 0x97, 0x3c, 0x1f, 0xcd, 0xfd, 0x99, 0xd3,
        0x1a, 0xca, 0x83, 0x43, 0xd0, 0x63, 0x7e, 0x12, 0x72, 0x89, 0x93, 0x35, 0x53, 0x4a, 0x18, 0x44,
        0xe8, 0xb8, 0xa2, 0x58, 0x11, 0x6c, 0x7c, 0x6e, 0xa8, 0xeb, 0xc6, 0xee, 0x06, 0xd4, 0x64, 0xf0,
        0xe4, 0xf1, 0xb3, 0x1b, 0x1b, 0xab, 0x2e, 0xc9, 0x78, 0x85, 0x7b, 0x73, 0xae, 0xf2, 0xf4, 0x84,
        0xf3, 0x61, 0xa0, 0x79, 0x7d, 0x51, 0x60, 0xd7, 0xf8, 0x1d, 0x50, 0xa8, 0xf0, 0xee, 0xdb, 0xa2,
        0x32, 0x7a, 0x1a, 0xf6, 0x45, 0x82, 0x31, 0xf1, 0x7f, 0xda, 0x3b, 0x45, 0x41, 0x98, 0x5a, 0x8b,
        0x8d, 0x26, 0x6b, 0xdb, 0xd0, 0xbf, 0x9c, 0x84, 0xc8, 0xf4, 0x7e, 0xd4, 0x0e, 0x31, 0x77, 0x8c,
        0x39, 0xc2, 0xe4, 0xce, 0xe5, 0x0e, 0x7d, 0x25, 0x87, 0xc9, 0x4e, 0x81, 0xd6, 0x14, 0x60, 0xa8,
        0xd4, 0x8b, 0x81, 0x4c, 0x91, 0x75, 0x84, 0xc8, 0xf4, 0x5f, 0x79, 0x91, 0xf1, 0x0c, 0xb4, 0x1d,
        0x90, 0x4a, 0x69, 0xaa, 0xad, 0x31, 0x69, 0xc8, 0x8d, 0xfe, 0xd5, 0x05, 0x44, 0x0c, 0x61, 0x5c,
        0x3f, 0xbe, 0x32, 0xce, 0xa8, 0x7a, 0x24, 0xa0, 0x72, 0x9f, 0x3c, 0x48, 0x86, 0x54, 0x00, 0x5b,
        0x6a, 0xe6, 0x5c, 0xd5, 0xfc, 0x4e, 0x9e, 0xc5, 0xc1, 0xac, 0xc7, 0x45, 0x58, 0x76, 0xaa, 0x7f,
        0x32, 0x23, 0x88, 0x20, 0x9b, 0xdc, 0x3a, 0x65, 0x36, 0x5c, 0x9b, 0xea, 0xab, 0x96, 0x5a, 0x39,
        0xfe, 0x56, 0x54, 0x87, 0xad, 0x3e, 0x66, 0xdc, 0xfa, 0x41, 0x6c, 0x64, 0xeb, 0x16, 0x1c, 0xc3,
        0x9f, 0x62, 0x4c, 0x0f, 0xf1, 0xaf, 0x16, 0x6c, 0xd4, 0xf1, 0x32, 0x40, 0x3f, 0xce, 0x1e, 0xad,
        0xb3, 0xe5, 0xe5, 0x94, 0x20, 0x70, 0x7f, 0xbd, 0xf1, 0x1b, 0xa1, 0xa6, 0xba, 0x15, 0x6b, 0xf8,
        0xc9, 0x38, 0x2a, 0x2a, 0x9c, 0xb0, 0x54, 0x46, 0xba, 0x8b, 0x86, 0x78, 0xb4, 0xa0, 0xd5, 0x57,
        0x7c, 0x55, 0x8b, 0x2f, 0x46, 0x69, 0x67, 0xd1, 0xcf, 0x1c, 0xd2, 0xaa, 0x77, 0x43, 0x32, 0x4e,
        0x6e, 0x4f, 0x2c, 0x51, 0x07, 0x01, 0x8f, 0xe6, 0x5f, 0xb2, 0xf4, 0x2b, 0xae, 0x0b, 0xdf, 0x56,
        0x2c, 0xdd, 0xab, 0xdf, 0x85, 0x66, 0x8a, 0x78, 0x22, 0xe2, 0xdb, 0xbf, 0x40, 0xb5, 0x90, 0x33,
        0x89, 0xfe, 0x87, 0xa2, 0x10, 0x57, 0x99, 0x1e, 0x06, 0x50, 0x2e, 0xfc, 0xd8, 0x1d, 0xd6, 0x56,
        0x82, 0x32, 0x7b, 0xa2, 0x98, 0xb0, 0x7d, 0x02, 0xe0, 0xde, 0x80, 0x63, 0xfa, 0x63, 0xe2, 0x72,
        0xfc, 0x49, 0x43, 0x85, 0xd6, 0x09, 0x7d, 0xc5, 0x01, 0x03, 0x83, 0xff, 0xe1, 0xa7, 0x69, 0xc2,
        0xd9, 0x43, 0xc2, 0x8f, 0xba, 0x26, 0xb0, 0x1f, 0xdb, 0x25, 0xd7, 0x7a, 0x10, 0xbe, 0xbc, 0x89,
        0x6b, 0x15, 0x36, 0x0e, 0x08, 0xe8, 0x2e, 0xd7, 0x05, 0x4c, 0xb9, 0x7f, 0x19, 0xa9, 0xe1, 0xb6 } },
    /* random 4096-bit mod, full-width exp (b) */
    { .n_len = 512,
      .full_exp = true,
      .base     = {
        0xce, 0x64, 0x00, 0x77, 0x5d, 0x7f, 0xe2, 0x86, 0xb9, 0xdf, 0xaa, 0xec, 0x05, 0x7a, 0xdd, 0xe1,
        0x72, 0x2c, 0x59, 0xec, 0x7b, 0xdd, 0xbf, 0xd4, 0x2a, 0x7f, 0x15, 0xcf, 0x73, 0x7a, 0x1c, 0x82,
        0xb7, 0x33, 0x60, 0x64, 0x06, 0xdb, 0x85, 0x56, 0xa0, 0x71, 0xda, 0x75, 0xc6, 0x6b, 0xdd, 0xb7,
        0x41, 0xe0, 0x1f, 0x80, 0x31, 0xf6, 0x6d, 0x68, 0x31, 0xf7, 0xaa, 0x50, 0xed, 0x24, 0x6f, 0x8b,
        0xdd, 0x4d, 0xba, 0x73, 0xf0, 0x06, 0xa7, 0x1b, 0x11, 0xeb, 0x96, 0xcc, 0x58, 0x03, 0x9c, 0xd5,
        0xb9, 0xa9, 0x5b, 0x59, 0xd5, 0xb3, 0xc7, 0x47, 0x0b, 0x24, 0x4e, 0x66, 0x50, 0x36, 0x8b, 0x51,
        0x1b, 0x8c, 0x89, 0xb7, 0x0b, 0x09, 0x47, 0x65, 0xc6, 0x99, 0xe8, 0x5a, 0x15, 0xd6, 0xe5, 0x5f,
        0xf9, 0x25, 0x28, 0x49, 0x24, 0x16, 0x22, 0xe8, 0x26, 0x69, 0x2a, 0x1c, 0x39, 0xcd, 0xd1, 0x43,
        0xff, 0xda, 0xf6, 0x15, 0x7a, 0x51, 0x47, 0xf5, 0xe7, 0xbe, 0x11, 0x9f, 0x75, 0xd5, 0x72, 0x58,
        0x44, 0x4a, 0xd6, 0x89, 0x92, 0xc5, 0x09, 0xa8, 0x55, 0xe0, 0x08, 0xc1, 0x49, 0x3a, 0xa3, 0x2c,
        0x8d, 0x60, 0x6c, 0xef, 0x5a, 0x46, 0xf3, 0x4a, 0xdc, 0xf5, 0x37, 0x49, 0xee, 0xbc, 0xe6, 0x3e,
        0x07, 0x2b, 0x3a, 0x70, 0x7c, 0xbf, 0xa2, 0x9f, 0xd9, 0xb2, 0xfb, 0xe8, 0x5e, 0x60, 0x00, 0x34,
        0xd8, 0xaa, 0x5e, 0x13, 0x56, 0x5e, 0xbb, 0xf6, 0xd1, 0x66, 0x31, 0x8e, 0x9d, 0x05, 0x3b, 0xaa,
        0x1c, 0x9f, 0x15, 0xeb, 0x0c, 0x68, 0x35, 0x86, 0x25, 0xf2, 0x73, 0x40, 0x0d, 0x06, 0xb2, 0xc7,
        0x16, 0xee, 0x03, 0x45, 0xea, 0x01, 0xd4, 0xb0, 0x4f, 0x6a, 0x49, 0x0b, 0x92, 0x00, 0x3f, 0x73,
        0x4d, 0x2a, 0x38, 0x98, 0xd3, 0xf8, 0xd6, 0x2c, 0xe8, 0x7f, 0x46, 0xb3, 0x96, 0xef, 0x75, 0xbe,
        0x0d, 0x86, 0xc5, 0x68, 0xd7, 0x2f, 0x32, 0x93, 0x08, 0xde, 0xd0, 0xb9, 0x91, 0xaf, 0x9d, 0x33,
        0x69, 0xc5, 0x87, 0xef, 0x06, 0x70, 0xf1, 0x46, 0xe7, 0xc2, 0x52, 0x03, 0x7a, 0x5f, 0xd8, 0x4d,
        0x13, 0x75, 0xaf, 0x27, 0xaa, 0xb3, 0xf9, 0xe8, 0x88, 0xaa, 0x2c, 0xea, 0x7c, 0x11, 0x6d, 0xa9,
        0xf0, 0xad, 0xe0, 0xcc, 0x20, 0xca, 0xb0, 0x18, 0x12, 0x6e, 0x0d, 0xc1, 0xe9, 0x3e, 0xda, 0xf2,
        0x87, 0x6f, 0xd9, 0x20, 0x65, 0xc3, 0x53, 0x46, 0x71, 0x98, 0x18, 0x2e, 0x56, 0x34, 0x1f, 0x24,
        0xd5, 0x63, 0xfe, 0xaa, 0xff, 0xfa, 0xf3, 0x97, 0x78, 0x52, 0x7a, 0x8a, 0xd0, 0xc1, 0x13, 0x20,
        0xf3, 0x68, 0xf1, 0x1d, 0xd7, 0x8a, 0x66, 0xf1, 0xc9, 0x94, 0xda, 0x92, 0xab, 0x3d, 0xd0, 0xbd,
        0xb2, 0xbc, 0x83, 0xc0, 0x1b, 0x35, 0xd0, 0x0b, 0x3d, 0xe1, 0xe0, 0x94, 0xbd, 0xe5, 0x8a, 0x47,
        0xee, 0x6b, 0x14, 0xfb, 0xde, 0xed, 0xb3, 0x87, 0x50, 0xb1, 0xed, 0xfa, 0xe8, 0x88, 0x0d, 0xb4,
        0x1e, 0xde, 0x80, 0x4b, 0x0a, 0xd2, 0xfc, 0x01, 0x4b, 0xe7, 0xff, 0xc2, 0x77, 0x52, 0xa5, 0x2f,
        0x55, 0x9c, 0x19, 0x70, 0xe2, 0x6c, 0x64, 0x8c, 0x4b, 0x2c, 0x7e, 0x6b, 0xb1, 0x06, 0xe5, 0x98,
        0x27, 0x5e, 0x4c, 0xfc, 0x94, 0x5e, 0x08, 0xbf, 0xf4, 0x66, 0xcf, 0xae, 0x52, 0x25, 0x9a, 0xf0,
        0x22, 0x00, 0x74, 0xb9, 0x88, 0x39, 0x42, 0x15, 0x13, 0x63, 0xa0, 0x46, 0x57, 0x1b, 0x28, 0x20,
        0x15, 0xfc, 0xd1, 0xa6, 0xad, 0x7d, 0x9c, 0xd8, 0x91, 0x7b, 0xf5, 0x4d, 0x3b, 0x39, 0x9d, 0xd3,
        0x15, 0xb1, 0x3a, 0x22, 0xa5, 0x61, 0x15, 0x81, 0x34, 0x4c, 0xcd, 0xbe, 0xe3, 0xa7, 0x3f, 0xcc,
        0xcb, 0x57, 0x6c, 0x20, 0xc8, 0x36, 0x10, 0x9c, 0xf0, 0x4c, 0x37, 0x1b, 0xb3, 0x36, 0xf2, 0xbc },
      .exp      = {
        0x44, 0x55, 0x14, 0x51, 0xca, 0xbb, 0xae, 0x06, 0x2a, 0xe9, 0x19, 0x3c, 0x9c, 0x5b, 0xc8, 0x3e,
        0x49, 0x4c, 0xae, 0x67, 0x66, 0xc3, 0xc8, 0x57, 0x34, 0xce, 0x3d, 0x39, 0xeb, 0x09, 0x9c, 0x49,
        0x71, 0x0e, 0x1a, 0x11, 0xbb, 0x6c, 0x27, 0x69, 0x5d, 0xd6, 0xa2, 0x8f, 0xe3, 0x27, 0xdd, 0x4e,
        0x5a, 0xcb, 0x22, 0x3c, 0x02, 0x7c, 0x22, 0x9d, 0x12, 0xbf, 0xa6, 0xa4, 0x0c, 0x03, 0x32, 0x67,
        0xe2, 0x9a, 0x70, 0xcb, 0x60, 0xeb, 0x1f, 0x00, 0x7e, 0x35, 0xe6, 0xf6, 0x42, 0x53, 0xba, 0x6d,
        0x71, 0x00, 0x2e, 0x15, 0xfa, 0x34, 0x84, 0x72, 0xa8, 0x6c, 0x0d, 0xa6, 0xd6, 0xb0, 0xa4, 0x2d,
        0x97, 0xf6, 0x47, 0xab, 0xe1, 0x84, 0xa5, 0x3b, 0xa5, 0x16, 0xdf, 0xf6, 0x69, 0xcf, 0x4f, 0x46,
        0xd3, 0xaa, 0x50, 0xf7, 0x68, 0xbc, 0xb3, 0x7e, 0x8b, 0x91, 0x6a, 0x0d, 0x4b, 0xd8, 0x85, 0x34,
        0x83, 0xd6, 0x7d, 0x2c, 0x0e, 0x1e, 0x3c, 0x25, 0x8b, 0xbd, 0x87, 0x83, 0x81, 0xd8, 0x94, 0xc3,
        0x74, 0xe9, 0xa7, 0xfc, 0x79, 0xf9, 0x13, 0xcc, 0xd3, 0x39, 0x5a, 0x3b, 0x0d, 0xfe, 0x7b, 0xc2,
        0xa0, 0x55, 0xab, 0x4d, 0xaf, 0xa5, 0xe3, 0xb6, 0x90, 0x0d, 0x98, 0xfb, 0xc0, 0xe9, 0x49, 0xb2,
        0x54, 0xe1, 0x0d, 0x77, 0x11, 0xd5, 0xfe, 0x45, 0x85, 0xc1, 0x2f, 0x8d, 0x13, 0x8e, 0xc5, 0x93,
        0x0b, 0x19, 0x17, 0x06, 0x46, 0x6f, 0xc3, 0xf9, 0xeb, 0x7c, 0x77, 0x26, 0xdd, 0x7a, 0x78, 0xfd,
        0xde, 0x77, 0x77, 0x28, 0xe7, 0xe0, 0x52, 0x2a, 0xac, 0xbb, 0xa3, 0xa0, 0xea, 0xb1, 0xc7, 0x0a,
        0x3c, 0x2d, 0xc0, 0x33, 0x9f, 0x33, 0x9c, 0x64, 0x38, 0x69, 0xff, 0x1b, 0x75, 0xe0, 0x64, 0xc9,
        0x12, 0xf3, 0xbc, 0x0a, 0x44, 0xe1, 0x07, 0x0a, 0xea, 0xc2, 0x0a, 0xf5, 0x9c, 0x3e, 0x4f, 0x14,
        0xc8, 0xa9, 0x2a, 0xc5, 0x9c, 0x8a, 0x36, 0xa3, 0xed, 0x26, 0xda, 0x31, 0xbb, 0x13, 0xce, 0x92,
        0x97, 0x31, 0xa2, 0x56, 0x99, 0x2d, 0xdd, 0x73, 0x77, 0xb5, 0x23, 0x39, 0xa7, 0x19, 0x0e, 0x8c,
        0xb4, 0xf4, 0x5e, 0x61, 0x42, 0x62, 0x67, 0x97, 0x2a, 0xb0, 0x4d, 0x4d, 0x60, 0x99, 0xc6, 0x25,
        0x27, 0x8d, 0x10, 0x63, 0x37, 0x4d, 0x31, 0xe9, 0x92, 0xde, 0x9f, 0xc5, 0x65, 0x17, 0x30, 0x30,
        0xd5, 0x0b, 0xe6, 0x5a, 0xf5, 0xe5, 0x32, 0xf4, 0x7f, 0x55, 0x0a, 0x62, 0xf9, 0xa3, 0xd7, 0x7e,
        0x4a, 0x77, 0xc4, 0xee, 0xf2, 0x46, 0x6c, 0x29, 0x12, 0x69, 0x9f, 0x11, 0x60, 0x72, 0xfc, 0xa5,
        0xb8, 0xff, 0x85, 0xd9, 0x5d, 0x94, 0x2b, 0x2a, 0x71, 0x8d, 0x66, 0xe6, 0x92, 0x78, 0x0d, 0xc1,
        0xae, 0x15, 0x4d, 0xd4, 0x58, 0x51, 0x91, 0xdd, 0x11, 0x3e, 0xc2, 0xb1, 0x01, 0xee, 0xec, 0x76,
        0x29, 0xad, 0x81, 0x83, 0xcf, 0xef, 0xf4, 0x5d, 0x6c, 0x8f, 0xc4, 0xdf, 0x8a, 0x5c, 0xda, 0x7d,
        0xcb, 0xa2, 0x45, 0x04, 0x47, 0x1f, 0x12, 0xbe, 0xcb, 0x1e, 0x11, 0x45, 0x90, 0xde, 0x5c, 0x53,
        0xfc, 0x1d, 0x82, 0xe7, 0x64, 0x31, 0xb8, 0x30, 0x34, 0xa9, 0x5c, 0x2e, 0xeb, 0xe2, 0x55, 0x61,
        0xf6, 0x4b, 0x44, 0x0b, 0xf7, 0x93, 0xfe, 0x4b, 0x96, 0xa1, 0xf9, 0x5a, 0x2d, 0xef, 0xdc, 0x34,
        0xf3, 0xf7, 0x78, 0x82, 0x8c, 0x0b, 0xd2, 0x10, 0x58, 0x48, 0x99, 0xae, 0xa9, 0x51, 0xf9, 0xc7,
        0x02, 0xf1, 0x9a, 0x56, 0xe7, 0x70, 0x6f, 0x81, 0x63, 0x80, 0x3b, 0xdc, 0x12, 0x58, 0xfb, 0xa5,
        0x4c, 0x45, 0x23, 0xdf, 0xf1, 0x55, 0x6f, 0x4b, 0xfe, 0x4e, 0xbb, 0x48, 0xaf, 0x36, 0xc6, 0x53,
        0xab, 0x91, 0xb7, 0x9c, 0x82, 0x1e, 0xe6, 0x1e, 0x76, 0xf9, 0x81, 0x80, 0xd0, 0x32, 0xe8, 0x60 },
      .mod      = {
        0xf7, 0x4c, 0xf1, 0x57, 0x1f, 0xb9, 0x43, 0xeb, 0x8d, 0xe8, 0x44, 0x10, 0xee, 0xf7, 0xb1, 0x87,
        0x8d, 0x17, 0x83, 0xd2, 0xc7, 0xe7, 0x84, 0xde, 0xd7, 0x7e, 0x72, 0xfe, 0xfc, 0x63, 0x91, 0x4d,
        0xee, 0xe1, 0xc6, 0x72, 0x04, 0xbc, 0x9a, 0xe7, 0x72, 0x36, 0x6e, 0xe4, 0x13, 0xe3, 0x3d, 0x0d,
        0x93, 0xcc, 0xbe, 0x38, 0x55, 0x87, 0xc5, 0xee, 0x5f, 0x3b, 0x9a, 0x82, 0x32, 0x6f, 0x5c, 0x23,
        0x1f, 0xf7, 0x7a, 0x4e, 0x73, 0x56, 0x69, 0x92, 0x74, 0xd2, 0x66, 0xdf, 0xa5, 0xff, 0xad, 0x0c,
        0x45, 0xf5, 0x76, 0xa1, 0x90, 0x88, 0x9c, 0x17, 0x98, 0x93, 0x83, 0xe6, 0xa0, 0xb1, 0x74, 0xf5,
        0xfe, 0x80, 0x1e, 0xbc, 0xcc, 0xab, 0xf7, 0xc2, 0x02, 0xac, 0xf3, 0x5e, 0xcf, 0xd0, 0x3b, 0x6f,
        0xfb, 0x7b, 0x2a, 0xca, 0x89, 0x3c, 0x94, 0x47, 0x16, 0x59, 0xaf, 0xb6, 0xea, 0xbf, 0xe7, 0x61,
        0xd7, 0x58, 0xdd, 0x69, 0x62, 0xe9, 0xb8, 0x6a, 0x50, 0x3e, 0x3a, 0x19, 0x29, 0xc2, 0x9c, 0x87,
        0x67, 0x07, 0x71, 0xcb, 0x5d, 0xee, 0xe6, 0xe7, 0x27, 0xda, 0x52, 0xb8, 0x0f, 0xbb, 0x0b, 0x4a,
        0x7c, 0x75, 0xdc, 0x59, 0xef, 0x0a, 0xc4, 0x32, 0xf3, 0x02, 0xfe, 0xef, 0xbc, 0xed, 0xf2, 0x1d,
        0x27, 0xe1, 0xd9, 0xa5, 0x4c, 0x3b, 0x4e, 0x45, 0x38, 0x5d, 0xc4, 0xc7, 0x38, 0x82, 0x13, 0x48,
        0x45, 0xe2, 0x89, 0xb5, 0xc9, 0x69, 0x38, 0x99, 0xc1, 0x6b, 0xa7, 0xe9, 0xf4, 0x95, 0x11, 0x13,
        0xbc, 0x9d, 0x32, 0xf6, 0xcd, 0x1b, 0x8b, 0x34, 0x62, 0x10, 0x46, 0xf8, 0xf7, 0x97, 0x35, 0xbb,
        0x90, 0xd6, 0x68, 0x03, 0x1f, 0x1e, 0x83, 0x66, 0x73, 0xb8, 0xc1, 0x5c, 0x22, 0x63, 0x26, 0x3d,
        0x0e, 0xa8, 0xb2, 0x4e, 0x02, 0x09, 0x3c, 0xc5, 0xfd, 0xa8, 0x2d, 0x74, 0x02, 0x39, 0x5c, 0x3b,
        0x1e, 0x96, 0x4e, 0x3f, 0x63, 0xcf, 0xae, 0x8c, 0xe3, 0x8c, 0x1b, 0x6b, 0x54, 0x19, 0xc6, 0x43,
        0x2f, 0x82, 0x7b, 0x56, 0x68, 0x03, 0x7d, 0xda, 0x51, 0xf0, 0x9f, 0xf3, 0x4e, 0xdb, 0xe1, 0xa6,
        0x0b, 0xde, 0x70, 0xd2, 0xe5, 0x51, 0xde, 0x4a, 0xd0, 0x1c, 0x86, 0xae, 0x99, 0xc5, 0xba, 0x47,
        0x5a, 0x76, 0x9f, 0xf2, 0x29, 0x96, 0x10, 0x98, 0x77, 0x47, 0x2d, 0xbc, 0xd8, 0x2b, 0x92, 0xc0,
        0x15, 0x71, 0x19, 0xc4, 0x66, 0xff, 0xb2, 0x51, 0x6e, 0x4c, 0x2f, 0xe7, 0xba, 0x1a, 0xc4, 0xe4,
        0x85, 0xf7, 0xb2, 0xb5, 0x45, 0xda, 0xe8, 0x36, 0x75, 0x7b, 0x74, 0xa0, 0x73, 0x4b, 0xff, 0x97,
        0x6a, 0x23, 0x8b, 0x7c, 0xb0, 0x1c, 0xdc, 0xe2, 0x5e, 0x19, 0x87, 0xbd, 0x02, 0x04, 0xa3, 0xa2,
        0x58, 0x31, 0x64, 0x2f, 0x3c, 0xce, 0xc0, 0x2e, 0x12, 0x33, 0x66, 0x8b, 0x8e, 0xf9, 0x9b, 0x83,
        0x03, 0xa9, 0x44, 0xa5, 0xb0, 0xae, 0xa5, 0x40, 0xf4, 0x7c, 0xb5, 0x0a, 0xeb, 0x4d, 0x60, 0x96,
        0x5a, 0x26, 0xa4, 0x6a, 0x3b, 0x87, 0xee, 0xad, 0xfc, 0xc2, 0x00, 0xb0, 0x50, 0x7f, 0x03, 0xcf,
        0x5d, 0x30, 0x58, 0xa0, 0x51, 0x0c, 0xb9, 0x2e, 0xb6, 0xca, 0xa1, 0xe7, 0x87, 0x90, 0xa2, 0xd0,
        0xab, 0x09, 0x6e, 0x80, 0x71, 0x96, 0xc0, 0x5b, 0x20, 0x94, 0xa0, 0x00, 0xa2, 0xb7, 0x64, 0x8e,
        0x29, 0xe1, 0xca, 0x3a, 0x40, 0x44, 0xde, 0xe7, 0xf8, 0xc3, 0xa1, 0xcc, 0x19, 0xf2, 0xfa, 0xe0,
        0x22, 0x4c, 0x9a, 0xc1, 0x1f, 0x33, 0x48, 0x63, 0xcc, 0xcd, 0xc0, 0x4e, 0x52, 0xff, 0x14, 0x8f,
        0x81, 0xe3, 0x2d, 0x90, 0x49, 0x8f, 0x34, 0x72, 0x94, 0x37, 0x60, 0x54, 0x3c, 0x52, 0x20, 0xf3,
        0x09, 0xb7, 0xc8, 0x50, 0xbc, 0x43, 0x26, 0x0b, 0x38, 0x35, 0xb8, 0x55, 0xca, 0xf5, 0x3d, 0x11 },
      .expected = {
        0xd8, 0x93, 0x15, 0xd3, 0x8f, 0x7c, 0xd1, 0xdb, 0xae, 0x3f, 0x5b, 0x35, 0x92, 0xbd, 0xef, 0x91,
        0x29, 0xfc, 0x8c, 0x55, 0x71, 0x82, 0x83, 0x1d, 0x1b, 0xaf, 0x55, 0x0c, 0xca, 0x37, 0xb5, 0x9c,
        0xf0, 0xfe, 0xa3, 0xee, 0x89, 0x56, 0x38, 0xf9, 0x55, 0xa6, 0x2b, 0xc2, 0xc4, 0x9e, 0x48, 0x22,
        0xf9, 0xaa, 0xb7, 0x50, 0x7f, 0x65, 0xac, 0x7d, 0x95, 0xd9, 0x17, 0x09, 0x1d, 0x1b, 0x38, 0x2f,
        0xa4, 0x6c, 0x00, 0x3f, 0xea, 0x2c, 0xa4, 0xe1, 0xc5, 0xe0, 0x4c, 0x29, 0x79, 0xc9, 0xb7, 0xf8,
        0x4f, 0x43, 0x6e, 0xef, 0xdc, 0xc7, 0x7a, 0x49, 0x92, 0xf6, 0xb0, 0xa2, 0x1f, 0xc7, 0x8b, 0x75,
        0xcc, 0x4d, 0xef, 0x90, 0xa4, 0x8e, 0x39, 0x70, 0xa7, 0x0b, 0xa9, 0x9f, 0xa7, 0xa0, 0xcd, 0xba,
        0xd3, 0x37, 0xc4, 0x5a, 0x1a, 0xd9, 0x13, 0x38, 0xf7, 0x04, 0xc8, 0xcc, 0xce, 0x82, 0x92, 0x2d,
        0x82, 0xf0, 0x23, 0xa4, 0xf0, 0x02, 0xa9, 0xd7, 0x7d, 0xa7, 0x78, 0x49, 0x9f, 0x6a, 0xcc, 0x31,
        0x7f, 0xcf, 0x19, 0xb8, 0x38, 0x9e, 0x76, 0x28, 0xf3, 0xe4, 0x83, 0xb3, 0xb0, 0x33, 0xc6, 0xb2,
        0xb5, 0x1c, 0xef, 0x43, 0x8e, 0xb7, 0xb4, 0xb1, 0x8a, 0x23, 0xbf, 0xb0, 0x01, 0xdc, 0x1c, 0xe5,
        0x12, 0x0f, 0xa6, 0x69, 0xfa, 0xd0, 0x3a, 0xb5, 0x5c, 0xc2, 0x34, 0xe5, 0xf5, 0xa2, 0x75, 0x55,
        0x2e, 0x69, 0xc6, 0x8d, 0xb6, 0xd7, 0x7c, 0xac, 0x54, 0x20, 0x7c, 0x41, 0x53, 0xca, 0x64, 0x97,
        0x7c, 0xe6, 0x58, 0xbc, 0x76, 0x8d, 0xcd, 0xd0, 0x6d, 0xcd, 0xe6, 0xc5, 0x2a, 0x06, 0x86, 0x1c,
        0xdd, 0x47, 0x1a, 0xc7, 0x99, 0x93, 0x8d, 0xbb, 0xc0, 0x6a, 0xb4, 0x8d, 0xa1, 0x0a, 0xfd, 0xea,
        0x2c, 0x01, 0x30, 0x6d, 0x2d, 0xda, 0x84, 0xf7, 0xe4, 0x27, 0x73, 0x3d, 0xa8, 0x21, 0x30, 0x2a,
        0xd5, 0xab, 0xaa, 0x2d, 0x2e, 0x44, 0xfe, 0x9c, 0x8d, 0xa3, 0x3c, 0x4e, 0x05, 0xa4, 0x7e, 0xb3,
        0x68, 0xfc, 0x36, 0xa9, 0xcc, 0x44, 0xad, 0x07, 0x40, 0xad, 0xfa, 0x1d, 0x08, 0x37, 0x96, 0xc3,
        0x7c, 0xc5, 0x4c, 0xed, 0x39, 0x68, 0x06, 0xf3, 0x1a, 0x8d, 0x51, 0xe8, 0x8f, 0x8c, 0x30, 0x2a,
        0x83, 0xc8, 0x1d, 0x65, 0x49, 0x76, 0xae, 0x86, 0xc5, 0x78, 0x31, 0xcb, 0xaf, 0x8a, 0xdf, 0x1f,
        0xdf, 0xc6, 0x1a, 0x3d, 0x10, 0x5f, 0x7c, 0x6f, 0xe5, 0x62, 0x9c, 0x5f, 0xcc, 0xc3, 0xa3, 0x21,
        0x64, 0x6b, 0x01, 0x5a, 0x86, 0x10, 0x94, 0x3e, 0xbc, 0xde, 0x55, 0xe7, 0x1a, 0xd9, 0x86, 0x55,
        0x14, 0xf4, 0x8d, 0x66, 0xcc, 0x37, 0x15, 0x63, 0x32, 0x61, 0x45, 0xd4, 0x64, 0xd3, 0x86, 0x8f,
        0x34, 0x52, 0xf9, 0xb1, 0x87, 0x8f, 0x6f, 0xeb, 0x24, 0x7d, 0x3a, 0x9f, 0xcc, 0x72, 0x13, 0x08,
        0x55, 0x8b, 0x7e, 0x35, 0x3e, 0x6f, 0xc9, 0x5d, 0x02, 0xa5, 0xab, 0x59, 0xa3, 0xbf, 0x65, 0xd2,
        0x52, 0x81, 0x56, 0x02, 0x31, 0x03, 0x59, 0x1e, 0x53, 0xe7, 0x1a, 0x3a, 0x26, 0xf2, 0xfa, 0xd3,
        0xfa, 0x70, 0xcc, 0x42, 0xdc, 0x68, 0xc6, 0xd0, 0x4a, 0x94, 0xef, 0xb0, 0x5b, 0x96, 0x29, 0x3d,
        0xa1, 0xd3, 0x07, 0xf9, 0x5c, 0x51, 0xaa, 0x0d, 0xc8, 0xd6, 0x5d, 0x9d, 0x2f, 0xfb, 0x62, 0x2f,
        0x76, 0xc3, 0x6b, 0xa7, 0x7c, 0xb5, 0x29, 0xac, 0x84, 0x60, 0x1b, 0x9a, 0x91, 0xf0, 0xe7, 0xd7,
        0x55, 0x81, 0x89, 0xc7, 0x0a, 0x2e, 0x91, 0xf0, 0x42, 0x8b, 0x2b, 0x0c, 0x54, 0xc9, 0x5c, 0x10,
        0x2c, 0x96, 0xf0, 0xe1, 0xff, 0x1d, 0xab, 0x92, 0x84, 0xea, 0xfc, 0xd7, 0x93, 0x95, 0xfb, 0x35,
        0x9c, 0x65, 0xd2, 0xfc, 0xa2, 0x0a, 0xf0, 0xde, 0x1f, 0x70, 0x15, 0xe5, 0xa7, 0xac, 0xb3, 0xf2 } },
    /* random 4096-bit mod, full-width exp (c) */
    { .n_len = 512,
      .full_exp = true,
      .base     = {
        0x7f, 0x51, 0x47, 0x60, 0xcf, 0x4d, 0x11, 0x9b, 0x83, 0xb0, 0x0e, 0x73, 0x0b, 0x98, 0xb8, 0xee,
        0x39, 0x03, 0x23, 0x58, 0xe9, 0xfa, 0xbc, 0xf5, 0x2d, 0x55, 0xe6, 0x2f, 0xaf, 0x72, 0x8a, 0x0b,
        0x5d, 0x82, 0xc7, 0x64, 0x2d, 0x19, 0x66, 0x8d, 0xe7, 0xf7, 0x27, 0x6c, 0x33, 0xaa, 0xcc, 0x24,
        0x8f, 0xc0, 0xbe, 0xdf, 0x1b, 0xa0, 0x88, 0xf7, 0xa0, 0x07, 0x34, 0x51, 0xdc, 0x14, 0x74, 0x63,
        0xfb, 0x56, 0x8e, 0xee, 0x6a, 0x2d, 0x86, 0x00, 0xd9, 0x44, 0x43, 0x37, 0x26, 0x40, 0x38, 0x65,
        0x07, 0x66, 0x81, 0x87, 0xf1, 0x8f, 0x68, 0x65, 0x90, 0xd0, 0x34, 0x49, 0xbf, 0x94, 0x8d, 0xa7,
        0x63, 0x6a, 0x01, 0x0a, 0x5d, 0x58, 0x0b, 0x60, 0xe2, 0x2c, 0x81, 0x7e, 0xba, 0x56, 0x0c, 0x77,
        0xa9, 0x4f, 0x8c, 0x6c, 0x58, 0x75, 0x2e, 0x11, 0x21, 0x67, 0x3b, 0xb6, 0x03, 0xd5, 0x1a, 0x52,
        0xd6, 0x83, 0x31, 0x95, 0xeb, 0x61, 0x91, 0xbd, 0xe8, 0x43, 0xba, 0xaa, 0xc3, 0x45, 0x60, 0x6b,
        0x5b, 0x6d, 0x5f, 0x39, 0xa3, 0xdc, 0xd7, 0x0a, 0x6f, 0x49, 0x33, 0x76, 0xf7, 0x1e, 0x7c, 0xb8,
        0xdd, 0xa8, 0x5d, 0x86, 0x88, 0x3e, 0xe6, 0xda, 0x23, 0xa8, 0xfa, 0x4f, 0x2c, 0xab, 0x78, 0xd4,
        0x80, 0xc3, 0xa9, 0xa6, 0xb7, 0xab, 0x6f, 0x09, 0x1f, 0xfa, 0xdf, 0x59, 0x27, 0x89, 0x78, 0x1d,
        0xb0, 0x6c, 0x6d, 0x1f, 0x98, 0xec, 0x2d, 0x95, 0xf3, 0x38, 0x67, 0xb8, 0xc6, 0xce, 0x10, 0x2f,
        0xc6, 0xa1, 0xab, 0x13, 0x3b, 0x6a, 0x2b, 0x1c, 0x17, 0x35, 0x1c, 0x83, 0xe4, 0x3f, 0x9f, 0xc0,
        0xd0, 0x0e, 0x12, 0xe4, 0xc0, 0xd1, 0x99, 0x70, 0x98, 0xc6, 0x9c, 0x59, 0x6e, 0xbe, 0xc5, 0xa6,
        0x9c, 0xe4, 0x91, 0x34, 0x7e, 0xae, 0x32, 0xa0, 0x8d, 0xd4, 0x7e, 0xd4, 0x9e, 0x8a, 0xeb, 0xbd,
        0x45, 0xdd, 0x08, 0x08, 0xbd, 0xd7, 0x32, 0xb9, 0x11, 0x01, 0x46, 0x04, 0x62, 0xb0, 0xd6, 0xb0,
        0x9d, 0x8e, 0x86, 0xf7, 0x9d, 0xce, 0xc4, 0xbc, 0x8e, 0xc3, 0x63, 0x85, 0x51, 0x3e, 0xa7, 0xf9,
        0xba, 0xa8, 0xab, 0x3f, 0x4e, 0x87, 0x95, 0xb1, 0x6b, 0xfa, 0x07, 0x45, 0x38, 0x0d, 0xb4, 0xdf,
        0xda, 0xd6, 0x4d, 0x62, 0xce, 0xe6, 0x87, 0x28, 0xbb, 0x2b, 0x14, 0x86, 0xd7, 0xc9, 0x79, 0x9b,
        0x04, 0x70, 0xde, 0xc2, 0x0f, 0x27, 0x65, 0xd5, 0xa5, 0xbf, 0xe4, 0xba, 0x44, 0xe1, 0x7b, 0xb9,
        0x13, 0x04, 0xea, 0x31, 0x57, 0xe6, 0x6d, 0x10, 0xd3, 0x95, 0x94, 0xbe, 0xe4, 0x73, 0x82, 0x98,
        0xc8, 0xd7, 0x40, 0x5b, 0x0d, 0xbb, 0x0a, 0xd4, 0x32, 0x59, 0xe0, 0x52, 0xe6, 0x8a, 0x26, 0x85,
        0xd6, 0x35, 0x13, 0x27, 0x1f, 0x92, 0x1d, 0x1f, 0xaa, 0x57, 0xc5, 0x74, 0xaa, 0x74, 0x33, 0x71,
        0x2a, 0x61, 0xcd, 0x93, 0x86, 0x07, 0xf1, 0x57, 0x7e, 0xc1, 0xf2, 0x15, 0xe1, 0x6b, 0x90, 0x79,
        0x0c, 0xe4, 0x4a, 0xc3, 0x9d, 0xde, 0xb1, 0x51, 0x2c, 0x91, 0x85, 0x78, 0xd2, 0x2d, 0x0e, 0x15,
        0x38, 0x03, 0xde, 0xca, 0x68, 0xe7, 0xff, 0x3c, 0x47, 0x68, 0x18, 0x2b, 0x80, 0xd0, 0xa4, 0x0b,
        0x3a, 0x1a, 0x87, 0xee, 0x34, 0xb1, 0x25, 0xb8, 0xd7, 0x32, 0xa1, 0xde, 0xe4, 0x03, 0x6e, 0xf1,
        0xdd, 0x04, 0x21, 0x86, 0xb5, 0x4c, 0xf2, 0xc8, 0xd5, 0x72, 0xa4, 0x5d, 0x02, 0x34, 0x0d, 0xd9,
        0x9c, 0x7f, 0xbc, 0x85, 0x44, 0x2a, 0xfd, 0xdb, 0xdd, 0xe3, 0x5b, 0x3d, 0x46, 0xb5, 0xf4, 0x16,
        0x6b, 0xca, 0x03, 0xf5, 0x1c, 0xbd, 0xe1, 0xa9, 0xa6, 0xd0, 0x48, 0x7d, 0x77, 0x1c, 0x8b, 0xca,
        0x4e, 0x52, 0x41, 0xaf, 0xed, 0xfb, 0x52, 0x7d, 0x83, 0x5b, 0x52, 0xda, 0x8f, 0xba, 0xcb, 0x38 },
      .exp      = {
        0xb5, 0x1e, 0xfd, 0x17, 0xc6, 0x47, 0x5a, 0xba, 0x06, 0xb3, 0xcd, 0x90, 0x3c, 0x71, 0x53, 0x08,
        0x4a, 0xa5, 0x01, 0x17, 0x90, 0xdf, 0x85, 0xf6, 0x43, 0x6e, 0x34, 0x23, 0x2f, 0xfe, 0xf6, 0xd9,
        0x04, 0xea, 0xae, 0xb1, 0xbb, 0xb7, 0xd7, 0x94, 0x9e, 0x53, 0xd2, 0x85, 0x91, 0x6f, 0x32, 0xc9,
        0x64, 0x69, 0x35, 0xea, 0xa7, 0x01, 0x5d, 0x27, 0xd2, 0x84, 0x2f, 0x2b, 0xfe, 0x8b, 0x21, 0x82,
        0x5c, 0xa2, 0xc2, 0x77, 0xd6, 0x34, 0x95, 0x1b, 0x02, 0x90, 0xf9, 0x94, 0x3b, 0x13, 0xf1, 0x90,
        0x70, 0x96, 0x33, 0x33, 0x63, 0x3e, 0x6e, 0xa0, 0xbc, 0xc7, 0xca, 0x83, 0x6c, 0x61, 0x95, 0xef,
        0xba, 0x8f, 0x16, 0x24, 0xd0, 0xfd, 0x1d, 0x23, 0xd8, 0xe0, 0x95, 0x62, 0xab, 0xf8, 0x7b, 0xc2,
        0xb2, 0x1e, 0xd0, 0x61, 0x86, 0xcd, 0x7a, 0xd8, 0x50, 0x0f, 0x6b, 0x78, 0x4f, 0x2f, 0x35, 0xa0,
        0x95, 0x10, 0x31, 0x3d, 0xaf, 0x23, 0x1e, 0x47, 0xa4, 0xa4, 0x15, 0x1c, 0x5a, 0xfc, 0x45, 0x7b,
        0xa5, 0xe9, 0x9c, 0x54, 0x77, 0x61, 0x16, 0x0b, 0xb3, 0x1e, 0x93, 0x92, 0x15, 0x83, 0x45, 0xe4,
        0x50, 0x2e, 0xb6, 0x5c, 0xf8, 0x39, 0x90, 0x4f, 0xc2, 0x1b, 0xf7, 0x1c, 0x80, 0x84, 0x24, 0xd1,
        0xcc, 0x44, 0x41, 0x89, 0xb6, 0xc6, 0xbf, 0xe4, 0xe3, 0x4c, 0x9d, 0x1f, 0x29, 0xa2, 0xb5, 0x22,
        0xe0, 0xe1, 0x77, 0xc2, 0x19, 0x19, 0xba, 0xf0, 0x26, 0x8a, 0xbc, 0x9d, 0xd9, 0x16, 0x3c, 0x90,
        0x89, 0xbc, 0xff, 0xaa, 0xae, 0x75, 0x86, 0xe6, 0x2d, 0x82, 0xfa, 0xd8, 0x6a, 0x71, 0x4d, 0x5f,
        0x65, 0x10, 0xa6, 0x1e, 0x9c, 0xec, 0xa8, 0xf0, 0x28, 0xbe, 0xad, 0x3c, 0x4d, 0x2a, 0xf3, 0xe6,
        0xd3, 0xf5, 0xc8, 0xa1, 0x3f, 0xaf, 0x38, 0xdb, 0x03, 0x40, 0xb0, 0x05, 0x11, 0x5b, 0x83, 0xec,
        0x37, 0x58, 0xd4, 0xdf, 0xed, 0xea, 0xd4, 0x16, 0x91, 0x10, 0x3d, 0xce, 0x15, 0xef, 0xee, 0x7e,
        0xe1, 0x7b, 0xb0, 0x30, 0x6f, 0xa2, 0xec, 0x8e, 0x93, 0x6e, 0x79, 0x81, 0xb9, 0x4e, 0x18, 0x46,
        0x96, 0xa3, 0xba, 0xfa, 0x91, 0x5f, 0xab, 0xfa, 0xbd, 0x02, 0xc7, 0xfd, 0x62, 0x52, 0x7d, 0x6e,
        0xd7, 0x48, 0x67, 0xd2, 0xae, 0xd0, 0x09, 0x7b, 0x6e, 0x96, 0x99, 0x9e, 0xdc, 0x71, 0x4a, 0xc6,
        0x04, 0x11, 0xfa, 0x1b, 0xae, 0x77, 0x9f, 0xc4, 0xd9, 0x7b, 0x2b, 0x46, 0x64, 0xef, 0x5d, 0x8e,
        0xb1, 0xad, 0x1a, 0x3a, 0xc4, 0x02, 0x48, 0x90, 0xd2, 0xd2, 0xee, 0xf7, 0x86, 0xb8, 0x99, 0xa5,
        0xbc, 0xca, 0x4e, 0xb5, 0x12, 0x58, 0xbc, 0xab, 0x9a, 0x08, 0xc9, 0xeb, 0x4e, 0x61, 0x2f, 0xf3,
        0xa1, 0xaa, 0xbd, 0xa6, 0x61, 0x09, 0x6c, 0xb1, 0x70, 0x5c, 0xe8, 0xdd, 0xc5, 0x7a, 0x82, 0xfa,
        0x8e, 0x70, 0x6c, 0x9b, 0xc1, 0x3b, 0xd3, 0x13, 0x7c, 0xa3, 0x1c, 0x7c, 0x05, 0x9b, 0xc7, 0x3f,
        0x4c, 0xf5, 0xf9, 0x42, 0x8b, 0x9b, 0xde, 0x8d, 0x61, 0x21, 0x12, 0x48, 0x3c, 0xa6, 0xa2, 0x0a,
        0xba, 0x3d, 0xec, 0x6f, 0x6f, 0x7d, 0x1b, 0x93, 0x6a, 0x6e, 0x35, 0x45, 0xeb, 0xf8, 0xbe, 0x3d,
        0xd4, 0x81, 0x57, 0xea, 0xdd, 0xf0, 0xc3, 0x1b, 0xc0, 0x19, 0xd6, 0xfc, 0x5e, 0x9c, 0xf8, 0x94,
        0x6f, 0xae, 0x07, 0x67, 0xd8, 0x7c, 0x7c, 0x3e, 0x36, 0x8a, 0xb8, 0x21, 0xff, 0x0d, 0x1e, 0x19,
        0x23, 0x00, 0x1e, 0x29, 0x4c, 0x30, 0x38, 0x6b, 0xb8, 0x5a, 0x9a, 0x7d, 0x03, 0x20, 0x10, 0xb4,
        0x5c, 0x45, 0x0c, 0xb7, 0x5f, 0x49, 0x3f, 0xb9, 0x2f, 0x27, 0x66, 0x62, 0xed, 0x4c, 0x97, 0x06,
        0xee, 0x04, 0x09, 0xee, 0x78, 0xff, 0xb2, 0x3e, 0x04, 0xa1, 0x93, 0xa3, 0x8c, 0x9f, 0x05, 0x14 },
      .mod      = {
        0xbe, 0xbe, 0x1e, 0x34, 0x19, 0x92, 0x2a, 0xa1, 0x03, 0xcd, 0x53, 0xe9, 0x38, 0x93, 0x4d, 0x33,
        0x79, 0xf5, 0x62, 0xfb, 0x22, 0x66, 0x61, 0xa3, 0x99, 0xba, 0x7f, 0x11, 0x15, 0x4b, 0x6e, 0x9a,
        0xcd, 0xef, 0xc1, 0xc2, 0x15, 0xda, 0x77, 0xf1, 0x18, 0x5b, 0x0f, 0x97, 0x5f, 0xbd, 0xe2, 0x09,
        0x41, 0xb1, 0xfd, 0x28, 0xcc, 0xff, 0xb5, 0x1a, 0xea, 0x96, 0x3c, 0xfa, 0x33, 0xef, 0xca, 0xc3,
        0xc5, 0xeb, 0xc0, 0xdc, 0xde, 0x43, 0x43, 0x74, 0x2e, 0xc9, 0xd3, 0xdd, 0x45, 0x64, 0x0d, 0x59,
        0xe7, 0xfd, 0xab, 0x09, 0x4f, 0x51, 0xee, 0xc9, 0x88, 0x7c, 0xa1, 0xeb, 0xa2, 0xab, 0xf2, 0xd7,
        0x52, 0x48, 0x9d, 0xc4, 0x63, 0x82, 0xef, 0x25, 0xc6, 0x3f, 0x7a, 0x35, 0x8d, 0x19, 0x29, 0x05,
        0x84, 0xc2, 0xa2, 0x08, 0x2d, 0xf6, 0x49, 0xba, 0xa8, 0xf2, 0x10, 0xd8, 0x22, 0x65, 0x1d, 0xf3,
        0xab, 0xd4, 0xf9, 0xa4, 0x44, 0xb2, 0x3c, 0x6e, 0x34, 0x33, 0xdc, 0x74, 0xb2, 0x37, 0x15, 0x7c,
        0x6a, 0xe3, 0x69, 0xad, 0xf6, 0x19, 0xd1, 0x4f, 0x34, 0x86, 0xf3, 0x55, 0xd4, 0x25, 0x0b, 0x62,
        0xcb, 0x6d, 0x16, 0xf5, 0x09, 0x38, 0xd9, 0xbe, 0x7d, 0x5a, 0xb5, 0x2a, 0xb8, 0x75, 0xe4, 0x80,
        0x1e, 0x49, 0xdb, 0x1d, 0xdf, 0xc6, 0x31, 0x55, 0xf1, 0x93, 0xcb, 0x21, 0x05, 0xca, 0x59, 0x17,
        0xcd, 0x38, 0x17, 0xbf, 0x47, 0x81, 0x9d, 0x90, 0xce, 0x7f, 0x21, 0x9d, 0x1a, 0x9e, 0x05, 0xb0,
        0x48, 0xbc, 0x1c, 0x81, 0x4a, 0xbc, 0xf8, 0xa1, 0xe5, 0x29, 0x38, 0xad, 0x00, 0x1c, 0x57, 0x62,
        0x7f, 0x78, 0x2c, 0x50, 0x2c, 0x96, 0xc5, 0xf3, 0x26, 0xa9, 0xd5, 0x9c, 0x31, 0xec, 0x22, 0xdd,
        0x64, 0x89, 0xec, 0x08, 0xaf, 0x25, 0xf7, 0x49, 0x9b, 0xb2, 0xf2, 0xb1, 0x7b, 0xbb, 0x60, 0xac,
        0xbb, 0x56, 0xd9, 0x92, 0xa3, 0xe7, 0x17, 0x91, 0x6a, 0x69, 0x20, 0x90, 0xbe, 0xdb, 0x8d, 0x5f,
        0xc4, 0xcb, 0x2f, 0x5a, 0x41, 0xb5, 0x39, 0x29, 0x10, 0x7f, 0x6d, 0xe2, 0xf3, 0xc7, 0x5d, 0x86,
        0xf8, 0xb7, 0x14, 0xd2, 0xe9, 0xde, 0x32, 0x79, 0x7c, 0xe7, 0xa8, 0x7d, 0x2e, 0x55, 0x97, 0xce,
        0xbd, 0x5a, 0x07, 0x87, 0xb7, 0x3b, 0x6a, 0xbd, 0x36, 0x57, 0x83, 0xc7, 0x03, 0x8e, 0x89, 0x1f,
        0x34, 0x6e, 0xc7, 0x91, 0x57, 0x66, 0xc3, 0xde, 0x53, 0xaa, 0x74, 0xfb, 0x06, 0x65, 0x3f, 0x1b,
        0xb8, 0x23, 0xa3, 0x00, 0x51, 0x1e, 0x2d, 0xe4, 0x98, 0x58, 0xfd, 0x89, 0xa2, 0x75, 0x0b, 0x0c,
        0x05, 0x7d, 0xbe, 0x33, 0xc6, 0xce, 0xfe, 0xe7, 0xc5, 0xd2, 0xc6, 0xc8, 0x4f, 0xd5, 0x1a, 0xbc,
        0x60, 0xd0, 0x85, 0x57, 0xca, 0x68, 0xcd, 0x45, 0xca, 0xdb, 0xe8, 0xa8, 0x49, 0x2c, 0xc6, 0x36,
        0x94, 0xf4, 0x66, 0x32, 0x6e, 0xc1, 0x22, 0xac, 0x7f, 0x77, 0xec, 0x9d, 0x19, 0x47, 0xac, 0xfc,
        0x68, 0x96, 0xc8, 0x3a, 0x38, 0xe1, 0x20, 0x18, 0x57, 0x74, 0x4f, 0x10, 0x5b, 0xcf, 0x33, 0x1a,
        0xfe, 0xaa, 0x03, 0xdd, 0x0f, 0xa3, 0x32, 0xba, 0xf2, 0x23, 0x36, 0x26, 0x68, 0x02, 0xa7, 0xff,
        0x8c, 0xcc, 0xc3, 0x28, 0x76, 0xdf, 0x7a, 0xde, 0x07, 0x51, 0xa3, 0x90, 0xe7, 0x0e, 0xe0, 0x6a,
        0x80, 0x60, 0x11, 0x3f, 0xc9, 0x2a, 0xc9, 0xb5, 0x6d, 0xfc, 0x24, 0xad, 0xa2, 0xf6, 0x0f, 0x08,
        0x30, 0x83, 0xf0, 0xf4, 0x95, 0x52, 0x42, 0x22, 0xfd, 0x60, 0x83, 0x51, 0x98, 0xad, 0xd1, 0xda,
        0xef, 0x20, 0xe7, 0x81, 0x7d, 0x03, 0xb6, 0xae, 0xd1, 0x03, 0xd6, 0x2d, 0x07, 0x14, 0x82, 0x24,
        0x14, 0x53, 0xe1, 0xda, 0xd8, 0xc7, 0x56, 0xc2, 0x9c, 0xb6, 0x0b, 0xf3, 0x99, 0xad, 0x2b, 0x9f },
      .expected = {
        0xbd, 0xeb, 0x86, 0x5a, 0xed, 0x66, 0x8b, 0xb5, 0x00, 0xcc, 0xf2, 0xfd, 0x15, 0x03, 0xf0, 0xce,
        0xb6, 0xa5, 0x4a, 0xa9, 0x59, 0x2b, 0x35, 0xb5, 0x28, 0x08, 0xcf, 0xa3, 0xaf, 0x59, 0x40, 0x5c,
        0xe0, 0x0a, 0x82, 0x4e, 0x16, 0xa8, 0x7b, 0x16, 0x63, 0xcf, 0x12, 0x0d, 0xd5, 0xab, 0xfa, 0x11,
        0x8b, 0xa7, 0x26, 0x29, 0x99, 0x8b, 0x2a, 0x44, 0x47, 0x4b, 0x41, 0x72, 0xf9, 0x67, 0x74, 0x96,
        0xca, 0x7b, 0x68, 0x55, 0x82, 0xc5, 0x89, 0xf0, 0x99, 0xc0, 0xdd, 0xf5, 0x72, 0xc2, 0x84, 0x7b,
        0x37, 0x49, 0x69, 0xc2, 0xef, 0x2a, 0x6e, 0xea, 0x6b, 0x27, 0x53, 0xe4, 0xb7, 0xbc, 0x4e, 0x7f,
        0x21, 0x4c, 0x9f, 0x3d, 0x61, 0x92, 0xd3, 0xc9, 0xc7, 0x08, 0x3c, 0x7e, 0x0a, 0xb7, 0x70, 0x13,
        0x0f, 0xc9, 0x34, 0x04, 0xca, 0xc3, 0x11, 0x8e, 0x0f, 0x39, 0x83, 0x24, 0x25, 0x18, 0x90, 0x68,
        0x18, 0x2a, 0x41, 0x38, 0xe4, 0x75, 0x17, 0x7f, 0xea, 0x5f, 0x5c, 0x93, 0xb0, 0x74, 0xa7, 0x91,
        0x49, 0x90, 0x49, 0x96, 0xd1, 0xd2, 0xfa, 0xf2, 0x1c, 0xa3, 0xe1, 0x53, 0xe1, 0x1b, 0xde, 0x2d,
        0xc4, 0xbf, 0xa9, 0x9a, 0xfd, 0x0d, 0x2f, 0x77, 0x80, 0x04, 0x45, 0x79, 0x8e, 0x58, 0x62, 0x30,
        0xe0, 0x75, 0x76, 0xd3, 0x0a, 0x99, 0x72, 0xcf, 0xdc, 0xd4, 0xf7, 0x80, 0x05, 0xa5, 0x10, 0x6c,
        0x97, 0xd9, 0x58, 0x03, 0xaa, 0x15, 0x88, 0x9b, 0x53, 0x16, 0xbd, 0x67, 0xbc, 0x45, 0x8e, 0xad,
        0x98, 0xe8, 0x38, 0x05, 0xa3, 0x1b, 0x1b, 0x3b, 0x99, 0xa5, 0x83, 0x4c, 0x40, 0x23, 0x9d, 0x34,
        0xa3, 0xcd, 0x6e, 0xdd, 0x38, 0xaa, 0xff, 0x4a, 0x40, 0xc6, 0x49, 0x8b, 0xe0, 0x84, 0x77, 0xbd,
        0x6c, 0x6f, 0x7e, 0x91, 0xc1, 0x09, 0x81, 0xd4, 0x9e, 0xe4, 0x6d, 0x9a, 0x49, 0xa1, 0xa0, 0x3f,
        0x73, 0xb1, 0x11, 0x1e, 0x18, 0xec, 0x4c, 0xed, 0x12, 0xb6, 0x9a, 0x9b, 0x2d, 0xb5, 0x2e, 0x66,
        0x27, 0x83, 0xf3, 0xf8, 0x4a, 0xf8, 0x4f, 0x28, 0x49, 0x32, 0xdf, 0x36, 0x98, 0x83, 0xfb, 0x08,
        0x7f, 0x62, 0xd2, 0x76, 0x7c, 0x28, 0xe2, 0xaf, 0xaa, 0xd6, 0xe6, 0xe8, 0x8e, 0x9c, 0xdc, 0xf7,
        0xa6, 0x9e, 0x01, 0x11, 0x3c, 0xa4, 0x2b, 0xec, 0x92, 0xa1, 0xe5, 0x25, 0x18, 0xa1, 0x08, 0x25,
        0x8c, 0xab, 0x3b, 0x1e, 0x59, 0xb1, 0xb9, 0xa5, 0x94, 0xde, 0x5f, 0x6f, 0x0d, 0x0d, 0x24, 0x37,
        0xd4, 0x8f, 0x99, 0x25, 0x03, 0x26, 0x46, 0x32, 0xe7, 0x6e, 0xa8, 0x5e, 0xda, 0x2f, 0x4a, 0xfa,
        0xcd, 0x4d, 0xd8, 0x53, 0xe2, 0xee, 0xfa, 0xfc, 0xf1, 0x7f, 0x6f, 0xa7, 0x62, 0x6c, 0x29, 0x8e,
        0x86, 0x17, 0xe0, 0xba, 0xce, 0x7a, 0x08, 0x09, 0xf5, 0xea, 0xb4, 0x1c, 0xa5, 0x4a, 0x98, 0xf0,
        0xc1, 0x80, 0xb1, 0xf3, 0x78, 0x7f, 0x28, 0xc4, 0x08, 0xab, 0xb1, 0x4e, 0x11, 0xbe, 0x82, 0xea,
        0xd1, 0xdf, 0x54, 0x92, 0xaa, 0x8e, 0xee, 0x98, 0x2f, 0x70, 0xcf, 0x32, 0x03, 0x31, 0x3c, 0x41,
        0xea, 0xae, 0x0b, 0xf6, 0x28, 0x13, 0x76, 0xda, 0xd2, 0x59, 0x7e, 0x45, 0x39, 0xaa, 0x74, 0x73,
        0x9b, 0x1e, 0xf3, 0xa6, 0x63, 0x28, 0x75, 0x56, 0x74, 0x13, 0xd3, 0x72, 0x6d, 0x17, 0x3a, 0x94,
        0x83, 0x63, 0x67, 0xd5, 0xfd, 0xb1, 0x6b, 0xe5, 0x5e, 0x37, 0x04, 0x6a, 0xd8, 0x47, 0xae, 0x30,
        0x00, 0x0f, 0x3d, 0x28, 0x46, 0x2a, 0x1d, 0x7a, 0xd7, 0x36, 0x85, 0x2f, 0xfb, 0xc4, 0x50, 0xa2,
        0x01, 0x41, 0x3e, 0x72, 0x29, 0x1c, 0x1a, 0x4f, 0x4a, 0x00, 0xfc, 0x7b, 0x71, 0x82, 0x9e, 0x16,
        0x29, 0x51, 0xba, 0x49, 0x93, 0xa8, 0xd7, 0x8a, 0x3a, 0xd9, 0x5f, 0x2f, 0x83, 0xbc, 0x15, 0x44 } },
    /* random 4096-bit mod, full-width exp (d) */
    { .n_len = 512,
      .full_exp = true,
      .base     = {
        0x47, 0xcd, 0x8d, 0x8f, 0x6c, 0x43, 0xab, 0x83, 0x98, 0x1a, 0xb5, 0x23, 0x0e, 0x8f, 0xb2, 0x6e,
        0x7b, 0xf0, 0x56, 0x0c, 0x55, 0xda, 0x76, 0x05, 0x39, 0x76, 0x4e, 0x05, 0xf6, 0xf3, 0x65, 0xaf,
        0xbe, 0x56, 0x4b, 0x05, 0x29, 0xd6, 0xbf, 0x18, 0x5d, 0xf7, 0xb6, 0xe1, 0x4f, 0x3f, 0xf3, 0xe3,
        0x94, 0xe4, 0xef, 0x5f, 0x71, 0xa0, 0xb1, 0xe5, 0x6e, 0x3d, 0x74, 0x1e, 0x8d, 0x42, 0xd3, 0x78,
        0xb7, 0xc4, 0xe7, 0xfc, 0x36, 0xba, 0xea, 0x58, 0xcd, 0x18, 0x4f, 0xd9, 0x2a, 0x30, 0x7a, 0x22,
        0x60, 0xa3, 0xc3, 0xc5, 0xf7, 0x60, 0x8f, 0x1e, 0xcc, 0x7a, 0x69, 0xb3, 0x23, 0x8d, 0x43, 0x96,
        0x8e, 0xf9, 0xda, 0x66, 0x2d, 0x47, 0x39, 0x73, 0x18, 0x59, 0xd4, 0xae, 0x03, 0xe8, 0xd8, 0x18,
        0x7a, 0xb1, 0xd1, 0xe5, 0x24, 0xf2, 0x78, 0xb3, 0xab, 0xb1, 0x9b, 0x29, 0x2e, 0x3b, 0x7d, 0x56,
        0x14, 0x5b, 0xde, 0x7e, 0xb5, 0x04, 0x89, 0x4e, 0x6e, 0xd9, 0xd0, 0xd7, 0x83, 0x24, 0x0a, 0x76,
        0x63, 0x08, 0x6f, 0xaf, 0x06, 0xca, 0x67, 0x41, 0xb2, 0x77, 0x32, 0x71, 0x4f, 0xc8, 0xab, 0xc6,
        0x42, 0xc8, 0x06, 0x4b, 0x40, 0x13, 0x3e, 0xdf, 0x1a, 0x37, 0xfa, 0xa2, 0xdc, 0xd3, 0x76, 0x3a,
        0xea, 0xc8, 0x21, 0x50, 0xb1, 0x83, 0x4e, 0x61, 0xbf, 0xdd, 0x6c, 0x65, 0xa4, 0x31, 0x03, 0xb9,
        0x73, 0x79, 0xb4, 0x83, 0x30, 0x8e, 0x64, 0x7b, 0xca, 0x25, 0x1e, 0xf2, 0xc1, 0xe9, 0x50, 0x07,
        0x8c, 0x5e, 0xff, 0xc4, 0xe8, 0x82, 0x7e, 0x28, 0x2e, 0x43, 0x06, 0xac, 0xcb, 0x5f, 0xb8, 0x86,
        0xc0, 0xc5, 0x6b, 0xc1, 0x15, 0xaf, 0x23, 0xef, 0xe1, 0x26, 0x15, 0x2e, 0xf1, 0xde, 0xc6, 0x55,
        0x95, 0x3c, 0x2f, 0x96, 0x08, 0x63, 0x99, 0xb1, 0x94, 0x63, 0xf1, 0x25, 0x77, 0x3d, 0xb8, 0x83,
        0x16, 0x7a, 0x50, 0x43, 0x5c, 0x41, 0xbf, 0x40, 0x73, 0xed, 0x8f, 0x1b, 0xd3, 0xe9, 0x1f, 0x28,
        0x55, 0x48, 0x6d, 0x1e, 0xf1, 0x63, 0xbc, 0x65, 0x63, 0x72, 0x57, 0x97, 0xd0, 0xe1, 0xa5, 0x7d,
        0x05, 0xb1, 0x47, 0xe9, 0x70, 0x93, 0xe5, 0x8f, 0xee, 0xcc, 0x4e, 0xc2, 0x54, 0xb1, 0xc4, 0x03,
        0x19, 0x4d, 0x50, 0x22, 0xb5, 0xc5, 0x00, 0x48, 0x50, 0x64, 0x55, 0x11, 0x20, 0xc0, 0xe6, 0x08,
        0xe3, 0xad, 0x0e, 0x74, 0xb0, 0x1e, 0x48, 0x0f, 0x2a, 0x4d, 0xab, 0x6a, 0xd9, 0x69, 0xad, 0xa7,
        0xad, 0x6c, 0xe7, 0xfb, 0x39, 0xcf, 0x84, 0xe6, 0x7d, 0x39, 0xd8, 0xa3, 0x2f, 0x8e, 0xc3, 0xeb,
        0x3b, 0x24, 0x22, 0xec, 0xaa, 0x94, 0x68, 0x2e, 0xee, 0xab, 0xa5, 0xda, 0x4d, 0xc4, 0x4c, 0x3c,
        0x2a, 0x26, 0x8a, 0xc4, 0x04, 0x84, 0x2d, 0x3c, 0x4c, 0x9c, 0xcd, 0x5a, 0x68, 0x66, 0x6e, 0x56,
        0x97, 0x1b, 0x74, 0x4f, 0x40, 0x3f, 0x10, 0x44, 0xce, 0x3f, 0x04, 0x64, 0xae, 0xea, 0x6e, 0x75,
        0x16, 0x4b, 0x3e, 0x25, 0x1b, 0x6d, 0x40, 0x78, 0xd6, 0x12, 0xba, 0x32, 0x81, 0xba, 0xd5, 0x0e,
        0x03, 0x19, 0xd9, 0x81, 0x9d, 0x32, 0x98, 0x42, 0xdc, 0xb7, 0xc7, 0x3d, 0x3a, 0x54, 0xe6, 0x21,
        0x49, 0xec, 0xc3, 0x04, 0x1c, 0x2f, 0x20, 0x76, 0x59, 0x21, 0x6a, 0xdc, 0x02, 0x2b, 0x91, 0x4c,
        0xc9, 0xd1, 0xc6, 0xbe, 0xec, 0x13, 0x9d, 0xd9, 0xd6, 0xb2, 0x24, 0x0b, 0x12, 0xcf, 0x24, 0x6e,
        0x40, 0x73, 0x8d, 0x76, 0x43, 0x07, 0x45, 0x5a, 0x70, 0xf9, 0x03, 0x0b, 0x6e, 0xbb, 0xb3, 0x97,
        0x8b, 0x4c, 0x36, 0x87, 0xc0, 0x38, 0x6f, 0x90, 0x8b, 0xa4, 0xa2, 0xbb, 0xeb, 0x54, 0xa2, 0xe3,
        0x9c, 0xab, 0x7f, 0xa4, 0xa8, 0x8c, 0xd2, 0x7c, 0xec, 0x68, 0x69, 0x63, 0xef, 0xee, 0x45, 0x86 },
      .exp      = {
        0xcc, 0x26, 0xd4, 0xde, 0x02, 0x5c, 0x4c, 0x76, 0x3d, 0x31, 0x73, 0x73, 0x2e, 0x1b, 0xd3, 0x96,
        0x63, 0xd5, 0x3d, 0x99, 0xf6, 0x02, 0x7e, 0x62, 0xf2, 0x64, 0x71, 0xc4, 0xfb, 0x7f, 0x04, 0xc0,
        0xe9, 0x47, 0x44, 0x10, 0xe4, 0x14, 0xfa, 0xd4, 0x3d, 0xab, 0x22, 0x81, 0x87, 0x2d, 0xf4, 0x94,
        0x94, 0x90, 0x72, 0xbe, 0x81, 0x55, 0x1e, 0xa2, 0x8e, 0x6a, 0xee, 0xb2, 0xba, 0xac, 0x5f, 0x81,
        0x55, 0xd6, 0x2a, 0x6c, 0x2a, 0x07, 0x04, 0x5a, 0x20, 0x8a, 0xa8, 0x43, 0x52, 0xc8, 0xfc, 0x69,
        0xc5, 0x9d, 0xc4, 0x65, 0xa1, 0x85, 0xa8, 0xe3, 0x8c, 0x12, 0x40, 0x38, 0x87, 0x9a, 0x64, 0xbf,
        0x7e, 0xae, 0x87, 0xb7, 0x56, 0xd0, 0xbe, 0x80, 0x76, 0xf4, 0x4a, 0xd2, 0xed, 0x2f, 0xc0, 0x77,
        0x76, 0x6d, 0x1d, 0x73, 0x00, 0xeb, 0x04, 0xa5, 0x2a, 0xe3, 0xaa, 0xfd, 0xbd, 0x0a, 0x2a, 0x2b,
        0x03, 0x23, 0x2f, 0xea, 0xf7, 0x09, 0xe8, 0x33, 0xac, 0x6f, 0xd5, 0xc4, 0x51, 0xc0, 0x11, 0xd3,
        0x28, 0xa0, 0xba, 0x6a, 0x2b, 0x81, 0x96, 0xb9, 0xdd, 0x1f, 0x86, 0xed, 0x2d, 0x6b, 0xc1, 0x98,
        0x5c, 0x46, 0x5b, 0x5f, 0xe8, 0x30, 0x19, 0xe6, 0x65, 0x9a, 0xd5, 0x57, 0x79, 0x51, 0xa8, 0x1f,
        0x0b, 0x62, 0x1f, 0x1d, 0x0f, 0xf0, 0x41, 0x49, 0x8b, 0x18, 0xac, 0x11, 0x5c, 0x0d, 0x63, 0x4a,
        0xac, 0xb8, 0xfc, 0x5b, 0x60, 0xe6, 0xb3, 0x06, 0x09, 0x24, 0xcf, 0x1f, 0x1a, 0x74, 0x55, 0x07,
        0x96, 0xf0, 0xd4, 0x82, 0xe7, 0x43, 0xc9, 0x21, 0x56, 0x0d, 0x9a, 0x16, 0x04, 0x0a, 0x26, 0x6b,
        0x1d, 0xca, 0x27, 0xec, 0xe7, 0x53, 0xb7, 0x26, 0x51, 0x9b, 0x3a, 0x25, 0xf0, 0xe5, 0x52, 0xca,
        0x75, 0x77, 0x14, 0x0f, 0x67, 0x26, 0x44, 0xb7, 0xc6, 0x3e, 0x21, 0xb5, 0x0c, 0xd1, 0x12, 0xa5,
        0x25, 0xa7, 0x65, 0x65, 0xa6, 0xb9, 0xd7, 0x01, 0x0f, 0xc0, 0xed, 0xdf, 0x37, 0xca, 0xca, 0x03,
        0x4c, 0x67, 0xd2, 0x5f, 0xa4, 0x3f, 0xc4, 0x70, 0x2c, 0x96, 0xa1, 0x8f, 0xc5, 0xf4, 0xcb, 0xa9,
        0xa1, 0x67, 0xed, 0x2c, 0x22, 0x8d, 0x8a, 0x66, 0x92, 0xb2, 0x59, 0xd2, 0x0f, 0x29, 0x93, 0xef,
        0x22, 0x15, 0x69, 0x8f, 0xbe, 0x7b, 0xd0, 0x28, 0x73, 0x96, 0x4f, 0xac, 0xb1, 0xb2, 0xf9, 0xd0,
        0x95, 0x5b, 0x29, 0x4f, 0xa9, 0x00, 0x42, 0x90, 0xee, 0x8e, 0xad, 0xa5, 0x94, 0x9a, 0x4d, 0x14,
        0x15, 0xd2, 0x44, 0x15, 0x09, 0x8c, 0x39, 0x7f, 0xc4, 0x3c, 0x2e, 0x41, 0xb0, 0x97, 0xbc, 0xd4,
        0xab, 0xe2, 0xa0, 0xd1, 0x06, 0x50, 0xc9, 0xe3, 0x81, 0x6d, 0x1b, 0xcd, 0x3f, 0x08, 0x36, 0x0d,
        0xb8, 0xda, 0x46, 0xc8, 0xd5, 0x1f, 0x6b, 0xeb, 0x47, 0x1c, 0xe7, 0x03, 0xde, 0x87, 0xc5, 0xa1,
        0xf2, 0xc0, 0x53, 0x1f, 0x76, 0x42, 0xc6, 0x8a, 0x2c, 0x51, 0x87, 0x18, 0x0c, 0x76, 0x57, 0xbe,
        0xbb, 0x12, 0x4b, 0x4f, 0x55, 0xe0, 0x8b, 0x75, 0x75, 0x85, 0x46, 0xff, 0x36, 0x41, 0xca, 0xbd,
        0x90, 0x3f, 0xb0, 0x20, 0xce, 0xde, 0x76, 0xc5, 0x33, 0x28, 0xba, 0xa3, 0x0e, 0x65, 0x1c, 0xb8,
        0x30, 0x63, 0xbb, 0xb0, 0xd9, 0xa1, 0x63, 0xab, 0xf0, 0xa6, 0xde, 0xff, 0xa9, 0xa2, 0xbf, 0x8b,
        0xe0, 0x55, 0x90, 0xe9, 0xcc, 0x32, 0x06, 0x8f, 0xa3, 0x6c, 0x03, 0xff, 0x87, 0xc6, 0xdd, 0xd5,
        0x52, 0x85, 0x0f, 0x3f, 0x2a, 0xb6, 0xec, 0x72, 0x13, 0x04, 0x7a, 0xa4, 0x2e, 0x13, 0xc1, 0x57,
        0x43, 0x32, 0xc1, 0x09, 0xae, 0x7d, 0xa5, 0xb1, 0xb2, 0x2b, 0xda, 0x0d, 0xff, 0x58, 0x1e, 0x38,
        0x87, 0x60, 0xa6, 0xb3, 0xf1, 0x66, 0xe3, 0xe1, 0x3c, 0xd0, 0x4d, 0x9b, 0xb3, 0x2d, 0x2c, 0x7d },
      .mod      = {
        0xe8, 0xe4, 0xc9, 0x31, 0xa3, 0x6d, 0xf4, 0xb8, 0x06, 0x39, 0x04, 0xd9, 0xc5, 0xb3, 0x4a, 0xd5,
        0x32, 0xd8, 0x66, 0x08, 0x69, 0xb7, 0x2c, 0x9b, 0x4c, 0x62, 0x06, 0xe2, 0x2c, 0x8e, 0xb9, 0x7a,
        0x9f, 0x2d, 0xbc, 0x68, 0x1e, 0x18, 0xb9, 0xcb, 0x16, 0x10, 0x34, 0x90, 0x75, 0x6a, 0x68, 0x45,
        0xc6, 0x4b, 0xdb, 0x01, 0x03, 0x63, 0xb7, 0xa0, 0x5e, 0xb4, 0xe0, 0xab, 0xe9, 0xc1, 0x78, 0xda,
        0x70, 0xe2, 0xaa, 0xb0, 0x29, 0x0f, 0xdf, 0x0c, 0xcb, 0xad, 0xad, 0xde, 0x22, 0xf1, 0x95, 0x6e,
        0x88, 0x80, 0xa1, 0x91, 0x9a, 0x71, 0xc9, 0x24, 0x16, 0xc3, 0x6a, 0xd6, 0xf3, 0x27, 0x1c, 0x77,
        0xfd, 0x27, 0x55, 0x3d, 0x91, 0x9c, 0x3e, 0xfd, 0x7c, 0x15, 0xfe, 0xef, 0xa0, 0x00, 0x96, 0xc4,
        0x37, 0x29, 0xb2, 0x56, 0xfc, 0x61, 0x21, 0x1f, 0x2c, 0x25, 0xb2, 0xc9, 0xa1, 0xab, 0xc6, 0x7b,
        0x74, 0x88, 0x34, 0xf3, 0x36, 0x3e, 0xd5, 0xcd, 0xb1, 0x4c, 0x47, 0x68, 0xec, 0x6e, 0xd5, 0x42,
        0x23, 0x2f, 0x55, 0x07, 0x59, 0xea, 0xdc, 0xaf, 0x24, 0xcb, 0x99, 0x51, 0xbe, 0xb9, 0x1a, 0x2c,
        0xfd, 0xa8, 0x65, 0x1e, 0x33, 0xc7, 0x38, 0xd8, 0x88, 0x7b, 0x46, 0x23, 0xd5, 0xed, 0x5d, 0x8b,
        0xe7, 0x31, 0x83, 0x91, 0x29, 0x0c, 0x1c, 0x56, 0x36, 0xc5, 0xe0, 0x3f, 0xfc, 0xde, 0xa3, 0x30,
        0xb6, 0xdb, 0xcc, 0x3a, 0xa3, 0x60, 0xec, 0xeb, 0xff, 0x85, 0xc8, 0x4d, 0x0c, 0xae, 0x31, 0xa7,
        0x31, 0x46, 0x6e, 0x87, 0x28, 0x2a, 0x9a, 0x65, 0x1a, 0x01, 0xf3, 0x7d, 0xcd, 0xc1, 0xd1, 0xf0,
        0x70, 0x51, 0x0d, 0x67, 0x1a, 0xde, 0x3c, 0xb4, 0x43, 0x49, 0xe6, 0xb5, 0x51, 0x99, 0xc5, 0x30,
        0xd6, 0xaa, 0x41, 0xca, 0xdb, 0xbf, 0xf9, 0x10, 0xc5, 0x56, 0x24, 0x23, 0xb3, 0x9a, 0xed, 0xd6,
        0xac, 0x94, 0x93, 0x9b, 0xf9, 0x22, 0x3f, 0xf4, 0xd9, 0xce, 0x66, 0xe0, 0x1b, 0x05, 0x5c, 0xe5,
        0x6a, 0x0b, 0x4d, 0x59, 0x79, 0x74, 0xf0, 0x5c, 0x4c, 0x4e, 0x15, 0xaa, 0x42, 0xc0, 0x6a, 0xc6,
        0x40, 0xa5, 0x25, 0x31, 0x14, 0xcd, 0xfe, 0x03, 0x80, 0xe6, 0x82, 0xb1, 0xa0, 0x2c, 0x91, 0xc0,
        0x8a, 0xdc, 0xc5, 0x44, 0xcc, 0x27, 0x44, 0x1f, 0x80, 0x02, 0xcb, 0x8c, 0x37, 0x55, 0xf4, 0xbc,
        0x79, 0xfc, 0x43, 0xff, 0x4f, 0xcd, 0xc8, 0x10, 0x58, 0xfb, 0x68, 0x18, 0x97, 0x2c, 0xad, 0x26,
        0x6e, 0x64, 0x09, 0x24, 0xa8, 0x46, 0x70, 0x10, 0x7d, 0x8e, 0x07, 0x4b, 0xf9, 0xe5, 0xff, 0xe1,
        0x14, 0x68, 0xc7, 0x9d, 0x62, 0xab, 0x9c, 0x96, 0x5d, 0xba, 0x0a, 0xcb, 0x83, 0xaa, 0x88, 0xdb,
        0x6d, 0xc3, 0x88, 0x50, 0xb3, 0xab, 0x60, 0x86, 0x42, 0x19, 0xae, 0x0e, 0x9e, 0x38, 0x58, 0xc7,
        0x2e, 0xe7, 0x27, 0xb8, 0x37, 0x98, 0x82, 0xf9, 0x3b, 0x10, 0x7a, 0x41, 0x49, 0x8d, 0xae, 0x3f,
        0x4f, 0x45, 0xa5, 0x00, 0xf2, 0x03, 0x24, 0x8e, 0xfe, 0x83, 0xba, 0x8f, 0x34, 0xfd, 0xcd, 0xff,
        0x84, 0x06, 0x1b, 0xcd, 0x52, 0xb9, 0xbc, 0xc6, 0x0f, 0x19, 0x23, 0xcb, 0x50, 0xd7, 0x44, 0xb7,
        0x42, 0x90, 0x8a, 0xf2, 0x14, 0xd7, 0x7a, 0xca, 0xeb, 0x2e, 0x1f, 0x65, 0x80, 0x5a, 0xd7, 0x1d,
        0x63, 0xc3, 0xfd, 0xa4, 0x4f, 0x0f, 0x60, 0x8e, 0xa5, 0x00, 0xae, 0xc2, 0xfe, 0x34, 0x21, 0x66,
        0x48, 0x7f, 0x71, 0x2d, 0x03, 0xb8, 0xdc, 0x66, 0xd7, 0x0d, 0x06, 0x5f, 0x0d, 0x7a, 0xe4, 0x2a,
        0xc6, 0x9e, 0x54, 0xf2, 0x77, 0x40, 0x85, 0x24, 0xed, 0x66, 0x3f, 0xb4, 0x2e, 0xf9, 0xdd, 0x89,
        0xc7, 0x0a, 0xc1, 0x76, 0xa3, 0x9f, 0x70, 0x46, 0xaf, 0x95, 0xbd, 0x48, 0x47, 0xf9, 0xd6, 0x9b },
      .expected = {
        0x6e, 0xa2, 0xeb, 0x28, 0x94, 0xfa, 0xe6, 0x6a, 0xf0, 0x8b, 0x74, 0x30, 0xa3, 0x9f, 0xc5, 0xc7,
        0x02, 0xac, 0x97, 0x84, 0x08, 0x44, 0x72, 0x8f, 0x03, 0x9c, 0x4f, 0x29, 0xc7, 0x74, 0xf4, 0xb9,
        0x3a, 0x59, 0x18, 0xb1, 0x18, 0x78, 0x07, 0x31, 0xca, 0x73, 0x48, 0xbf, 0xa3, 0x54, 0x83, 0xc9,
        0x99, 0xba, 0xae, 0x2b, 0x60, 0x3f, 0xd7, 0xc7, 0x16, 0xfb, 0xdf, 0x97, 0x61, 0x50, 0x79, 0xbe,
        0x2c, 0xef, 0x42, 0x6b, 0xc7, 0xe8, 0xb8, 0x1a, 0xf2, 0xdb, 0xb2, 0x1e, 0x87, 0x93, 0x6e, 0xe8,
        0x06, 0x89, 0x5c, 0x36, 0x44, 0xef, 0x63, 0x03, 0xc1, 0x5c, 0x22, 0x3c, 0xc3, 0xb3, 0xac, 0x0d,
        0x7b, 0xa2, 0x0b, 0xf1, 0x62, 0x0a, 0x66, 0xec, 0xf6, 0x3d, 0x33, 0x63, 0x7d, 0x2f, 0x85, 0x75,
        0xaf, 0x87, 0x1c, 0x96, 0xdc, 0x8f, 0x00, 0x04, 0x90, 0xa1, 0x3d, 0x1c, 0xea, 0xa2, 0x84, 0xe0,
        0x6b, 0x96, 0x0a, 0xff, 0x13, 0x56, 0xde, 0x2c, 0x2b, 0x5d, 0xe1, 0x24, 0xec, 0x55, 0xb8, 0x2f,
        0x3a, 0xa5, 0x58, 0x11, 0xcc, 0x8c, 0x6d, 0xf1, 0xf7, 0x45, 0x60, 0x9e, 0x0f, 0xff, 0x73, 0x3b,
        0xf9, 0xe7, 0x66, 0x51, 0x25, 0x1b, 0x49, 0x40, 0xf2, 0x27, 0x71, 0x9d, 0x95, 0xf9, 0x34, 0xb9,
        0x61, 0x03, 0x93, 0xd1, 0x1c, 0xc1, 0xa2, 0x50, 0xbd, 0x0c, 0x64, 0xce, 0x96, 0xfd, 0x43, 0x98,
        0x48, 0x9d, 0x37, 0x03, 0xf7, 0x47, 0x61, 0x91, 0x89, 0x45, 0x21, 0xbf, 0xe8, 0x0a, 0x6e, 0xcf,
        0xc4, 0x88, 0xe5, 0xe6, 0xf4, 0x09, 0x7e, 0xaf, 0x2e, 0x74, 0x0f, 0xd2, 0xbc, 0x1f, 0x45, 0x05,
        0x08, 0x43, 0x76, 0x35, 0xc8, 0xfb, 0xcb, 0xa8, 0xaf, 0xa2, 0x1f, 0x5b, 0xc5, 0x00, 0x62, 0xf1,
        0xae, 0xba, 0xc5, 0x1e, 0xea, 0x02, 0x6f, 0xbe, 0xf6, 0xc4, 0xa3, 0xb1, 0xff, 0x12, 0x6f, 0x1d,
        0xe9, 0x28, 0x21, 0x0c, 0x1c, 0x3a, 0x60, 0x96, 0xad, 0xa5, 0xbf, 0x41, 0x26, 0x50, 0x84, 0x6f,
        0xd4, 0x15, 0xd8, 0xfd, 0xa8, 0x46, 0xc9, 0x1d, 0xd3, 0xb1, 0xfd, 0xb2, 0x6a, 0x67, 0x2a, 0x36,
        0x35, 0x10, 0x1d, 0x9e, 0x45, 0xb8, 0x1e, 0xbf, 0x20, 0x19, 0xfb, 0xb3, 0xdc, 0x78, 0x23, 0x26,
        0xa6, 0x65, 0xf6, 0x98, 0x2f, 0xab, 0x3e, 0x80, 0x66, 0x2b, 0xd8, 0x15, 0x8d, 0x5c, 0x78, 0xa8,
        0xb1, 0xef, 0x16, 0x98, 0xe0, 0x4c, 0x12, 0xcc, 0x2f, 0x21, 0xe1, 0x7d, 0x53, 0x01, 0x73, 0x68,
        0x6d, 0xf9, 0x16, 0xfc, 0x78, 0x07, 0x8e, 0x14, 0xd3, 0xb0, 0xdd, 0xb6, 0x89, 0x69, 0x19, 0x82,
        0x69, 0x98, 0x83, 0x70, 0xf5, 0xc5, 0xa2, 0x3c, 0xd4, 0x1c, 0x49, 0xd8, 0xee, 0xb1, 0x54, 0x19,
        0x7c, 0x97, 0x58, 0xd5, 0x10, 0xc8, 0x69, 0x46, 0x26, 0xc6, 0x27, 0x62, 0xd7, 0x92, 0xd3, 0x14,
        0xe1, 0x5a, 0x9a, 0x13, 0xfe, 0x23, 0xb4, 0x80, 0x7f, 0x78, 0x7d, 0xa9, 0xfb, 0x64, 0x83, 0x2a,
        0x14, 0x57, 0x6a, 0xdb, 0x9b, 0xfb, 0xd7, 0x2b, 0xf5, 0x93, 0xef, 0x27, 0x33, 0xbd, 0x39, 0x9b,
        0x9f, 0x6b, 0x66, 0xe7, 0xda, 0xe8, 0xd5, 0x2f, 0x02, 0x78, 0x36, 0x8a, 0x91, 0xbf, 0x07, 0xea,
        0x73, 0x65, 0x44, 0x03, 0x72, 0x61, 0x3b, 0x1e, 0x13, 0x47, 0x0d, 0x2b, 0x01, 0x98, 0xfc, 0xfd,
        0x37, 0x53, 0x01, 0x93, 0x99, 0xe1, 0x2d, 0x3f, 0xad, 0x50, 0x7e, 0xb4, 0xe1, 0xf3, 0x64, 0x9f,
        0x98, 0x52, 0x28, 0xf6, 0x8e, 0xe3, 0x7b, 0x51, 0xe3, 0x2c, 0x17, 0x2e, 0x9e, 0xf4, 0xfe, 0xf1,
        0xae, 0x8f, 0xcb, 0x00, 0x32, 0x36, 0x7d, 0xd6, 0x1b, 0x2b, 0x0f, 0xeb, 0xf6, 0xc7, 0x89, 0x4a,
        0xcc, 0x0a, 0x95, 0xdf, 0xeb, 0x5e, 0x85, 0x32, 0xfe, 0xe1, 0x66, 0xd9, 0x87, 0xa9, 0xaa, 0x60 } },
};

#define NUM_VECTORS (sizeof(vectors) / sizeof(vectors[0]))

static void print_result(const char *label, bool pass)
{
    printf("%-38s %s\n", label, pass ? "PASS" : "FAIL");
}

/* Returns true on pass, false on fail.
 * Returns true and prints a skip notice if the vector requires Form 2
 * but POWMOD_FORM2 is not defined -- skipped vectors do not affect scoring. */
static bool run_vector(const powmod_vec_t *v)
{
    uint8_t result[MAXN];

#ifdef POWMOD_FORM2
    powmod(result, v->exp, v->n_len, v->base, v->mod, v->n_len);
#else
    if (v->full_exp) {
        printf("(skipped - Form 2 only)\n");
        return true;
    }
    /* Form 1: reconstruct u24 from the last 3 bytes of the stored exp buffer.
     * All 24-bit exponents are stored big-endian with leading zeros, so this
     * always recovers the exact value that was generated. */
    uint32_t e = ((uint32_t)v->exp[v->n_len - 3] << 16) |
                 ((uint32_t)v->exp[v->n_len - 2] <<  8) |
                  (uint32_t)v->exp[v->n_len - 1];
    powmod(result, e, v->base, v->mod, v->n_len);
#endif

    return memcmp(result, v->expected, v->n_len) == 0;
}

/* =========================================================================
 * Timing
 * ========================================================================= */

#define TIMING_SAMPLES 16

typedef struct {
    clock_t avg;
    clock_t max_delta_pct;
} op_timing_t;

static op_timing_t measure_op(clock_t samples[], int n)
{
    op_timing_t r = {0, 0};
    if (n == 0) return r;
    clock_t sum = 0;
    for (int i = 0; i < n; i++) sum += samples[i];
    r.avg = sum / n;
    clock_t max_delta = 0;
    for (int i = 0; i < n; i++) {
        clock_t d = samples[i] > r.avg ? samples[i] - r.avg : r.avg - samples[i];
        if (d > max_delta) max_delta = d;
    }
    r.max_delta_pct = r.avg ? (max_delta * 100) / r.avg : 0;
    return r;
}

static void fill_random(uint8_t *buf, size_t len)
{
    for (size_t i = 0; i < len; i++)
        buf[i] = (uint8_t)(rand() & 0xFF);
}

/* Time powmod at a specific modulus size using random inputs each sample. */
static op_timing_t time_at_size(uint16_t n_len)
{
    clock_t samples[TIMING_SAMPLES];
    uint8_t base[MAXN], mod[MAXN], result[MAXN];
	uint24_t exp;
    clock_t s, e;

    for (int i = 0; i < TIMING_SAMPLES; i++) {
        fill_random(base, n_len);
        fill_random((uint8_t*)&exp,  3);
        fill_random(mod,  n_len);
        /* ensure odd modulus with MSB set so it's a proper n_len-byte value */
        mod[0]         |= 0x80;
        mod[n_len - 1] |= 0x01;
        /* reduce base below mod naively: just clear high bits if needed */
        base[0] &= 0x7f;

        s = clock(); powmod(result, exp, base, mod, n_len); e = clock();
        samples[i] = e - s;
    }
    return measure_op(samples, TIMING_SAMPLES);
}

/* =========================================================================
 * Main
 * ========================================================================= */

int main(void)
{
    bool all = true;
    bool r;
    unsigned int i;

    os_ClrHome();
    printf("powmod contest\n");
    printf("==============\n\n");

    printf("[Edge cases]\n");
    for (i = 0; i < 5; i++) {
        r = run_vector(&vectors[i]);
        all &= r;
        print_result(/* label embedded in struct not available, use index */
            i == 0 ? "base=0 => 0" :
            i == 1 ? "base=1 => 1" :
            i == 2 ? "exp=1  => base" :
            i == 3 ? "base=n-1" :
                     "exp=0  => 1", r);
    }

    os_GetKey();
    os_ClrHome();
    printf("[Random vectors]\n");
    for (i = 5; i < NUM_VECTORS; i++) {
        char label[40];
        printf("vec %2u (n=%4u): ", i - 4, vectors[i].n_len * 8);
        r = run_vector(&vectors[i]);
        all &= r;
        printf("%s\n", r ? "PASS" : "FAIL");
        (void)label;
    }

    os_GetKey();
    os_ClrHome();
    printf("Overall: %s\n\n", all ? "ALL PASS" : "FAILURES PRESENT");

    if (all) {
        srand((unsigned int)clock());
        op_timing_t t2048, t3072, t4096;
        printf("Timing (n=%d samples each)\n", TIMING_SAMPLES);
        printf("%-10s %10s  %s\n", "Mod bits", "Avg cyc", "Max delta%%");

        t2048 = time_at_size(256);
        printf("%-10s %10lu  %lu%%\n", "2048", (unsigned long)t2048.avg, (unsigned long)t2048.max_delta_pct);

        t3072 = time_at_size(384);
        printf("%-10s %10lu  %lu%%\n", "3072", (unsigned long)t3072.avg, (unsigned long)t3072.max_delta_pct);

        t4096 = time_at_size(512);
        printf("%-10s %10lu  %lu%%\n", "4096", (unsigned long)t4096.avg, (unsigned long)t4096.max_delta_pct);
    }

    os_GetKey();
    return 0;
}

